id,name
http://www_wikidata_org/entity/Q1000118,Peter Pettigrew
http://www_wikidata_org/entity/Q100155230,Nolina Amundsen
http://www_wikidata_org/entity/Q100155256,Beda
http://www_wikidata_org/entity/Q100155267,Kapten
http://www_wikidata_org/entity/Q100155312,Jan
http://www_wikidata_org/entity/Q100155321,Sandra Nådensjö
http://www_wikidata_org/entity/Q100166254,Mona
http://www_wikidata_org/entity/Q100166294,Sara
http://www_wikidata_org/entity/Q100229216,Landru
http://www_wikidata_org/entity/Q100254967,Anivia
http://www_wikidata_org/entity/Q100255051,Ornn
http://www_wikidata_org/entity/Q100264581,Dask
http://www_wikidata_org/entity/Q100264583,Kala
http://www_wikidata_org/entity/Q100264585,Zak
http://www_wikidata_org/entity/Q100268847,Midknight Avenger
http://www_wikidata_org/entity/Q100269268,Bookwurm
http://www_wikidata_org/entity/Q100272991,AG Parr
http://www_wikidata_org/entity/Q1004568,Human Torch
http://www_wikidata_org/entity/Q100521965,Q100521965
http://www_wikidata_org/entity/Q100742551,Lage Aschberg
http://www_wikidata_org/entity/Q100875966,little boy
http://www_wikidata_org/entity/Q100877297,Småtting
http://www_wikidata_org/entity/Q100891293,Shizuka Nokonome
http://www_wikidata_org/entity/Q101002764,Goopy GilsCarbo
http://www_wikidata_org/entity/Q101069011,Countess Helena Andrenyi
http://www_wikidata_org/entity/Q101075208,Ida Svensson
http://www_wikidata_org/entity/Q101444654,Sven Bolund
http://www_wikidata_org/entity/Q101541460,Gretgen
http://www_wikidata_org/entity/Q101555542,Doktor Dum
http://www_wikidata_org/entity/Q1015996,GN-001 Gundam Exia
http://www_wikidata_org/entity/Q1016063,Fu Niu Lele
http://www_wikidata_org/entity/Q101706917,Jabez Stone
http://www_wikidata_org/entity/Q101710933,Dan'l Webster
http://www_wikidata_org/entity/Q101809273,Arkady Nikolayevitch Kirsanov
http://www_wikidata_org/entity/Q1018962,Marach
http://www_wikidata_org/entity/Q102178850,Haruhime Sanjōno
http://www_wikidata_org/entity/Q102181757,Naaza Erisuis
http://www_wikidata_org/entity/Q102186480,Aisha Belka
http://www_wikidata_org/entity/Q102186969,Ishtar
http://www_wikidata_org/entity/Q102196308,Eina Tulle
http://www_wikidata_org/entity/Q102197269,Gros
http://www_wikidata_org/entity/Q102197271,Ray
http://www_wikidata_org/entity/Q102197464,Dix Perdix
http://www_wikidata_org/entity/Q102200270,Lena Tally
http://www_wikidata_org/entity/Q102201801,Zanis Lustra
http://www_wikidata_org/entity/Q102297961,Ged Raish
http://www_wikidata_org/entity/Q102300218,Roger
http://www_wikidata_org/entity/Q102300466,Graballa the Hutt
http://www_wikidata_org/entity/Q102306894,Bom Cornwall
http://www_wikidata_org/entity/Q102345536,Ovan
http://www_wikidata_org/entity/Q102356073,Dino
http://www_wikidata_org/entity/Q102381105,I_ P_ Freely
http://www_wikidata_org/entity/Q102412251,Roswaal L Mathers
http://www_wikidata_org/entity/Q102412376,Petra Leyte
http://www_wikidata_org/entity/Q102414356,Ferris
http://www_wikidata_org/entity/Q102417479,Satella
http://www_wikidata_org/entity/Q102422004,Ryuzu Meyer
http://www_wikidata_org/entity/Q102422386,Garfiel Tinsel
http://www_wikidata_org/entity/Q102422874,Typhon
http://www_wikidata_org/entity/Q102440906,Dracula
http://www_wikidata_org/entity/Q102440966,Frankenstein's Monster
http://www_wikidata_org/entity/Q102549940,Catharine Glover
http://www_wikidata_org/entity/Q10264763,You Erjie
http://www_wikidata_org/entity/Q10264933,Demelza Robins
http://www_wikidata_org/entity/Q10266348,Dilys Derwent
http://www_wikidata_org/entity/Q10266480,Q10266480
http://www_wikidata_org/entity/Q10266493,Earl Sinclair
http://www_wikidata_org/entity/Q10267681,Q10267681
http://www_wikidata_org/entity/Q10267855,Dogão
http://www_wikidata_org/entity/Q10269126,Q10269126
http://www_wikidata_org/entity/Q10269234,Damocles Rowle
http://www_wikidata_org/entity/Q10271791,Elfwine
http://www_wikidata_org/entity/Q10272595,Emília
http://www_wikidata_org/entity/Q1027770,Gowron
http://www_wikidata_org/entity/Q102822833,Amelia Earhart
http://www_wikidata_org/entity/Q102824937,"Ferdinand, Count Fathom"
http://www_wikidata_org/entity/Q1028318,Mrs_ Grundy
http://www_wikidata_org/entity/Q1028571,Kamoebas
http://www_wikidata_org/entity/Q10289457,Gibbon
http://www_wikidata_org/entity/Q10291501,Gregor Tropnow
http://www_wikidata_org/entity/Q10292656,Gwenog Jones
http://www_wikidata_org/entity/Q10293049,Guri
http://www_wikidata_org/entity/Q10294096,Hazel Levesque
http://www_wikidata_org/entity/Q10299244,Hokey
http://www_wikidata_org/entity/Q10300313,Wenguan
http://www_wikidata_org/entity/Q103057322,Q103057322
http://www_wikidata_org/entity/Q10306576,Q10306576
http://www_wikidata_org/entity/Q10312666,Jub Jub
http://www_wikidata_org/entity/Q10312686,Jack Sloper
http://www_wikidata_org/entity/Q10314198,Kennilworthy Whisp
http://www_wikidata_org/entity/Q10316558,Laurelin
http://www_wikidata_org/entity/Q10325409,Marcus Belby
http://www_wikidata_org/entity/Q1032885,Haldir
http://www_wikidata_org/entity/Q10339742,Rival
http://www_wikidata_org/entity/Q10340744,"Olly, Sid and Millie"
http://www_wikidata_org/entity/Q10346024,Mata Harrier
http://www_wikidata_org/entity/Q10346190,Daphne Duck
http://www_wikidata_org/entity/Q10347831,Q10347831
http://www_wikidata_org/entity/Q10348402,Penelope Clearwater
http://www_wikidata_org/entity/Q10355033,Prince Escamado
http://www_wikidata_org/entity/Q10355035,Half-blood Prince
http://www_wikidata_org/entity/Q10356877,Rachel Elizabeth Dare
http://www_wikidata_org/entity/Q10364010,Roger Davies
http://www_wikidata_org/entity/Q10364177,Rolf Scamander
http://www_wikidata_org/entity/Q1036543,Himura Kenshin
http://www_wikidata_org/entity/Q1036654,Wu Anguo
http://www_wikidata_org/entity/Q10369818,Selwyn
http://www_wikidata_org/entity/Q103743050,Q103743050
http://www_wikidata_org/entity/Q10376678,TC-fourteen
http://www_wikidata_org/entity/Q10379325,Telperion
http://www_wikidata_org/entity/Q10380489,Terry Boot
http://www_wikidata_org/entity/Q10382224,Thorfinn Rowle
http://www_wikidata_org/entity/Q10384873,Tristan Thorn
http://www_wikidata_org/entity/Q10385725,Tweaky
http://www_wikidata_org/entity/Q10391436,Q10391436
http://www_wikidata_org/entity/Q10392718,Uroboros Virus
http://www_wikidata_org/entity/Q10394585,Corban Yaxley
http://www_wikidata_org/entity/Q10394844,Zacharias Smith
http://www_wikidata_org/entity/Q10394998,Zek
http://www_wikidata_org/entity/Q10397014,0_0_ Duck
http://www_wikidata_org/entity/Q104005082,Grandma SquarePants
http://www_wikidata_org/entity/Q104005241,Sherm SquarePants
http://www_wikidata_org/entity/Q104005265,Grandpa SquarePants
http://www_wikidata_org/entity/Q104005472,Primitive Sponge
http://www_wikidata_org/entity/Q104022723,Todd SquarePants
http://www_wikidata_org/entity/Q104022916,BlackJack SquarePants
http://www_wikidata_org/entity/Q104028081,Betsy Krabs
http://www_wikidata_org/entity/Q104028090,Victor Krabs
http://www_wikidata_org/entity/Q104028115,Redbeard Krabs
http://www_wikidata_org/entity/Q104028126,Grandma Krabs
http://www_wikidata_org/entity/Q104029223,Great Grandpa Krabs
http://www_wikidata_org/entity/Q104029231,Great Great Grandpa Krabs
http://www_wikidata_org/entity/Q104029256,Great Great Great Grandpa Krabs
http://www_wikidata_org/entity/Q104029267,Pappy Krabs
http://www_wikidata_org/entity/Q104046197,Jose Diaz
http://www_wikidata_org/entity/Q104046965,Margie Star
http://www_wikidata_org/entity/Q104047016,Sam Star
http://www_wikidata_org/entity/Q104047063,Jose diaz
http://www_wikidata_org/entity/Q104047086,Marili Romero
http://www_wikidata_org/entity/Q10406573,Q10406573
http://www_wikidata_org/entity/Q10408446,Amorina
http://www_wikidata_org/entity/Q104215059,Q104215059
http://www_wikidata_org/entity/Q104246828,Rudeus Greyrat
http://www_wikidata_org/entity/Q104250228,Samantha
http://www_wikidata_org/entity/Q10426749,Basatan
http://www_wikidata_org/entity/Q10426918,Q10426918
http://www_wikidata_org/entity/Q1043344,Itachi Uchiha
http://www_wikidata_org/entity/Q104411243,Fredrik Åkare
http://www_wikidata_org/entity/Q1044450,Hu Ban
http://www_wikidata_org/entity/Q104502378,Cecilia Lind
http://www_wikidata_org/entity/Q1045242,Rena Ryūgū
http://www_wikidata_org/entity/Q104556610,Venla
http://www_wikidata_org/entity/Q1045652,Dailai Dongzhu
http://www_wikidata_org/entity/Q1045659,Jia Hua
http://www_wikidata_org/entity/Q104601009,Don Pedro Garcias
http://www_wikidata_org/entity/Q104640214,Q104640214
http://www_wikidata_org/entity/Q1047529,Kintarō
http://www_wikidata_org/entity/Q104760690,Gray Tal
http://www_wikidata_org/entity/Q104765116,Patrick Not-Star
http://www_wikidata_org/entity/Q1047834,Elaine Marley
http://www_wikidata_org/entity/Q104790123,Larry Stylinson
http://www_wikidata_org/entity/Q104822032,Kaijin
http://www_wikidata_org/entity/Q1048326,Gin Ichimaru
http://www_wikidata_org/entity/Q104839230,Ranga
http://www_wikidata_org/entity/Q104841996,Sally the Flightpal
http://www_wikidata_org/entity/Q104864678,Raphael
http://www_wikidata_org/entity/Q104864931,Haruna
http://www_wikidata_org/entity/Q104868618,Myrd
http://www_wikidata_org/entity/Q104870763,Dolly Gallagher Levi
http://www_wikidata_org/entity/Q104876413,William Afton
http://www_wikidata_org/entity/Q104881156,Oswald Cobblepot
http://www_wikidata_org/entity/Q104899652,Tear
http://www_wikidata_org/entity/Q104901351,Steve
http://www_wikidata_org/entity/Q1049155,Shaak Ti
http://www_wikidata_org/entity/Q1049224,MSZ-006 Ζ Gundam
http://www_wikidata_org/entity/Q1049233,Kamen Rider Kuuga
http://www_wikidata_org/entity/Q1049322,Unicron
http://www_wikidata_org/entity/Q10498719,Aiguan
http://www_wikidata_org/entity/Q10499280,Fritiof Andersson
http://www_wikidata_org/entity/Q10500526,Fangguan
http://www_wikidata_org/entity/Q10502285,Q10502285
http://www_wikidata_org/entity/Q105062484,Nathaniel Winkle
http://www_wikidata_org/entity/Q105078595,Mongor
http://www_wikidata_org/entity/Q1050827,Waluigi
http://www_wikidata_org/entity/Q105095145,Red Tide
http://www_wikidata_org/entity/Q105095237,Ladies in Red
http://www_wikidata_org/entity/Q105095238,Redwood
http://www_wikidata_org/entity/Q1051011,Fredegar Bolger
http://www_wikidata_org/entity/Q105135796,Beedle
http://www_wikidata_org/entity/Q1051569,Chrome Dokuro
http://www_wikidata_org/entity/Q10516652,Halvan
http://www_wikidata_org/entity/Q105194675,Maria Mironova
http://www_wikidata_org/entity/Q105195019,Konstantin Dmitrievich Levin
http://www_wikidata_org/entity/Q105195033,Q105195033
http://www_wikidata_org/entity/Q105195087,Finn
http://www_wikidata_org/entity/Q105195097,Luka
http://www_wikidata_org/entity/Q105195191,Q105195191
http://www_wikidata_org/entity/Q105195229,Q105195229
http://www_wikidata_org/entity/Q105195281,Q105195281
http://www_wikidata_org/entity/Q105195290,Q105195290
http://www_wikidata_org/entity/Q105195306,Slithe
http://www_wikidata_org/entity/Q105195316,Q105195316
http://www_wikidata_org/entity/Q105195333,Q105195333
http://www_wikidata_org/entity/Q105195359,Q105195359
http://www_wikidata_org/entity/Q105195420,Q105195420
http://www_wikidata_org/entity/Q105195444,Q105195444
http://www_wikidata_org/entity/Q105195479,Q105195479
http://www_wikidata_org/entity/Q105195653,Q105195653
http://www_wikidata_org/entity/Q105195966,Q105195966
http://www_wikidata_org/entity/Q105196050,Q105196050
http://www_wikidata_org/entity/Q105196053,Q105196053
http://www_wikidata_org/entity/Q105200098,Toko Fukawa
http://www_wikidata_org/entity/Q105259527,Kirara Mizutani
http://www_wikidata_org/entity/Q10527263,Diting
http://www_wikidata_org/entity/Q105274289,Sulabha
http://www_wikidata_org/entity/Q105279391,Echigoya Tokina
http://www_wikidata_org/entity/Q1052852,ZGMF-X09A Justice Gundam
http://www_wikidata_org/entity/Q1053323,Seafoam McDuck
http://www_wikidata_org/entity/Q105357979,Kaori Minato
http://www_wikidata_org/entity/Q105358785,Ran Yahagi
http://www_wikidata_org/entity/Q105359051,Masami Fujii
http://www_wikidata_org/entity/Q105359085,Aya Miyakoōji
http://www_wikidata_org/entity/Q10539487,Q10539487
http://www_wikidata_org/entity/Q105409351,Tachanka
http://www_wikidata_org/entity/Q10542747,Andold Wild Duck
http://www_wikidata_org/entity/Q10544349,Kati
http://www_wikidata_org/entity/Q105466285,Dr_ Avrana Kern
http://www_wikidata_org/entity/Q10550582,Kurt Olsson
http://www_wikidata_org/entity/Q10554902,Xing Dequan
http://www_wikidata_org/entity/Q105563760,Walter One
http://www_wikidata_org/entity/Q105571903,Kaneez Paracha
http://www_wikidata_org/entity/Q105582611,Urmel
http://www_wikidata_org/entity/Q105582751,Q105582751
http://www_wikidata_org/entity/Q105601243,Future Trunks
http://www_wikidata_org/entity/Q105609311,Sirius Romanée-Conti
http://www_wikidata_org/entity/Q1056425,Alastor Moody
http://www_wikidata_org/entity/Q1056876,Leshy
http://www_wikidata_org/entity/Q105691438,Minamo
http://www_wikidata_org/entity/Q105712755,Arakune
http://www_wikidata_org/entity/Q105719434,Laws
http://www_wikidata_org/entity/Q105724821,Quincy
http://www_wikidata_org/entity/Q105742442,Zhar
http://www_wikidata_org/entity/Q105742776,Halime Hatun
http://www_wikidata_org/entity/Q105749101,Naoto Kurogane
http://www_wikidata_org/entity/Q1057918,Bellatrix Lestrange
http://www_wikidata_org/entity/Q105816130,Rowin Migurdia
http://www_wikidata_org/entity/Q105816158,Rokkus Migurdia
http://www_wikidata_org/entity/Q105821400,İbn-i Arabi
http://www_wikidata_org/entity/Q105821618,Mr_ Meeseeks
http://www_wikidata_org/entity/Q105884034,Osman Bey
http://www_wikidata_org/entity/Q1059655,Vima Sunrider
http://www_wikidata_org/entity/Q105969861,Iachimo
http://www_wikidata_org/entity/Q105972451,Jacques Strap
http://www_wikidata_org/entity/Q105972541,Al Coholic
http://www_wikidata_org/entity/Q105972640,Oliver Klozoff
http://www_wikidata_org/entity/Q105973146,Enteng Kabisote
http://www_wikidata_org/entity/Q105973230,Hayme Hatun
http://www_wikidata_org/entity/Q105974063,Seymour Butz
http://www_wikidata_org/entity/Q105974266,Homer Sexual
http://www_wikidata_org/entity/Q105974435,Mike Rotch
http://www_wikidata_org/entity/Q105974827,I'm a stupid moron with an ugly face and a big butt and my butt smells and I like to kiss my own butt
http://www_wikidata_org/entity/Q105988888,Alcina Dimitrescu
http://www_wikidata_org/entity/Q106015144,Isaac of York
http://www_wikidata_org/entity/Q1060406,Echuu Shen-Jon
http://www_wikidata_org/entity/Q106066575,Talhand
http://www_wikidata_org/entity/Q106075745,Malhun Hatun
http://www_wikidata_org/entity/Q10608098,Q10608098
http://www_wikidata_org/entity/Q106091622,Süleyman Şah
http://www_wikidata_org/entity/Q1061574,Darth Millennial
http://www_wikidata_org/entity/Q1061765,Sanji
http://www_wikidata_org/entity/Q1061793,Tanis Half-Elven
http://www_wikidata_org/entity/Q1062665,MSZ-010 ZZ Gundam
http://www_wikidata_org/entity/Q106283152,Emma Keane
http://www_wikidata_org/entity/Q106283165,Sadiq Nawaz
http://www_wikidata_org/entity/Q106299851,Raiden Shuga
http://www_wikidata_org/entity/Q106299937,Kaie Tanya
http://www_wikidata_org/entity/Q106303138,Maina Atomika
http://www_wikidata_org/entity/Q1063506,Crash Bandicoot
http://www_wikidata_org/entity/Q106372315,Jack Horner
http://www_wikidata_org/entity/Q106379094,11-4D
http://www_wikidata_org/entity/Q106391432,Christine Nelson
http://www_wikidata_org/entity/Q106392724,Eldred Worple
http://www_wikidata_org/entity/Q1064086,Gong Zhi
http://www_wikidata_org/entity/Q106411015,Hildur
http://www_wikidata_org/entity/Q106433297,Keisei Katsuragi
http://www_wikidata_org/entity/Q106465618,Jack Sprat and wife
http://www_wikidata_org/entity/Q106477775,Pavel
http://www_wikidata_org/entity/Q106477804,Reinhold
http://www_wikidata_org/entity/Q1064787,Goldie O'Gilt
http://www_wikidata_org/entity/Q106484089,Tant Andersson
http://www_wikidata_org/entity/Q106486908,Ririna
http://www_wikidata_org/entity/Q106506424,Baxter Stockman
http://www_wikidata_org/entity/Q106506684,Snail
http://www_wikidata_org/entity/Q106507971,Baxter Stockman
http://www_wikidata_org/entity/Q106520524,Nite Owl
http://www_wikidata_org/entity/Q106543102,Cartiê Bressão
http://www_wikidata_org/entity/Q106543474,Sleepy Sam
http://www_wikidata_org/entity/Q106546807,The Lich
http://www_wikidata_org/entity/Q106563275,Giant
http://www_wikidata_org/entity/Q106572174,Baxter Stockman
http://www_wikidata_org/entity/Q106573219,Pike Trickfoot
http://www_wikidata_org/entity/Q106573262,Scanlan Shorthalt
http://www_wikidata_org/entity/Q106574677,Ch’rell
http://www_wikidata_org/entity/Q10657605,Q10657605
http://www_wikidata_org/entity/Q106580624,Baxter Stockman
http://www_wikidata_org/entity/Q106580651,Chris Bradford
http://www_wikidata_org/entity/Q10659043,Rönnerdahl
http://www_wikidata_org/entity/Q106611300,Tyler Ronan
http://www_wikidata_org/entity/Q106611326,Godzilla
http://www_wikidata_org/entity/Q106628798,Kala
http://www_wikidata_org/entity/Q106628801,Dask
http://www_wikidata_org/entity/Q106628806,Zak
http://www_wikidata_org/entity/Q106628807,Trib
http://www_wikidata_org/entity/Q106628813,Felix
http://www_wikidata_org/entity/Q106628816,Zenter
http://www_wikidata_org/entity/Q106628819,Gizzla
http://www_wikidata_org/entity/Q106636355,Gobzo
http://www_wikidata_org/entity/Q106636397,Razen
http://www_wikidata_org/entity/Q106636478,Edmaris Falmuth
http://www_wikidata_org/entity/Q10669457,Q10669457
http://www_wikidata_org/entity/Q106697983,Tsubaki Collbrande
http://www_wikidata_org/entity/Q106698081,Anakitty Autumn
http://www_wikidata_org/entity/Q106699603,Allen Fromel
http://www_wikidata_org/entity/Q106699804,Hogni Ragnar
http://www_wikidata_org/entity/Q1067046,Princess Zelda
http://www_wikidata_org/entity/Q106757931,AZI-3
http://www_wikidata_org/entity/Q106762728,Shaeeah Lawquane
http://www_wikidata_org/entity/Q106762775,Jek Lawquane
http://www_wikidata_org/entity/Q106777431,Hanitan
http://www_wikidata_org/entity/Q10678211,Stellan Petreus
http://www_wikidata_org/entity/Q106807080,Krang
http://www_wikidata_org/entity/Q106810654,Lord Monochromicorn
http://www_wikidata_org/entity/Q106811743,Q106811743
http://www_wikidata_org/entity/Q106811759,Q106811759
http://www_wikidata_org/entity/Q106812469,Braco
http://www_wikidata_org/entity/Q106830422,Kirari Momobami
http://www_wikidata_org/entity/Q106831595,Hawk
http://www_wikidata_org/entity/Q106890663,Meg Merrilees
http://www_wikidata_org/entity/Q106896418,Ryouko Kusakabe
http://www_wikidata_org/entity/Q106896735,Masaomi Mikimoto
http://www_wikidata_org/entity/Q106896797,Munechika Nakatsugawa
http://www_wikidata_org/entity/Q106897008,Kaguya Yamai
http://www_wikidata_org/entity/Q106929822,Cecil Palmer
http://www_wikidata_org/entity/Q106946825,Sylvando
http://www_wikidata_org/entity/Q106947020,Hiyori
http://www_wikidata_org/entity/Q106957608,You
http://www_wikidata_org/entity/Q106957659,Matsuri
http://www_wikidata_org/entity/Q106967388,Ralph de Bricassart
http://www_wikidata_org/entity/Q106980441,Michelle Nguyen
http://www_wikidata_org/entity/Q106980575,Teddy Rahal
http://www_wikidata_org/entity/Q106986232,Jaime Alcántara
http://www_wikidata_org/entity/Q10698905,Tjet
http://www_wikidata_org/entity/Q106989575,Mane Allgood
http://www_wikidata_org/entity/Q106991516,Maureen Johnson
http://www_wikidata_org/entity/Q106992843,Tamaki
http://www_wikidata_org/entity/Q107009788,Dennis
http://www_wikidata_org/entity/Q107015935,Carlos the Scientist
http://www_wikidata_org/entity/Q107024611,Leonard Burton
http://www_wikidata_org/entity/Q107025169,Mario
http://www_wikidata_org/entity/Q107025178,Lucy Tropic
http://www_wikidata_org/entity/Q107028136,Nick Valentine
http://www_wikidata_org/entity/Q107064135,Apito
http://www_wikidata_org/entity/Q107064136,Zegion
http://www_wikidata_org/entity/Q10708366,Ubbo-Sathla
http://www_wikidata_org/entity/Q107107699,Q107107699
http://www_wikidata_org/entity/Q107107789,Q107107789
http://www_wikidata_org/entity/Q107109700,Old Mortality
http://www_wikidata_org/entity/Q1071097,Gilad Pellaeon
http://www_wikidata_org/entity/Q107110057,Tia Agnamaria
http://www_wikidata_org/entity/Q107119776,The Proverb Lady
http://www_wikidata_org/entity/Q107129051,The Faceless Old Woman Who Secretly Lives in Your Home
http://www_wikidata_org/entity/Q107133468,Samara
http://www_wikidata_org/entity/Q107138664,Sir Giles Overreach
http://www_wikidata_org/entity/Q107154658,Woltje
http://www_wikidata_org/entity/Q107176956,Gearless Joe
http://www_wikidata_org/entity/Q107185523,Stormfront
http://www_wikidata_org/entity/Q107185785,Fushi
http://www_wikidata_org/entity/Q107189589,Ximen Da
http://www_wikidata_org/entity/Q107192705,Wu Yin'er
http://www_wikidata_org/entity/Q107193602,Wu Ying'er
http://www_wikidata_org/entity/Q107194293,Lady Yu
http://www_wikidata_org/entity/Q1072067,Garrick Ollivander
http://www_wikidata_org/entity/Q107210710,Jirass
http://www_wikidata_org/entity/Q107213192,Q107213192
http://www_wikidata_org/entity/Q107213386,Q107213386
http://www_wikidata_org/entity/Q107264942,Earl Harlan
http://www_wikidata_org/entity/Q107270545,Vivy
http://www_wikidata_org/entity/Q107272482,Srikant Tiwari
http://www_wikidata_org/entity/Q107281746,Matt
http://www_wikidata_org/entity/Q107291836,Hua Helu
http://www_wikidata_org/entity/Q107291920,Laiwang
http://www_wikidata_org/entity/Q107291928,Li Waizhuan
http://www_wikidata_org/entity/Q107295563,Pigwiggin
http://www_wikidata_org/entity/Q107297699,Hu Laoren
http://www_wikidata_org/entity/Q107297874,Yingchun
http://www_wikidata_org/entity/Q107299239,President Morty Smith
http://www_wikidata_org/entity/Q107299850,Q107299850
http://www_wikidata_org/entity/Q107299869,Q107299869
http://www_wikidata_org/entity/Q107301595,Yizhangqing
http://www_wikidata_org/entity/Q107307298,Q107307298
http://www_wikidata_org/entity/Q107323119,Ben Si
http://www_wikidata_org/entity/Q107323233,Zheng Feng
http://www_wikidata_org/entity/Q107333847,Aunt Chen
http://www_wikidata_org/entity/Q107334610,Dr_ Hu
http://www_wikidata_org/entity/Q107340588,Lu Hua
http://www_wikidata_org/entity/Q107341854,Q107341854
http://www_wikidata_org/entity/Q107345095,Qitong
http://www_wikidata_org/entity/Q107352622,Cai Tongpan
http://www_wikidata_org/entity/Q107352695,Qiao Hong
http://www_wikidata_org/entity/Q107354861,Jacqueline White
http://www_wikidata_org/entity/Q107356383,Officer Jaffe
http://www_wikidata_org/entity/Q107382524,Raphael Walt
http://www_wikidata_org/entity/Q107387280,Madelyn Dinkley
http://www_wikidata_org/entity/Q107388236,Wu Erjinzi
http://www_wikidata_org/entity/Q107388906,Sunny Nwazue
http://www_wikidata_org/entity/Q107392291,Zheng Aiyue
http://www_wikidata_org/entity/Q107395596,Bai Ruhuang
http://www_wikidata_org/entity/Q107404293,He Jinchan
http://www_wikidata_org/entity/Q107405288,Huixiu
http://www_wikidata_org/entity/Q107405411,Xu Nanxi
http://www_wikidata_org/entity/Q107406282,Aunt of Pan Jinlian
http://www_wikidata_org/entity/Q107415763,Gou Zixiao
http://www_wikidata_org/entity/Q107426690,Ximen Jingliang
http://www_wikidata_org/entity/Q107426876,Lady Xia
http://www_wikidata_org/entity/Q107435061,Guy Crimson
http://www_wikidata_org/entity/Q107436008,Chen Langzhong
http://www_wikidata_org/entity/Q107440313,wife of Shang Liangquan
http://www_wikidata_org/entity/Q107461403,Li Jin
http://www_wikidata_org/entity/Q10746503,Alex
http://www_wikidata_org/entity/Q107473889,Miao Tianxiu
http://www_wikidata_org/entity/Q107474602,Weng Ba
http://www_wikidata_org/entity/Q107477491,Di Sibin
http://www_wikidata_org/entity/Q107478716,Yu Shen
http://www_wikidata_org/entity/Q107482355,Swindler
http://www_wikidata_org/entity/Q1074874,Ilmarë
http://www_wikidata_org/entity/Q107487720,Miaofeng
http://www_wikidata_org/entity/Q107493779,Tailor Xu
http://www_wikidata_org/entity/Q10749555,Valandil
http://www_wikidata_org/entity/Q107495870,Xiao Zhou'er
http://www_wikidata_org/entity/Q107496752,Huang Ning'er
http://www_wikidata_org/entity/Q10750334,Griselda Marchbanks
http://www_wikidata_org/entity/Q10750937,Dorlas
http://www_wikidata_org/entity/Q10751999,Momaw Nadon
http://www_wikidata_org/entity/Q10752211,Lumpawaroo
http://www_wikidata_org/entity/Q107524476,Li Yan
http://www_wikidata_org/entity/Q107529874,Wen Bigu
http://www_wikidata_org/entity/Q107542766,Qian Longye
http://www_wikidata_org/entity/Q107543341,first wife of Mojing Sou
http://www_wikidata_org/entity/Q107551733,Wang Xian
http://www_wikidata_org/entity/Q107552187,Du Sange
http://www_wikidata_org/entity/Q107556456,Elmo Aardvark
http://www_wikidata_org/entity/Q107556652,Courier
http://www_wikidata_org/entity/Q107557947,brother of Chang Ersao
http://www_wikidata_org/entity/Q107558274,He Laoren
http://www_wikidata_org/entity/Q107563538,Sengguan Lang
http://www_wikidata_org/entity/Q1075692,Uinen
http://www_wikidata_org/entity/Q107584844,son of Ying Bojue
http://www_wikidata_org/entity/Q107590768,Qin Yuzhi
http://www_wikidata_org/entity/Q107593555,Liu Bao
http://www_wikidata_org/entity/Q107599217,Jodie Landon
http://www_wikidata_org/entity/Q107600888,Lin Chengxun
http://www_wikidata_org/entity/Q107610832,Zhiyun
http://www_wikidata_org/entity/Q107616925,Melissa
http://www_wikidata_org/entity/Q107639681,Mordhwaj
http://www_wikidata_org/entity/Q107639694,Misfit Elephant
http://www_wikidata_org/entity/Q107661082,Q107661082
http://www_wikidata_org/entity/Q107688584,Zhuchi Jin
http://www_wikidata_org/entity/Q107690156,Nomad
http://www_wikidata_org/entity/Q1076932,Nancy Drew
http://www_wikidata_org/entity/Q107709099,son of Zhang Maode
http://www_wikidata_org/entity/Q107718141,Li Changqi
http://www_wikidata_org/entity/Q107724503,Momoo
http://www_wikidata_org/entity/Q107736122,Li Gui
http://www_wikidata_org/entity/Q107740248,Zari Tomaz and Zari Tarazi
http://www_wikidata_org/entity/Q1077456,Patrick Star
http://www_wikidata_org/entity/Q1077617,GAT-X105 Strike Gundam
http://www_wikidata_org/entity/Q107769587,Xie Sanlang
http://www_wikidata_org/entity/Q107779680,Zhou Jinge
http://www_wikidata_org/entity/Q107782344,Meme Man
http://www_wikidata_org/entity/Q107786835,Wang Laojie
http://www_wikidata_org/entity/Q1077950,Naomi Wildman
http://www_wikidata_org/entity/Q107828790,Zhou Ren
http://www_wikidata_org/entity/Q107833282,Ye Toutuo
http://www_wikidata_org/entity/Q1078370,Zetton
http://www_wikidata_org/entity/Q10784782,Larten Crepsley
http://www_wikidata_org/entity/Q107970142,Sarina Douglas
http://www_wikidata_org/entity/Q1079740,Winry Rockbell
http://www_wikidata_org/entity/Q10797461,Hallatan
http://www_wikidata_org/entity/Q1079796,Lechero
http://www_wikidata_org/entity/Q107995558,Regenerator
http://www_wikidata_org/entity/Q107998392,Pierre
http://www_wikidata_org/entity/Q107999911,Su
http://www_wikidata_org/entity/Q1080259,Kurenai Yuhi
http://www_wikidata_org/entity/Q108029848,Fuza
http://www_wikidata_org/entity/Q108031688,Connie the Hormone Monstress
http://www_wikidata_org/entity/Q108049859,Yeppau
http://www_wikidata_org/entity/Q108064270,Märtha of Norway
http://www_wikidata_org/entity/Q108064281,Olav of Norway
http://www_wikidata_org/entity/Q108064298,Franklin D_ Roosevelt
http://www_wikidata_org/entity/Q108064302,Eleanor Roosevelt
http://www_wikidata_org/entity/Q108064311,Håkon VII of Norway
http://www_wikidata_org/entity/Q108064318,Peder Anker Wedel-Jarlsberg
http://www_wikidata_org/entity/Q108064391,Ragni Østgaard
http://www_wikidata_org/entity/Q108064399,Nicolai Ramm Østgaard
http://www_wikidata_org/entity/Q108064457,Johan Nygaardsvold
http://www_wikidata_org/entity/Q108064517,Wilhelm von Munthe af Morgenstierne
http://www_wikidata_org/entity/Q108064523,Ingeborg of Danmark
http://www_wikidata_org/entity/Q108064551,Gustaf V of Sweden
http://www_wikidata_org/entity/Q108064581,Per Albin Hansson
http://www_wikidata_org/entity/Q108068617,Aki Rosenthal
http://www_wikidata_org/entity/Q108081244,Mr_ Big
http://www_wikidata_org/entity/Q108100003,Jason
http://www_wikidata_org/entity/Q1081052,Dors Venabili
http://www_wikidata_org/entity/Q108105389,Cymoril
http://www_wikidata_org/entity/Q108152801,François Bossemans
http://www_wikidata_org/entity/Q108153115,Auguste Coppenolle
http://www_wikidata_org/entity/Q108158728,Suzanne Beulemans
http://www_wikidata_org/entity/Q108178211,Yokozuna
http://www_wikidata_org/entity/Q108206697,Gomorrah
http://www_wikidata_org/entity/Q108206698,Sodom
http://www_wikidata_org/entity/Q108220052,Gorbachev
http://www_wikidata_org/entity/Q108324463,Arachnneka
http://www_wikidata_org/entity/Q108324904,Hunter
http://www_wikidata_org/entity/Q108327621,Captain Cutler
http://www_wikidata_org/entity/Q108329228,Séraphin Meulemeester
http://www_wikidata_org/entity/Q108352316,Adalman
http://www_wikidata_org/entity/Q108374560,Junior
http://www_wikidata_org/entity/Q10838339,ZGMF-X20A Strike Freedom Gundam
http://www_wikidata_org/entity/Q108397682,Mrs_ Rogers
http://www_wikidata_org/entity/Q108405010,Ernst Zimmerman
http://www_wikidata_org/entity/Q108405020,Shiden Iida
http://www_wikidata_org/entity/Q108406377,Stone
http://www_wikidata_org/entity/Q108419172,Delcardes
http://www_wikidata_org/entity/Q108419341,Bit-Yakin
http://www_wikidata_org/entity/Q108419704,mother of Dukes Ning and Rong
http://www_wikidata_org/entity/Q1084219,Panacea
http://www_wikidata_org/entity/Q1084249,Elva
http://www_wikidata_org/entity/Q1084312,Cleon I
http://www_wikidata_org/entity/Q108437471,Poul Møller
http://www_wikidata_org/entity/Q108440624,grandfather of Xue Pan
http://www_wikidata_org/entity/Q108466077,Azura
http://www_wikidata_org/entity/Q10847260,GN-008 Seravee Gundam
http://www_wikidata_org/entity/Q108474434,father of Wang Xifeng
http://www_wikidata_org/entity/Q108475492,Wang Qing'er
http://www_wikidata_org/entity/Q1084831,Tom Manning
http://www_wikidata_org/entity/Q108489455,Zhineng
http://www_wikidata_org/entity/Q108490505,wife of Yu Xin
http://www_wikidata_org/entity/Q108491655,daughter of Zhou Rui
http://www_wikidata_org/entity/Q108503024,Pappag
http://www_wikidata_org/entity/Q108508008,Dai Liang
http://www_wikidata_org/entity/Q10851532,MBF-02 Strike Rouge
http://www_wikidata_org/entity/Q108525014,father of Jin Rong
http://www_wikidata_org/entity/Q108525199,Mortimer Goth
http://www_wikidata_org/entity/Q108540491,Durlin
http://www_wikidata_org/entity/Q108540658,Penrod Stillwall
http://www_wikidata_org/entity/Q108540676,Asa Shanks
http://www_wikidata_org/entity/Q108551531,Beat
http://www_wikidata_org/entity/Q10855160,"RX-78NT-1 Gundam ""Alex"""
http://www_wikidata_org/entity/Q10855992,Meowth
http://www_wikidata_org/entity/Q108588340,uncle of Jia Rui
http://www_wikidata_org/entity/Q108592657,Salome
http://www_wikidata_org/entity/Q108598336,Jia Daixiu
http://www_wikidata_org/entity/Q108599479,Jia Qiong
http://www_wikidata_org/entity/Q108600104,Jia Zhen
http://www_wikidata_org/entity/Q108600187,Jia Ping
http://www_wikidata_org/entity/Q108611158,Shi Guangzhu
http://www_wikidata_org/entity/Q108612031,Feng Tang
http://www_wikidata_org/entity/Q108649132,Zhao Momo
http://www_wikidata_org/entity/Q108649435,Zhao Tianliang
http://www_wikidata_org/entity/Q108649729,Huangtaihou
http://www_wikidata_org/entity/Q108651558,Dudu
http://www_wikidata_org/entity/Q108656206,Jodewin
http://www_wikidata_org/entity/Q108671398,father of Miaoyu
http://www_wikidata_org/entity/Q108674742,Baoqin
http://www_wikidata_org/entity/Q108680623,Sprout
http://www_wikidata_org/entity/Q108680633,Phyllis
http://www_wikidata_org/entity/Q108685417,mother of Xiren
http://www_wikidata_org/entity/Q108692918,Mother Hubbard
http://www_wikidata_org/entity/Q108730665,Milva
http://www_wikidata_org/entity/Q108741340,Wusaozi
http://www_wikidata_org/entity/Q108753057,GEICO gecko
http://www_wikidata_org/entity/Q1087546,Jason Todd
http://www_wikidata_org/entity/Q108757945,Hero
http://www_wikidata_org/entity/Q108772280,mother of Feng Ziying
http://www_wikidata_org/entity/Q108772576,son of Qiu Duwei
http://www_wikidata_org/entity/Q1087845,Jacen Solo
http://www_wikidata_org/entity/Q108795670,El Chavo del Ocho
http://www_wikidata_org/entity/Q1087956,Dark Schneider
http://www_wikidata_org/entity/Q108795951,Qiao Feng
http://www_wikidata_org/entity/Q108803110,Yingwu
http://www_wikidata_org/entity/Q108803960,Tongxi
http://www_wikidata_org/entity/Q108803996,Tonggui
http://www_wikidata_org/entity/Q108830121,Gallus Cleaner
http://www_wikidata_org/entity/Q108840648,Prince Zhongshun
http://www_wikidata_org/entity/Q108855241,Currawong
http://www_wikidata_org/entity/Q108863964,Brian Crown
http://www_wikidata_org/entity/Q108866115,CodeMiko
http://www_wikidata_org/entity/Q1088823,Accolon
http://www_wikidata_org/entity/Q108885699,Tyrone Johnson and Tandy Bowen (Marvel Cinematic Universe)
http://www_wikidata_org/entity/Q1088893,Monty Montgomery
http://www_wikidata_org/entity/Q1088996,KITT
http://www_wikidata_org/entity/Q1089083,Barliman Butterbur
http://www_wikidata_org/entity/Q108910161,Eugene Rantz
http://www_wikidata_org/entity/Q108917435,Frog-Mouthed Turtle
http://www_wikidata_org/entity/Q108923148,Venom
http://www_wikidata_org/entity/Q108928730,Fred Jones
http://www_wikidata_org/entity/Q108929034,Daphne Blake
http://www_wikidata_org/entity/Q108929036,Velma Dinkley
http://www_wikidata_org/entity/Q108933939,Howard the Duck
http://www_wikidata_org/entity/Q108937605,Gustav Dedoldia
http://www_wikidata_org/entity/Q1089489,Envy
http://www_wikidata_org/entity/Q109005021,Nabonidus
http://www_wikidata_org/entity/Q109057995,wife of Jin Wenxiang
http://www_wikidata_org/entity/Q109110301,Xingnu
http://www_wikidata_org/entity/Q1091108,Sloan
http://www_wikidata_org/entity/Q1091233,Henry Chinaski
http://www_wikidata_org/entity/Q1091455,Tilion
http://www_wikidata_org/entity/Q109225717,Barbara Millicent Roberts
http://www_wikidata_org/entity/Q109234547,son of Mei Hanlin
http://www_wikidata_org/entity/Q109235147,Mei Hanlin
http://www_wikidata_org/entity/Q109236578,Gianluca Bennati
http://www_wikidata_org/entity/Q109246529,Dancing Bug
http://www_wikidata_org/entity/Q109247229,Alberto Vist
http://www_wikidata_org/entity/Q109252851,mother of Xue Baoqin
http://www_wikidata_org/entity/Q1092632,Juliet
http://www_wikidata_org/entity/Q1092645,Satsuki Yotsuba
http://www_wikidata_org/entity/Q109285548,Kid Cosmic
http://www_wikidata_org/entity/Q1092971,Madoka Kugimiya
http://www_wikidata_org/entity/Q109301247,Zhuan'er
http://www_wikidata_org/entity/Q109339484,Kaladin
http://www_wikidata_org/entity/Q109341202,mother of Ying'er
http://www_wikidata_org/entity/Q109342555,Ling kite yousa
http://www_wikidata_org/entity/Q109356091,Honor
http://www_wikidata_org/entity/Q109361763,Q109361763
http://www_wikidata_org/entity/Q109371210,Kyoko
http://www_wikidata_org/entity/Q109372207,Hope
http://www_wikidata_org/entity/Q109394148,Mr_ Rigby
http://www_wikidata_org/entity/Q109407287,Mrs_ Liu's sister-in-law
http://www_wikidata_org/entity/Q109407750,mother of Qian Huai
http://www_wikidata_org/entity/Q109409514,Scar
http://www_wikidata_org/entity/Q109416104,Arishem the Judge
http://www_wikidata_org/entity/Q10943745,Will Whitfoot
http://www_wikidata_org/entity/Q109462073,Island Lady
http://www_wikidata_org/entity/Q109484434,Yu Lu
http://www_wikidata_org/entity/Q109491521,father of Lady You
http://www_wikidata_org/entity/Q109532850,homosexual hero
http://www_wikidata_org/entity/Q10955099,Ning Sui
http://www_wikidata_org/entity/Q109570507,Nigel Strangeways
http://www_wikidata_org/entity/Q109578725,Q109578725
http://www_wikidata_org/entity/Q109578902,Q109578902
http://www_wikidata_org/entity/Q109580944,Marquess Baoning
http://www_wikidata_org/entity/Q109606583,mother of Jia Qiong
http://www_wikidata_org/entity/Q109607075,Meneldor
http://www_wikidata_org/entity/Q109611926,father of Pan You'an
http://www_wikidata_org/entity/Q109612263,mother of Pan You'an
http://www_wikidata_org/entity/Q109612567,father of Feng Yuan
http://www_wikidata_org/entity/Q109613134,father of Jia Qiang
http://www_wikidata_org/entity/Q109627615,Shadajie
http://www_wikidata_org/entity/Q109637729,mother of Shadajie
http://www_wikidata_org/entity/Q109638151,wife of Wu Xing
http://www_wikidata_org/entity/Q109651887,Leto Atreides
http://www_wikidata_org/entity/Q109653739,second sister of Lady Xing
http://www_wikidata_org/entity/Q109654569,Hamza Vidajić
http://www_wikidata_org/entity/Q109654771,Meleća
http://www_wikidata_org/entity/Q109661030,Pero Vulić
http://www_wikidata_org/entity/Q109665681,Nelson Lee
http://www_wikidata_org/entity/Q109673045,Guaizi
http://www_wikidata_org/entity/Q109675796,Q109675796
http://www_wikidata_org/entity/Q109677160,Q109677160
http://www_wikidata_org/entity/Q109691099,Q109691099
http://www_wikidata_org/entity/Q109693861,Sofka
http://www_wikidata_org/entity/Q109713344,mother of Xia Jingui
http://www_wikidata_org/entity/Q109717126,Q109717126
http://www_wikidata_org/entity/Q109717158,Q109717158
http://www_wikidata_org/entity/Q109717235,Q109717235
http://www_wikidata_org/entity/Q109717360,Q109717360
http://www_wikidata_org/entity/Q109717405,Jova
http://www_wikidata_org/entity/Q109746715,Magda
http://www_wikidata_org/entity/Q109747266,Marko
http://www_wikidata_org/entity/Q109747507,Arsa
http://www_wikidata_org/entity/Q109748839,Tomča
http://www_wikidata_org/entity/Q109748862,Simka
http://www_wikidata_org/entity/Q109748881,Todora
http://www_wikidata_org/entity/Q109748942,Milenija
http://www_wikidata_org/entity/Q109771969,Q109771969
http://www_wikidata_org/entity/Q109772032,Q109772032
http://www_wikidata_org/entity/Q109772232,Q109772232
http://www_wikidata_org/entity/Q109809472,son of Jiaoxing
http://www_wikidata_org/entity/Q109822654,Q109822654
http://www_wikidata_org/entity/Q109833741,Q109833741
http://www_wikidata_org/entity/Q109834204,Q109834204
http://www_wikidata_org/entity/Q109847069,Li Xiang
http://www_wikidata_org/entity/Q109850269,first son of Lady Zhang Wang
http://www_wikidata_org/entity/Q109860567,Q109860567
http://www_wikidata_org/entity/Q109860779,Q109860779
http://www_wikidata_org/entity/Q109866183,Q109866183
http://www_wikidata_org/entity/Q109866255,Q109866255
http://www_wikidata_org/entity/Q109866605,Q109866605
http://www_wikidata_org/entity/Q109867926,Q109867926
http://www_wikidata_org/entity/Q109868196,Q109868196
http://www_wikidata_org/entity/Q109868791,Q109868791
http://www_wikidata_org/entity/Q109868948,Q109868948
http://www_wikidata_org/entity/Q109868973,Q109868973
http://www_wikidata_org/entity/Q109869009,Q109869009
http://www_wikidata_org/entity/Q109869105,Q109869105
http://www_wikidata_org/entity/Q109869133,Q109869133
http://www_wikidata_org/entity/Q109869139,Q109869139
http://www_wikidata_org/entity/Q109911048,Nicolasa
http://www_wikidata_org/entity/Q109923749,Q109923749
http://www_wikidata_org/entity/Q109923888,Q109923888
http://www_wikidata_org/entity/Q109927996,Hei'er
http://www_wikidata_org/entity/Q109928704,Robina Goodfellow
http://www_wikidata_org/entity/Q109930846,Connor
http://www_wikidata_org/entity/Q109930919,Kara
http://www_wikidata_org/entity/Q109931039,Markus
http://www_wikidata_org/entity/Q109931198,North
http://www_wikidata_org/entity/Q109931698,Chloe
http://www_wikidata_org/entity/Q109931861,Luther
http://www_wikidata_org/entity/Q109932089,Q109932089
http://www_wikidata_org/entity/Q109934300,Q109934300
http://www_wikidata_org/entity/Q109939290,Q109939290
http://www_wikidata_org/entity/Q109939349,Q109939349
http://www_wikidata_org/entity/Q109939350,Q109939350
http://www_wikidata_org/entity/Q109939361,Q109939361
http://www_wikidata_org/entity/Q109939432,Q109939432
http://www_wikidata_org/entity/Q109939506,Q109939506
http://www_wikidata_org/entity/Q109939508,Q109939508
http://www_wikidata_org/entity/Q109939515,Q109939515
http://www_wikidata_org/entity/Q109939517,Q109939517
http://www_wikidata_org/entity/Q109939540,Q109939540
http://www_wikidata_org/entity/Q109939592,Q109939592
http://www_wikidata_org/entity/Q109939598,Q109939598
http://www_wikidata_org/entity/Q109939667,Q109939667
http://www_wikidata_org/entity/Q109939901,Josh
http://www_wikidata_org/entity/Q109940047,Simon
http://www_wikidata_org/entity/Q109940813,Alice
http://www_wikidata_org/entity/Q109968775,Dan Duck
http://www_wikidata_org/entity/Q109969171,Soames Rockerduck
http://www_wikidata_org/entity/Q109971726,Q109971726
http://www_wikidata_org/entity/Q109974107,Karvanista
http://www_wikidata_org/entity/Q109985020,Li De
http://www_wikidata_org/entity/Q110009900,Lin'anbo Laotaitai
http://www_wikidata_org/entity/Q110028106,Q110028106
http://www_wikidata_org/entity/Q110043869,Zhou Guifei
http://www_wikidata_org/entity/Q110044192,father of Zhou Guiren
http://www_wikidata_org/entity/Q110054908,Minerva
http://www_wikidata_org/entity/Q110058126,Q110058126
http://www_wikidata_org/entity/Q110067597,Q110067597
http://www_wikidata_org/entity/Q110068508,Q110068508
http://www_wikidata_org/entity/Q110074130,Q110074130
http://www_wikidata_org/entity/Q110086717,Q110086717
http://www_wikidata_org/entity/Q110089306,Q110089306
http://www_wikidata_org/entity/Q110090088,Tomče
http://www_wikidata_org/entity/Q110095070,Psylocke
http://www_wikidata_org/entity/Q110096432,Q110096432
http://www_wikidata_org/entity/Q110096614,Q110096614
http://www_wikidata_org/entity/Q110096948,Q110096948
http://www_wikidata_org/entity/Q110097693,Zhou Qiong
http://www_wikidata_org/entity/Q110133282,Kiyone Kotetsu
http://www_wikidata_org/entity/Q110138007,Marquess Chuanning
http://www_wikidata_org/entity/Q110141958,Marquess Dingcheng
http://www_wikidata_org/entity/Q110142018,Q110142018
http://www_wikidata_org/entity/Q1101454,Jonathan Krantz
http://www_wikidata_org/entity/Q110150110,Q110150110
http://www_wikidata_org/entity/Q110150700,Wang Xifeng
http://www_wikidata_org/entity/Q110151142,Captain Trips
http://www_wikidata_org/entity/Q110152578,Jia Hua
http://www_wikidata_org/entity/Q110156502,Q110156502
http://www_wikidata_org/entity/Q110156885,Q110156885
http://www_wikidata_org/entity/Q110156954,Immortal Old Monkey
http://www_wikidata_org/entity/Q110161940,Laza
http://www_wikidata_org/entity/Q110163459,Duohunchong
http://www_wikidata_org/entity/Q110164672,Bao Er
http://www_wikidata_org/entity/Q110167144,Q110167144
http://www_wikidata_org/entity/Q110168771,Q110168771
http://www_wikidata_org/entity/Q110169830,Q110169830
http://www_wikidata_org/entity/Q110170928,Q110170928
http://www_wikidata_org/entity/Q110184237,Q110184237
http://www_wikidata_org/entity/Q110185949,Q110185949
http://www_wikidata_org/entity/Q110189667,Mišon Daženoa
http://www_wikidata_org/entity/Q110190395,Džoma
http://www_wikidata_org/entity/Q110206149,Thalcave
http://www_wikidata_org/entity/Q110210655,Ariel Anemoi Asura
http://www_wikidata_org/entity/Q110213078,Prince Xiping
http://www_wikidata_org/entity/Q110216398,grandfather of Shuirong
http://www_wikidata_org/entity/Q110216856,Stojan Ilić
http://www_wikidata_org/entity/Q110216990,Jova
http://www_wikidata_org/entity/Q110217374,Uča
http://www_wikidata_org/entity/Q110217375,Sovra
http://www_wikidata_org/entity/Q110221954,Paja N_
http://www_wikidata_org/entity/Q110223788,Bending Streetlight
http://www_wikidata_org/entity/Q110234883,Ena Shimanaga
http://www_wikidata_org/entity/Q110243004,Anka Belkić
http://www_wikidata_org/entity/Q110249778,Q110249778
http://www_wikidata_org/entity/Q110250061,Paja
http://www_wikidata_org/entity/Q110259613,Branko Orlić
http://www_wikidata_org/entity/Q110259813,Pera Zdravković
http://www_wikidata_org/entity/Q110260087,Hermina
http://www_wikidata_org/entity/Q110260396,Grivić
http://www_wikidata_org/entity/Q110265635,Q110265635
http://www_wikidata_org/entity/Q110265720,Q110265720
http://www_wikidata_org/entity/Q110265739,Q110265739
http://www_wikidata_org/entity/Q110266675,Zazu
http://www_wikidata_org/entity/Q110269193,Serce and Rozum
http://www_wikidata_org/entity/Q110269984,adopted son of Qin Ye
http://www_wikidata_org/entity/Q110271431,Q110271431
http://www_wikidata_org/entity/Q110271670,Q110271670
http://www_wikidata_org/entity/Q110273329,Q110273329
http://www_wikidata_org/entity/Q110279370,Q110279370
http://www_wikidata_org/entity/Q110279636,Teofan
http://www_wikidata_org/entity/Q110281128,King of All Cosmos
http://www_wikidata_org/entity/Q110281996,Arsenije
http://www_wikidata_org/entity/Q1102827,Clown Ferdinand
http://www_wikidata_org/entity/Q110283369,Stana
http://www_wikidata_org/entity/Q110293063,Q110293063
http://www_wikidata_org/entity/Q110293713,Q110293713
http://www_wikidata_org/entity/Q110296289,aunt of Xiren
http://www_wikidata_org/entity/Q110304864,Nikanor
http://www_wikidata_org/entity/Q110311523,Ankoro
http://www_wikidata_org/entity/Q110427433,Q110427433
http://www_wikidata_org/entity/Q110435371,The Twins
http://www_wikidata_org/entity/Q110464287,Itou Akari
http://www_wikidata_org/entity/Q11046726,Wang Jin
http://www_wikidata_org/entity/Q110483281,Jefferson Pierce
http://www_wikidata_org/entity/Q110529296,Ndatch
http://www_wikidata_org/entity/Q110529418,Q110529418
http://www_wikidata_org/entity/Q110541439,Sibyl System
http://www_wikidata_org/entity/Q110555356,Q110555356
http://www_wikidata_org/entity/Q110555445,Q110555445
http://www_wikidata_org/entity/Q110570514,Q110570514
http://www_wikidata_org/entity/Q110589126,Il Cavalier Pomodoro
http://www_wikidata_org/entity/Q1105895,Mu Guiying
http://www_wikidata_org/entity/Q110608004,Belle
http://www_wikidata_org/entity/Q110608097,Mrs_ Potts
http://www_wikidata_org/entity/Q110608124,Chip
http://www_wikidata_org/entity/Q110608921,Beast
http://www_wikidata_org/entity/Q110620446,Menenius
http://www_wikidata_org/entity/Q110625351,Cho Sang-woo
http://www_wikidata_org/entity/Q110628071,Simple Simon
http://www_wikidata_org/entity/Q110656358,Andróg
http://www_wikidata_org/entity/Q110668269,Mrgud
http://www_wikidata_org/entity/Q110670543,Sali Ben-Mujagić
http://www_wikidata_org/entity/Q110673527,Q110673527
http://www_wikidata_org/entity/Q110682240,Shen Teh
http://www_wikidata_org/entity/Q110701168,Petronije
http://www_wikidata_org/entity/Q110702927,Mahmud
http://www_wikidata_org/entity/Q110715924,Rusna Vojnović
http://www_wikidata_org/entity/Q110716037,Vuk Branković
http://www_wikidata_org/entity/Q110716299,Leontije
http://www_wikidata_org/entity/Q110722605,Dr_ Rick
http://www_wikidata_org/entity/Q110734614,Tanavast
http://www_wikidata_org/entity/Q110738199,Q110738199
http://www_wikidata_org/entity/Q110738979,Mark Kincaid
http://www_wikidata_org/entity/Q110754719,Chayuan
http://www_wikidata_org/entity/Q110761655,Dick Grayson
http://www_wikidata_org/entity/Q110796842,Smiljana Gojković
http://www_wikidata_org/entity/Q1107971,Kermit the Frog
http://www_wikidata_org/entity/Q110817379,Imraor
http://www_wikidata_org/entity/Q110826779,баба-Симка
http://www_wikidata_org/entity/Q110832173,Commissioner Ménardier
http://www_wikidata_org/entity/Q110860961,Medli
http://www_wikidata_org/entity/Q110864125,Jaison Varghese
http://www_wikidata_org/entity/Q110876107,Angela Valdes
http://www_wikidata_org/entity/Q1108922,Izuru Kira
http://www_wikidata_org/entity/Q110895968,Yami Sukehiro
http://www_wikidata_org/entity/Q1109033,Jeffrey Spender
http://www_wikidata_org/entity/Q110904202,Noelle Silva
http://www_wikidata_org/entity/Q11090581,Qu Shagu
http://www_wikidata_org/entity/Q110917977,Alex
http://www_wikidata_org/entity/Q1109347,Dr_ Alexander Isaacs
http://www_wikidata_org/entity/Q110935833,Zhao Zhe
http://www_wikidata_org/entity/Q110942338,Vanilla
http://www_wikidata_org/entity/Q110942352,Chocola
http://www_wikidata_org/entity/Q110942367,Azuki
http://www_wikidata_org/entity/Q110942374,Coconut
http://www_wikidata_org/entity/Q110942382,Maple
http://www_wikidata_org/entity/Q110942407,Cinnamon
http://www_wikidata_org/entity/Q110953438,Jin Lao
http://www_wikidata_org/entity/Q110979576,Li Si
http://www_wikidata_org/entity/Q110994344,Sun Ding
http://www_wikidata_org/entity/Q111009472,Li Xiao'er
http://www_wikidata_org/entity/Q111013389,wife of Li Xiao'er
http://www_wikidata_org/entity/Q111029072,Zhou Jin
http://www_wikidata_org/entity/Q111032265,Forestmaster
http://www_wikidata_org/entity/Q111032268,Laura Majere
http://www_wikidata_org/entity/Q111032272,Onysablet
http://www_wikidata_org/entity/Q111047882,King of Limau Kingdom
http://www_wikidata_org/entity/Q111077197,Fionnghuala
http://www_wikidata_org/entity/Q111077206,Queen of Air and Darkness
http://www_wikidata_org/entity/Q111080934,Cholerix
http://www_wikidata_org/entity/Q111087706,Godai
http://www_wikidata_org/entity/Q111103277,wife of Bai Sheng
http://www_wikidata_org/entity/Q111104388,Taigong Song
http://www_wikidata_org/entity/Q111135,Goofy
http://www_wikidata_org/entity/Q111182620,Tatsuya Suou
http://www_wikidata_org/entity/Q111186957,Modo and Modi
http://www_wikidata_org/entity/Q111187348,Johan
http://www_wikidata_org/entity/Q111190801,Tommy Egan
http://www_wikidata_org/entity/Q111191778,former wife of Ximen Qing
http://www_wikidata_org/entity/Q11120991,Fan Lihua
http://www_wikidata_org/entity/Q11123016,Ori
http://www_wikidata_org/entity/Q111234495,Schnatterinchen
http://www_wikidata_org/entity/Q11125726,Yin Hong
http://www_wikidata_org/entity/Q111269917,Batman
http://www_wikidata_org/entity/Q111274319,Jieji Kang
http://www_wikidata_org/entity/Q111303005,Liu Gao
http://www_wikidata_org/entity/Q111307734,sister of Hua Rong
http://www_wikidata_org/entity/Q111311448,Nicky Flippers
http://www_wikidata_org/entity/Q111315224,Huggy Wuggy
http://www_wikidata_org/entity/Q111317917,Shamrock Gander
http://www_wikidata_org/entity/Q111318912,Klara Von Drake
http://www_wikidata_org/entity/Q111319032,Anya Von Drake
http://www_wikidata_org/entity/Q111353058,Defender
http://www_wikidata_org/entity/Q111375987,Red Raven
http://www_wikidata_org/entity/Q111385820,Kate Bishop
http://www_wikidata_org/entity/Q111417130,Victoria Chase
http://www_wikidata_org/entity/Q111417189,Rachel Amber
http://www_wikidata_org/entity/Q111417250,Warren Graham
http://www_wikidata_org/entity/Q111422840,Li Da
http://www_wikidata_org/entity/Q111431794,Count Duckula
http://www_wikidata_org/entity/Q1114392,James Sandecker
http://www_wikidata_org/entity/Q1114418,Gilderoy Lockhart
http://www_wikidata_org/entity/Q1114723,Ghatanothoa
http://www_wikidata_org/entity/Q111493593,father of Xie Zhen and Xie Bao
http://www_wikidata_org/entity/Q111517279,Bushishi
http://www_wikidata_org/entity/Q111524931,Bai Xiuying
http://www_wikidata_org/entity/Q11157197,Abolakara
http://www_wikidata_org/entity/Q11157684,ASN-121
http://www_wikidata_org/entity/Q111590550,Godrick the Grafted
http://www_wikidata_org/entity/Q111597572,Starscourge Radahn
http://www_wikidata_org/entity/Q111609563,Head of Yuntai Guan
http://www_wikidata_org/entity/Q11162492,Lindir
http://www_wikidata_org/entity/Q111628133,Nia Honjō
http://www_wikidata_org/entity/Q111633427,Grand Vizier
http://www_wikidata_org/entity/Q111651281,Agitha
http://www_wikidata_org/entity/Q1116690,Rodomonte
http://www_wikidata_org/entity/Q111677880,wife of An Daoquan
http://www_wikidata_org/entity/Q111698995,Q111698995
http://www_wikidata_org/entity/Q111719795,Gary
http://www_wikidata_org/entity/Q11172152,The Mountain King
http://www_wikidata_org/entity/Q111765777,wife of Liu Taigong
http://www_wikidata_org/entity/Q111781357,Karen Araragi
http://www_wikidata_org/entity/Q111792761,Cedric of Rotherwood
http://www_wikidata_org/entity/Q111792921,Q111792921
http://www_wikidata_org/entity/Q11180804,Gong Qi
http://www_wikidata_org/entity/Q111828643,azmuth
http://www_wikidata_org/entity/Q111831132,Wang Huan
http://www_wikidata_org/entity/Q111832631,Mei Zhan
http://www_wikidata_org/entity/Q111836163,Mr_ Rogers
http://www_wikidata_org/entity/Q111840624,Babyface Boretti
http://www_wikidata_org/entity/Q111852163,Principal Deedle
http://www_wikidata_org/entity/Q111869728,Ye Chun
http://www_wikidata_org/entity/Q111886739,Sadie Mae Scroggins
http://www_wikidata_org/entity/Q111886770,Billy Bob Scroggins
http://www_wikidata_org/entity/Q111905063,Creeper
http://www_wikidata_org/entity/Q111905210,Redbeard
http://www_wikidata_org/entity/Q11190709,Q11190709
http://www_wikidata_org/entity/Q1119075,Mayu
http://www_wikidata_org/entity/Q111927972,Amelia von Butch
http://www_wikidata_org/entity/Q111928701,C_J_
http://www_wikidata_org/entity/Q111931795,Vice Principal Grimes
http://www_wikidata_org/entity/Q111939589,Shumi Zhao
http://www_wikidata_org/entity/Q111953343,Barnaby Brooks Jr_
http://www_wikidata_org/entity/Q111953830,Eris Morn
http://www_wikidata_org/entity/Q111953923,Kotetsu T_ Kaburagi
http://www_wikidata_org/entity/Q111955632,Peacemaker
http://www_wikidata_org/entity/Q111955719,Josh Hudson
http://www_wikidata_org/entity/Q111966662,The Amazing Krudsky
http://www_wikidata_org/entity/Q111967151,T_J_ Buzby
http://www_wikidata_org/entity/Q111967350,Rufus Buzby
http://www_wikidata_org/entity/Q111974620,Li Ji
http://www_wikidata_org/entity/Q111974900,Youxibojin
http://www_wikidata_org/entity/Q111983927,Xue Xiong
http://www_wikidata_org/entity/Q111986004,Gao Biao
http://www_wikidata_org/entity/Q111994475,Little John
http://www_wikidata_org/entity/Q111995107,Kitt Hartley
http://www_wikidata_org/entity/Q11201749,Gota-kun
http://www_wikidata_org/entity/Q112039953,The Questing Beast
http://www_wikidata_org/entity/Q112042939,Lady Teazle
http://www_wikidata_org/entity/Q112176132,Mo
http://www_wikidata_org/entity/Q112189250,Judy Takamoto
http://www_wikidata_org/entity/Q112193533,Moves-With-Burning-Grace
http://www_wikidata_org/entity/Q112210799,Alyson Ronan
http://www_wikidata_org/entity/Q112210848,Michael Abila
http://www_wikidata_org/entity/Q112225524,Power
http://www_wikidata_org/entity/Q112242373,Q112242373
http://www_wikidata_org/entity/Q112254328,Shen Gang
http://www_wikidata_org/entity/Q112256166,Alter Ego
http://www_wikidata_org/entity/Q112264942,Commodore Hawser Trunnion
http://www_wikidata_org/entity/Q112265307,Qian Zhenpeng
http://www_wikidata_org/entity/Q112275773,Guo Shiguang
http://www_wikidata_org/entity/Q112303421,Chao Zhong
http://www_wikidata_org/entity/Q112304630,L0-LA59
http://www_wikidata_org/entity/Q112305122,Yao Yi
http://www_wikidata_org/entity/Q112312565,Sean Diaz
http://www_wikidata_org/entity/Q112325227,Wu Sheng
http://www_wikidata_org/entity/Q112326491,Dr_ Know
http://www_wikidata_org/entity/Q112327216,Pingshi Yuan
http://www_wikidata_org/entity/Q112341963,Jing De
http://www_wikidata_org/entity/Q112345995,Qiao Zheng
http://www_wikidata_org/entity/Q112410438,SCP-280
http://www_wikidata_org/entity/Q112514516,Ji Ji
http://www_wikidata_org/entity/Q112526418,Gao Yu
http://www_wikidata_org/entity/Q112567694,Casey Becker
http://www_wikidata_org/entity/Q112573653,Dormul Bolster
http://www_wikidata_org/entity/Q1125756,Congorilla
http://www_wikidata_org/entity/Q112578638,Knave of Hearts
http://www_wikidata_org/entity/Q11260031,Q11260031
http://www_wikidata_org/entity/Q112601403,Clavicus Vile
http://www_wikidata_org/entity/Q112601404,Molag Bal
http://www_wikidata_org/entity/Q112601405,Sanguine
http://www_wikidata_org/entity/Q112601406,Sheogorath
http://www_wikidata_org/entity/Q112601429,Boethiah
http://www_wikidata_org/entity/Q112601430,Mehrunes Dagon
http://www_wikidata_org/entity/Q112601431,Nocturnal
http://www_wikidata_org/entity/Q112601432,Hermaeus Mora
http://www_wikidata_org/entity/Q112601434,Hircine
http://www_wikidata_org/entity/Q112601463,Malacath
http://www_wikidata_org/entity/Q112601464,Mephala
http://www_wikidata_org/entity/Q11260292,Watan
http://www_wikidata_org/entity/Q11264580,Gakuto-kun
http://www_wikidata_org/entity/Q11265731,Kuroshio-kun
http://www_wikidata_org/entity/Q11265888,Gunma‐chan
http://www_wikidata_org/entity/Q112660812,Jon Irenicus
http://www_wikidata_org/entity/Q11269276,Shiromaruhime
http://www_wikidata_org/entity/Q11269518,Suitan
http://www_wikidata_org/entity/Q11269737,Sudachi-kun
http://www_wikidata_org/entity/Q11270863,Takamaru-kun
http://www_wikidata_org/entity/Q11271441,Tawawa chan
http://www_wikidata_org/entity/Q11271983,Q11271983
http://www_wikidata_org/entity/Q112734101,SCP-953
http://www_wikidata_org/entity/Q11274754,Q11274754
http://www_wikidata_org/entity/Q11275198,Notodon
http://www_wikidata_org/entity/Q11275580,Hachimaru
http://www_wikidata_org/entity/Q11275720,Habatan
http://www_wikidata_org/entity/Q11276181,Hikonyan
http://www_wikidata_org/entity/Q11277063,Fujippi
http://www_wikidata_org/entity/Q11277204,Funassyi
http://www_wikidata_org/entity/Q11278533,Mayumaro
http://www_wikidata_org/entity/Q11278717,Manto-kun
http://www_wikidata_org/entity/Q11278724,Q11278724
http://www_wikidata_org/entity/Q11278802,Mican
http://www_wikidata_org/entity/Q11279042,Mito-chan
http://www_wikidata_org/entity/Q11279556,Musubimaru
http://www_wikidata_org/entity/Q11279725,Mejiron
http://www_wikidata_org/entity/Q11281003,Yurutama Ōendan
http://www_wikidata_org/entity/Q11281051,Yōko
http://www_wikidata_org/entity/Q11281897,Wataru
http://www_wikidata_org/entity/Q11282410,Eihort
http://www_wikidata_org/entity/Q11284719,Abhoth
http://www_wikidata_org/entity/Q11285364,Annael
http://www_wikidata_org/entity/Q11285688,Ernie Macmillan
http://www_wikidata_org/entity/Q11285944,Iod
http://www_wikidata_org/entity/Q11289036,Q11289036
http://www_wikidata_org/entity/Q112908704,Resin
http://www_wikidata_org/entity/Q11291262,Eloise Midgen
http://www_wikidata_org/entity/Q11293092,Ō-chan
http://www_wikidata_org/entity/Q11293118,Augusta Longbottom
http://www_wikidata_org/entity/Q11293778,Kaiō
http://www_wikidata_org/entity/Q11294901,Caractacus Burke
http://www_wikidata_org/entity/Q11296152,Gamia Q
http://www_wikidata_org/entity/Q11296915,Kibitan
http://www_wikidata_org/entity/Q11297161,Caffy
http://www_wikidata_org/entity/Q11297446,Kyubey
http://www_wikidata_org/entity/Q11297636,Q11297636
http://www_wikidata_org/entity/Q11298741,Cthylla
http://www_wikidata_org/entity/Q11299376,Kritter
http://www_wikidata_org/entity/Q11300596,Green Mask
http://www_wikidata_org/entity/Q11302061,Koth
http://www_wikidata_org/entity/Q11302344,Kobaton
http://www_wikidata_org/entity/Q11303299,Kō-chan
http://www_wikidata_org/entity/Q113045314,island phoenix
http://www_wikidata_org/entity/Q11306342,MA-04X Zakrello
http://www_wikidata_org/entity/Q1130740,Baldrick
http://www_wikidata_org/entity/Q11309917,Jabberwock
http://www_wikidata_org/entity/Q11310844,George
http://www_wikidata_org/entity/Q11311970,Stan Shunpike
http://www_wikidata_org/entity/Q11314177,Theodore Nott
http://www_wikidata_org/entity/Q11315343,Sorakara-chan
http://www_wikidata_org/entity/Q11316095,Thasaidon
http://www_wikidata_org/entity/Q11316601,Concept-X 6-1-2 Turn X
http://www_wikidata_org/entity/Q1131806,Númendil
http://www_wikidata_org/entity/Q1131930,Gimilkhâd
http://www_wikidata_org/entity/Q1131938,Forlong the Fat
http://www_wikidata_org/entity/Q11319730,TV Dad
http://www_wikidata_org/entity/Q11321229,Tokkikki
http://www_wikidata_org/entity/Q11321701,Toyocky
http://www_wikidata_org/entity/Q11322071,Tru'nembra
http://www_wikidata_org/entity/Q113227667,Quentin Trembley
http://www_wikidata_org/entity/Q113231274,Bishamon
http://www_wikidata_org/entity/Q113237533,Emanuel Striese
http://www_wikidata_org/entity/Q11324619,Nyan-mage
http://www_wikidata_org/entity/Q11326064,Mother Hydra
http://www_wikidata_org/entity/Q11326411,Hakkiyoi! Sekitori-kun
http://www_wikidata_org/entity/Q11327575,Baku
http://www_wikidata_org/entity/Q1133064,Cormac Cond Longas
http://www_wikidata_org/entity/Q11330978,Bilius Weasley
http://www_wikidata_org/entity/Q11331388,Pikachu
http://www_wikidata_org/entity/Q113330084,Sriya Chandaluni
http://www_wikidata_org/entity/Q1133620,Wutugu
http://www_wikidata_org/entity/Q113366596,Fran
http://www_wikidata_org/entity/Q11337124,Beltorchika Irma
http://www_wikidata_org/entity/Q1133721,Ælfwine of England
http://www_wikidata_org/entity/Q113382902,Henry Wu
http://www_wikidata_org/entity/Q11338343,Hawk family
http://www_wikidata_org/entity/Q11339770,Mynoghra
http://www_wikidata_org/entity/Q113412913,D-O
http://www_wikidata_org/entity/Q11341456,Maruyaman
http://www_wikidata_org/entity/Q11343119,Mukku
http://www_wikidata_org/entity/Q113448897,Diona
http://www_wikidata_org/entity/Q113454563,Ranni the Witch
http://www_wikidata_org/entity/Q1134585,Hiroshi Nohara
http://www_wikidata_org/entity/Q113461773,Uldren Sov
http://www_wikidata_org/entity/Q11346384,Bug Butterfingers
http://www_wikidata_org/entity/Q113467977,Vanitas
http://www_wikidata_org/entity/Q113468822,Danny Reagan
http://www_wikidata_org/entity/Q113481163,Peter
http://www_wikidata_org/entity/Q113481170,Jerry
http://www_wikidata_org/entity/Q113486978,Herman F_ Williams
http://www_wikidata_org/entity/Q113488712,Easter rooster
http://www_wikidata_org/entity/Q1135067,Jake Ryan
http://www_wikidata_org/entity/Q11352228,Vulthoom
http://www_wikidata_org/entity/Q113561528,Chammi
http://www_wikidata_org/entity/Q113565623,John Tana
http://www_wikidata_org/entity/Q1135676,Finarfin
http://www_wikidata_org/entity/Q1135680,Turgon
http://www_wikidata_org/entity/Q113587990,Ruy Velázquez
http://www_wikidata_org/entity/Q113631540,Ygorl
http://www_wikidata_org/entity/Q113646389,The Raptor
http://www_wikidata_org/entity/Q113647096,Harry the Hawk
http://www_wikidata_org/entity/Q113647510,Chance the Gila Monster
http://www_wikidata_org/entity/Q113699108,Q113699108
http://www_wikidata_org/entity/Q11376528,Kinjō Emperor
http://www_wikidata_org/entity/Q113799374,Loona
http://www_wikidata_org/entity/Q113816235,Anthraxus
http://www_wikidata_org/entity/Q11383648,Q11383648
http://www_wikidata_org/entity/Q113847264,Frank Morgen
http://www_wikidata_org/entity/Q113847395,Stewart Falkner
http://www_wikidata_org/entity/Q113847652,Dr_ Asport
http://www_wikidata_org/entity/Q113848545,Andrew Thomas
http://www_wikidata_org/entity/Q11385069,Sano Genzaemon
http://www_wikidata_org/entity/Q113856341,Cecil the Seasick Sea Serpent
http://www_wikidata_org/entity/Q1138838,Lin Chong
http://www_wikidata_org/entity/Q113905047,Allay
http://www_wikidata_org/entity/Q113906733,Ryūnosuke Yuki
http://www_wikidata_org/entity/Q113906856,Shino Madarame
http://www_wikidata_org/entity/Q1139234,Oberon
http://www_wikidata_org/entity/Q1139706,Heimdall
http://www_wikidata_org/entity/Q11398296,Liu An
http://www_wikidata_org/entity/Q113988021,Princess Rosella
http://www_wikidata_org/entity/Q113988109,Brian Braddock
http://www_wikidata_org/entity/Q114009451,Lu Hu
http://www_wikidata_org/entity/Q114010922,Huang Yu
http://www_wikidata_org/entity/Q114012015,Zhao Hongdao
http://www_wikidata_org/entity/Q11404012,Ondoher
http://www_wikidata_org/entity/Q114067582,Mommy Long Legs
http://www_wikidata_org/entity/Q114109135,B2EMO
http://www_wikidata_org/entity/Q11412151,Udaijin no shi no kimi
http://www_wikidata_org/entity/Q114145845,Wither Storm
http://www_wikidata_org/entity/Q114153088,Kiriko
http://www_wikidata_org/entity/Q1141607,Sharona Fleming
http://www_wikidata_org/entity/Q114215775,Husband of Miss Zhou
http://www_wikidata_org/entity/Q114224014,wife of Tongpan Cai
http://www_wikidata_org/entity/Q114232304,Horkeu Kamui
http://www_wikidata_org/entity/Q114246318,Skur'kll
http://www_wikidata_org/entity/Q114258193,Norman
http://www_wikidata_org/entity/Q114263778,Kagami Wakatsuki
http://www_wikidata_org/entity/Q114264196,Tsukasa Wakatsuki
http://www_wikidata_org/entity/Q11427767,Hyarmendacil II
http://www_wikidata_org/entity/Q114351851,Bee
http://www_wikidata_org/entity/Q114351852,Cave Spider
http://www_wikidata_org/entity/Q114351853,Dolphin
http://www_wikidata_org/entity/Q114351854,Goat
http://www_wikidata_org/entity/Q114351855,Iron Golem
http://www_wikidata_org/entity/Q114351856,Llama
http://www_wikidata_org/entity/Q114351857,Panda
http://www_wikidata_org/entity/Q114351859,Polar Bear
http://www_wikidata_org/entity/Q114351860,Spider
http://www_wikidata_org/entity/Q114351861,Wolf
http://www_wikidata_org/entity/Q114351862,Zombified Piglin
http://www_wikidata_org/entity/Q114353549,Axolotl
http://www_wikidata_org/entity/Q114353550,Baby Goat
http://www_wikidata_org/entity/Q114353552,Baby Turtle
http://www_wikidata_org/entity/Q114353554,Bat
http://www_wikidata_org/entity/Q114353555,Cat
http://www_wikidata_org/entity/Q114353557,Chicken
http://www_wikidata_org/entity/Q114353558,Cod
http://www_wikidata_org/entity/Q114353559,Cow
http://www_wikidata_org/entity/Q114353561,Donkey
http://www_wikidata_org/entity/Q114353562,Endermite
http://www_wikidata_org/entity/Q114353564,Fox
http://www_wikidata_org/entity/Q114353565,Frog
http://www_wikidata_org/entity/Q114353566,Glow Squid
http://www_wikidata_org/entity/Q114353568,Hoglin
http://www_wikidata_org/entity/Q114353569,Horse
http://www_wikidata_org/entity/Q114353570,Mule
http://www_wikidata_org/entity/Q114353571,Mooshroom
http://www_wikidata_org/entity/Q114353572,Ocelot
http://www_wikidata_org/entity/Q114353573,Parrot
http://www_wikidata_org/entity/Q114353574,Pig
http://www_wikidata_org/entity/Q114353575,Pufferfish
http://www_wikidata_org/entity/Q114353576,Rabbit
http://www_wikidata_org/entity/Q114353578,Salmon
http://www_wikidata_org/entity/Q114353579,Sheep
http://www_wikidata_org/entity/Q114353580,Silverfish
http://www_wikidata_org/entity/Q114353581,Squid
http://www_wikidata_org/entity/Q114353582,Strider
http://www_wikidata_org/entity/Q114353583,Tadpole
http://www_wikidata_org/entity/Q114353584,The Killer Bunny
http://www_wikidata_org/entity/Q114353585,Tropical Fish
http://www_wikidata_org/entity/Q114353586,Turtle
http://www_wikidata_org/entity/Q114353587,Wooly Cow
http://www_wikidata_org/entity/Q114353588,Zombified Baby Pig
http://www_wikidata_org/entity/Q114353648,Blaze
http://www_wikidata_org/entity/Q114353649,Chicken Jockey
http://www_wikidata_org/entity/Q114353650,Drowned
http://www_wikidata_org/entity/Q114353651,Elder Guardian
http://www_wikidata_org/entity/Q114353652,Evoker
http://www_wikidata_org/entity/Q114353654,Ghast
http://www_wikidata_org/entity/Q114353655,Guardian
http://www_wikidata_org/entity/Q114353656,Heart of Ender
http://www_wikidata_org/entity/Q114353658,Husk
http://www_wikidata_org/entity/Q114353659,Illusioner
http://www_wikidata_org/entity/Q114353660,Jockey
http://www_wikidata_org/entity/Q114353661,Jungle Abomination
http://www_wikidata_org/entity/Q114353662,Magma Cube
http://www_wikidata_org/entity/Q114353663,Phantom
http://www_wikidata_org/entity/Q114353665,Piglin Brute
http://www_wikidata_org/entity/Q114353666,Pillager
http://www_wikidata_org/entity/Q114353667,Ravager
http://www_wikidata_org/entity/Q114353670,Skeleton
http://www_wikidata_org/entity/Q114353671,Skeleton Horseman
http://www_wikidata_org/entity/Q114353672,Slime
http://www_wikidata_org/entity/Q114353673,Spider Jockey
http://www_wikidata_org/entity/Q114353674,Stray
http://www_wikidata_org/entity/Q114353675,Vengeful Heart of Ender
http://www_wikidata_org/entity/Q114353676,Vex
http://www_wikidata_org/entity/Q114353677,Vindicator
http://www_wikidata_org/entity/Q114353678,Warden
http://www_wikidata_org/entity/Q114353679,Witch
http://www_wikidata_org/entity/Q114353680,Wither Skeleton
http://www_wikidata_org/entity/Q114353681,Zoglin
http://www_wikidata_org/entity/Q114353682,Zombie
http://www_wikidata_org/entity/Q114353683,Zombie Villager
http://www_wikidata_org/entity/Q114353765,Arch-Illager
http://www_wikidata_org/entity/Q114353766,Enchanter
http://www_wikidata_org/entity/Q114353767,End Illager
http://www_wikidata_org/entity/Q114353769,Illager
http://www_wikidata_org/entity/Q114353771,Mountaineer
http://www_wikidata_org/entity/Q114353773,Rampart Captain
http://www_wikidata_org/entity/Q114353775,Royal Guard
http://www_wikidata_org/entity/Q114353776,Tough Pillager
http://www_wikidata_org/entity/Q114353778,Tough Vindicator
http://www_wikidata_org/entity/Q114353779,Tower Guard
http://www_wikidata_org/entity/Q114353781,Vindicator Chef
http://www_wikidata_org/entity/Q11436050,Telumehtar
http://www_wikidata_org/entity/Q114362039,Agent
http://www_wikidata_org/entity/Q114362040,Albino Cow
http://www_wikidata_org/entity/Q114362041,Amber Chicken
http://www_wikidata_org/entity/Q114362042,Ashen Cow
http://www_wikidata_org/entity/Q114362043,Baby Zombie
http://www_wikidata_org/entity/Q114362047,Bold Striped Rabbit
http://www_wikidata_org/entity/Q114362048,Bone Spider
http://www_wikidata_org/entity/Q114362049,Bouldering Zombie
http://www_wikidata_org/entity/Q114362050,Bronzed Chicken
http://www_wikidata_org/entity/Q114362052,Chicken Jockey Tower
http://www_wikidata_org/entity/Q114362053,Cluckshroom
http://www_wikidata_org/entity/Q114362054,Cookie Cow
http://www_wikidata_org/entity/Q114362055,Corrupted Cauldron
http://www_wikidata_org/entity/Q114362056,Cow Horse
http://www_wikidata_org/entity/Q114362057,Cream Cow
http://www_wikidata_org/entity/Q114362058,Dairy Cow
http://www_wikidata_org/entity/Q114362059,Desert Rabbit
http://www_wikidata_org/entity/Q114362060,Diamond Chicken
http://www_wikidata_org/entity/Q114362061,Drowned Necromancer
http://www_wikidata_org/entity/Q114362062,Dyed Cat
http://www_wikidata_org/entity/Q114362063,Elder Guardian Ghost
http://www_wikidata_org/entity/Q114362064,Fancy Chicken
http://www_wikidata_org/entity/Q114362065,Fish in Chaps
http://www_wikidata_org/entity/Q114362066,Flecked Sheep
http://www_wikidata_org/entity/Q114362067,Freckled Rabbit
http://www_wikidata_org/entity/Q114362068,Frozen Zombie
http://www_wikidata_org/entity/Q114362069,Fuzzy Sheep
http://www_wikidata_org/entity/Q114362070,Geomancer
http://www_wikidata_org/entity/Q114362071,Giant Enderman
http://www_wikidata_org/entity/Q114362072,Giant Ghast
http://www_wikidata_org/entity/Q114362073,Giant Magma Golem
http://www_wikidata_org/entity/Q114362074,Gold Crested Chicken
http://www_wikidata_org/entity/Q114362075,Harelequin Rabbit
http://www_wikidata_org/entity/Q114362076,Horned Sheep
http://www_wikidata_org/entity/Q114362077,Hyper Rabbit
http://www_wikidata_org/entity/Q114362078,Iceologer
http://www_wikidata_org/entity/Q114362079,Inky Sheep
http://www_wikidata_org/entity/Q114362080,Jolly Llama
http://www_wikidata_org/entity/Q114362081,Jumbo Rabbit
http://www_wikidata_org/entity/Q114362082,Jungle Zombie
http://www_wikidata_org/entity/Q114362083,Larger Icy Golem
http://www_wikidata_org/entity/Q114362084,Lobber Zombie
http://www_wikidata_org/entity/Q114362085,Long Nose Sheep
http://www_wikidata_org/entity/Q114362086,Love Golem
http://www_wikidata_org/entity/Q114362087,Mage
http://www_wikidata_org/entity/Q114362089,Magma Cow
http://www_wikidata_org/entity/Q114362090,Midnight Chicken
http://www_wikidata_org/entity/Q114362091,Moobloom
http://www_wikidata_org/entity/Q114362092,Mooboom
http://www_wikidata_org/entity/Q114362093,Moolip
http://www_wikidata_org/entity/Q114362094,Mooshroom Monstrosity
http://www_wikidata_org/entity/Q114362095,Mossy Sheep
http://www_wikidata_org/entity/Q114362097,Mossy Skeleton
http://www_wikidata_org/entity/Q114362098,Mottled Pig
http://www_wikidata_org/entity/Q114362099,Muddy Foot Rabbit
http://www_wikidata_org/entity/Q114362101,Muddy Pig
http://www_wikidata_org/entity/Q114362102,Nameless One
http://www_wikidata_org/entity/Q114362103,Necromancer
http://www_wikidata_org/entity/Q114362104,Nerd Creeper
http://www_wikidata_org/entity/Q114362105,NPC
http://www_wikidata_org/entity/Q114362106,Pale Pig
http://www_wikidata_org/entity/Q114362107,Patched Sheep
http://www_wikidata_org/entity/Q114362108,Piebald Pig
http://www_wikidata_org/entity/Q114362109,Pink Footed Pig
http://www_wikidata_org/entity/Q114362110,Pink Moobloom
http://www_wikidata_org/entity/Q114362111,Pink Wither
http://www_wikidata_org/entity/Q114362112,Pinto Cow
http://www_wikidata_org/entity/Q114362113,Pony
http://www_wikidata_org/entity/Q114362114,Prismarine Colossus
http://www_wikidata_org/entity/Q114362117,Rainbow Sheep
http://www_wikidata_org/entity/Q114362119,Redstone Bug
http://www_wikidata_org/entity/Q114362120,Redstone Golem
http://www_wikidata_org/entity/Q114362121,Redstone Monstrosity
http://www_wikidata_org/entity/Q114362122,Rocky Sheep
http://www_wikidata_org/entity/Q114362124,Skeleton Horse
http://www_wikidata_org/entity/Q114362125,Skeleton Vanguard
http://www_wikidata_org/entity/Q114362126,Skeleton Wolf
http://www_wikidata_org/entity/Q114362127,Skewbald Chicken
http://www_wikidata_org/entity/Q114362129,Smiling Creeper
http://www_wikidata_org/entity/Q114362130,Snow Golem
http://www_wikidata_org/entity/Q114362131,Sooty Pig
http://www_wikidata_org/entity/Q114362132,Spotted Pig
http://www_wikidata_org/entity/Q114362134,Stormy Chicken
http://www_wikidata_org/entity/Q114362135,Sunken Skeleton
http://www_wikidata_org/entity/Q114362136,Sunset Cow
http://www_wikidata_org/entity/Q114362137,Teacup Pig
http://www_wikidata_org/entity/Q114362138,Tempest Golem
http://www_wikidata_org/entity/Q114362140,Tough Husk
http://www_wikidata_org/entity/Q114362141,Tough Mountaineer
http://www_wikidata_org/entity/Q114362142,Tough Skeleton
http://www_wikidata_org/entity/Q114362143,Tough Zombie
http://www_wikidata_org/entity/Q114362144,Tough Zombified Piglin
http://www_wikidata_org/entity/Q114362145,Tough Zombified Piglin Hunter
http://www_wikidata_org/entity/Q114362146,Tower Wraith
http://www_wikidata_org/entity/Q114362147,Tropical Slime
http://www_wikidata_org/entity/Q114362148,Umbra Cow
http://www_wikidata_org/entity/Q114362149,Vested Rabbit
http://www_wikidata_org/entity/Q114362151,Wandering Trader
http://www_wikidata_org/entity/Q114362152,Wildfire
http://www_wikidata_org/entity/Q114362155,Wraith
http://www_wikidata_org/entity/Q114362156,Wretched Wraith
http://www_wikidata_org/entity/Q114362157,Zombie Horse
http://www_wikidata_org/entity/Q114362158,Zombie Rabbit
http://www_wikidata_org/entity/Q114362160,Zombified Fungus Thrower
http://www_wikidata_org/entity/Q114362161,Zombified Piglin Hunter
http://www_wikidata_org/entity/Q114392702,Jackie Chun
http://www_wikidata_org/entity/Q114398770,Princess of France
http://www_wikidata_org/entity/Q114428864,Trader Llama
http://www_wikidata_org/entity/Q114429329,Y'shtola Rhul
http://www_wikidata_org/entity/Q114429489,Gao Qiu
http://www_wikidata_org/entity/Q114435754,Baron
http://www_wikidata_org/entity/Q114435758,Niedźwiedź
http://www_wikidata_org/entity/Q114435759,Czarna Helena
http://www_wikidata_org/entity/Q114554796,Narda Custodio
http://www_wikidata_org/entity/Q114566000,Peanut Hamper
http://www_wikidata_org/entity/Q114566033,AGIMUS
http://www_wikidata_org/entity/Q114566153,Sanggre Alena
http://www_wikidata_org/entity/Q114569523,Akon
http://www_wikidata_org/entity/Q114569569,Zennosuke Kurumadani
http://www_wikidata_org/entity/Q114591116,Rin Tsubokura
http://www_wikidata_org/entity/Q114591163,Hiyosu
http://www_wikidata_org/entity/Q1146291,Albert Wesker
http://www_wikidata_org/entity/Q114635427,Yara Flor
http://www_wikidata_org/entity/Q114641786,Seashell
http://www_wikidata_org/entity/Q114641842,Windy
http://www_wikidata_org/entity/Q114641865,Sweets
http://www_wikidata_org/entity/Q114641876,Sugar Moonlight
http://www_wikidata_org/entity/Q114641951,Rocky Riff
http://www_wikidata_org/entity/Q114642044,Lily Moonlight
http://www_wikidata_org/entity/Q114642264,Toots
http://www_wikidata_org/entity/Q114642287,Rosedust
http://www_wikidata_org/entity/Q114656241,Rexy
http://www_wikidata_org/entity/Q114658096,Crungus
http://www_wikidata_org/entity/Q114688028,Earth Crusher
http://www_wikidata_org/entity/Q1147326,Loki
http://www_wikidata_org/entity/Q114736623,Wiggly
http://www_wikidata_org/entity/Q114763520,Kareel Odan
http://www_wikidata_org/entity/Q1147638,Háma
http://www_wikidata_org/entity/Q114784812,The Thing on Level 7
http://www_wikidata_org/entity/Q11479416,Sumori no Sammi
http://www_wikidata_org/entity/Q1148977,Zhu Bajie
http://www_wikidata_org/entity/Q11496631,Togoshi Ginjirō
http://www_wikidata_org/entity/Q1149790,Adam X
http://www_wikidata_org/entity/Q115046244,Tan Ji
http://www_wikidata_org/entity/Q115058850,Han Wenguang
http://www_wikidata_org/entity/Q115123377,Vaermina
http://www_wikidata_org/entity/Q11512474,Akashi no Nyūdō
http://www_wikidata_org/entity/Q11512505,Akashi no Amagimi
http://www_wikidata_org/entity/Q115147792,Liang Yinglong
http://www_wikidata_org/entity/Q115148296,Wang Ye
http://www_wikidata_org/entity/Q115173501,Moshiko Honjō
http://www_wikidata_org/entity/Q115211476,Olympic Phryge
http://www_wikidata_org/entity/Q11521621,Ryūnosuke Tsukue
http://www_wikidata_org/entity/Q115222365,Monk from Honghua Temple
http://www_wikidata_org/entity/Q115247282,father of Lai Jue
http://www_wikidata_org/entity/Q115247591,Yangzhouwei Qianhu
http://www_wikidata_org/entity/Q115258186,Canyi Xu
http://www_wikidata_org/entity/Q115329185,Hidetomo Kajōmaru
http://www_wikidata_org/entity/Q115337660,Precious
http://www_wikidata_org/entity/Q1153407,Tabaqui
http://www_wikidata_org/entity/Q115382893,Bugdroid
http://www_wikidata_org/entity/Q115383986,Zhifu Xu
http://www_wikidata_org/entity/Q115392757,Geoffrey Landgraab
http://www_wikidata_org/entity/Q1154092,Yumichika Ayasegawa
http://www_wikidata_org/entity/Q115411658,Seidring
http://www_wikidata_org/entity/Q115411736,Ula
http://www_wikidata_org/entity/Q115411761,Magrat
http://www_wikidata_org/entity/Q115411788,Kroda
http://www_wikidata_org/entity/Q115441513,Fen
http://www_wikidata_org/entity/Q115441552,Thakorr
http://www_wikidata_org/entity/Q115455684,Shi En
http://www_wikidata_org/entity/Q115458784,Dujian Zhang
http://www_wikidata_org/entity/Q115462719,wife of Zhang Qing
http://www_wikidata_org/entity/Q115476141,Niece of Xu Gonggong
http://www_wikidata_org/entity/Q11547823,Minshu-kun
http://www_wikidata_org/entity/Q1154861,Finwë
http://www_wikidata_org/entity/Q115519222,Mike Barnes
http://www_wikidata_org/entity/Q115563116,Yetrigar
http://www_wikidata_org/entity/Q115569993,Achika Masaki
http://www_wikidata_org/entity/Q115586175,Amanda Waller
http://www_wikidata_org/entity/Q1156071,Misha
http://www_wikidata_org/entity/Q115619008,Q115619008
http://www_wikidata_org/entity/Q115641592,Professor Pericles
http://www_wikidata_org/entity/Q115647992,Emperor of Dajin
http://www_wikidata_org/entity/Q115649577,"son of the Wang Family, Dongjing"
http://www_wikidata_org/entity/Q115649706,daughter of the Li Family
http://www_wikidata_org/entity/Q115650110,daughter of the Yuan Family
http://www_wikidata_org/entity/Q115651153,"daughter of the Zhu Family, Dongjing"
http://www_wikidata_org/entity/Q115652187,Gaozong
http://www_wikidata_org/entity/Q115652329,Zong Ze
http://www_wikidata_org/entity/Q115659816,Haeg'Rill
http://www_wikidata_org/entity/Q1156613,GAT-X303 Aegis Gundam
http://www_wikidata_org/entity/Q115661612,Kam'N'Ehar
http://www_wikidata_org/entity/Q1156856,Qin Qi
http://www_wikidata_org/entity/Q115687887,Razvan of Wallachia
http://www_wikidata_org/entity/Q115694293,Bór
http://www_wikidata_org/entity/Q115694297,Borlach
http://www_wikidata_org/entity/Q115694308,Borlad
http://www_wikidata_org/entity/Q115694318,Borthand
http://www_wikidata_org/entity/Q115707803,nephew of Jia Xiang
http://www_wikidata_org/entity/Q11572252,Gen-san
http://www_wikidata_org/entity/Q115736088,Dagnir
http://www_wikidata_org/entity/Q115736153,Dairuin
http://www_wikidata_org/entity/Q115766459,Ingold
http://www_wikidata_org/entity/Q1157763,Daksha
http://www_wikidata_org/entity/Q115826004,Mjolnir and Stormbreaker
http://www_wikidata_org/entity/Q11585158,Prince Ishizukuri
http://www_wikidata_org/entity/Q115854022,"Nicander, spiritual advisor"
http://www_wikidata_org/entity/Q115854024,"Phyletes, teacher of manners"
http://www_wikidata_org/entity/Q115854026,"Gormandus, follower of Luther"
http://www_wikidata_org/entity/Q115854028,"Boemundus, son of Gormandus"
http://www_wikidata_org/entity/Q115854030,"Cratillus, son of Gormandus"
http://www_wikidata_org/entity/Q115854032,"Pyrastes, evil demon in the form of a beautiful youth"
http://www_wikidata_org/entity/Q115861035,Eye Stalk
http://www_wikidata_org/entity/Q115870229,Ms_ Tarantula
http://www_wikidata_org/entity/Q11590479,Kyōsuke Kamizu
http://www_wikidata_org/entity/Q115916261,Lantern Fruit
http://www_wikidata_org/entity/Q11596045,Qin Qingtong
http://www_wikidata_org/entity/Q116025922,Ricky
http://www_wikidata_org/entity/Q116026008,Ray
http://www_wikidata_org/entity/Q116028785,Hilichurl
http://www_wikidata_org/entity/Q116030307,Ruescott Melshi
http://www_wikidata_org/entity/Q116036185,Q116036185
http://www_wikidata_org/entity/Q11610819,Yelü Hui
http://www_wikidata_org/entity/Q116113,Jim Gordon
http://www_wikidata_org/entity/Q116194374,Mrs_ Dinkley
http://www_wikidata_org/entity/Q116194561,Brad Chiles
http://www_wikidata_org/entity/Q116252582,Asriel Dreemurr
http://www_wikidata_org/entity/Q116258898,Muffet
http://www_wikidata_org/entity/Q116280011,Philosoraptor
http://www_wikidata_org/entity/Q116281107,Irina
http://www_wikidata_org/entity/Q116298446,Frost Beasts
http://www_wikidata_org/entity/Q116298548,Asgardian Horses
http://www_wikidata_org/entity/Q116299135,Ben Ravencroft
http://www_wikidata_org/entity/Q1163136,Máel Dúin
http://www_wikidata_org/entity/Q1163427,Bradamante
http://www_wikidata_org/entity/Q1163476,Ruggiero
http://www_wikidata_org/entity/Q116381783,Minase Nayuki
http://www_wikidata_org/entity/Q116458248,Skyresh Bolgolam
http://www_wikidata_org/entity/Q116478695,Leviathans
http://www_wikidata_org/entity/Q116481561,Mr_ Beeman
http://www_wikidata_org/entity/Q1164980,Marcus Cole
http://www_wikidata_org/entity/Q116513914,Amaia Ezpeldoi
http://www_wikidata_org/entity/Q116532009,Hornet
http://www_wikidata_org/entity/Q116540112,The Pale King
http://www_wikidata_org/entity/Q116540605,Herrah the Beast
http://www_wikidata_org/entity/Q116560401,Beau Neville
http://www_wikidata_org/entity/Q116578516,The White Lady
http://www_wikidata_org/entity/Q116582794,Lurien the Watcher
http://www_wikidata_org/entity/Q116582854,Monomon the Teacher
http://www_wikidata_org/entity/Q116589188,Charlotte Mills
http://www_wikidata_org/entity/Q116589809,The Radiance
http://www_wikidata_org/entity/Q116603249,Emily Hamilton
http://www_wikidata_org/entity/Q116603635,Brooke Passingham
http://www_wikidata_org/entity/Q116603652,Maria Burdett-Clark
http://www_wikidata_org/entity/Q116604756,list of Charlotte in Multilink World characters
http://www_wikidata_org/entity/Q1166091,Martok
http://www_wikidata_org/entity/Q1166729,Varda
http://www_wikidata_org/entity/Q116677809,Slashuur
http://www_wikidata_org/entity/Q116685167,Tiptup
http://www_wikidata_org/entity/Q116685183,Judy Reeves
http://www_wikidata_org/entity/Q116685190,Krunch
http://www_wikidata_org/entity/Q116685435,Klaptrap
http://www_wikidata_org/entity/Q116699254,Fifi Forget-Me-Not
http://www_wikidata_org/entity/Q116774079,Jef Pataat
http://www_wikidata_org/entity/Q11679752,Aldaris
http://www_wikidata_org/entity/Q11679761,Alexei Stukov
http://www_wikidata_org/entity/Q11679967,Artanis
http://www_wikidata_org/entity/Q11680643,Cecil Turtle
http://www_wikidata_org/entity/Q11681216,Durin III
http://www_wikidata_org/entity/Q11681276,Edmund Duke
http://www_wikidata_org/entity/Q11682010,Fenix
http://www_wikidata_org/entity/Q11682480,Kamen Rider Hibiki
http://www_wikidata_org/entity/Q116870394,Q116870394
http://www_wikidata_org/entity/Q11687295,Knowle Rohrer
http://www_wikidata_org/entity/Q116875958,Miraitowa
http://www_wikidata_org/entity/Q11687745,The Queen of the Night
http://www_wikidata_org/entity/Q116880401,Ninja Cat
http://www_wikidata_org/entity/Q116882756,Cameron Tait
http://www_wikidata_org/entity/Q11694119,Diana Barry
http://www_wikidata_org/entity/Q11694904,Nabooru
http://www_wikidata_org/entity/Q116951832,Officer North
http://www_wikidata_org/entity/Q116951844,Officer Casey
http://www_wikidata_org/entity/Q116978525,Ai-chan
http://www_wikidata_org/entity/Q11698067,Philippa Eilhart
http://www_wikidata_org/entity/Q116981332,Captain Pikachu
http://www_wikidata_org/entity/Q116987074,Thabaton
http://www_wikidata_org/entity/Q11699724,Gerwazy Rębajło
http://www_wikidata_org/entity/Q1169978,Sergei Vladimir
http://www_wikidata_org/entity/Q11701904,Raine Sage
http://www_wikidata_org/entity/Q1170251,Shanna the She-Devil
http://www_wikidata_org/entity/Q11704214,Tama
http://www_wikidata_org/entity/Q11704342,Terra Branford
http://www_wikidata_org/entity/Q11705474,Zifnab
http://www_wikidata_org/entity/Q117061622,Hilda Trowburg
http://www_wikidata_org/entity/Q117062718,Lake Monster of Erie Pointe
http://www_wikidata_org/entity/Q117063650,Elmer Uggins
http://www_wikidata_org/entity/Q117065882,Prudence Prufrock
http://www_wikidata_org/entity/Q117065883,Ezekial Gallows
http://www_wikidata_org/entity/Q117072189,Thornton Blake V
http://www_wikidata_org/entity/Q117080408,Tyrian Callows
http://www_wikidata_org/entity/Q11713659,Iorek Byrnison
http://www_wikidata_org/entity/Q11716129,Jagienka of Zgorzelice
http://www_wikidata_org/entity/Q117188303,Ilia Amitola
http://www_wikidata_org/entity/Q117188305,Leonardo Lionheart
http://www_wikidata_org/entity/Q117188744,Hoid
http://www_wikidata_org/entity/Q117217195,Jewel
http://www_wikidata_org/entity/Q117225572,Annalee Call
http://www_wikidata_org/entity/Q117246952,Manchester Bee
http://www_wikidata_org/entity/Q117288815,Q117288815
http://www_wikidata_org/entity/Q117288905,Georg Danton
http://www_wikidata_org/entity/Q117288969,Lucile Desmoulins
http://www_wikidata_org/entity/Q117288983,Camille Desmoulins
http://www_wikidata_org/entity/Q117289013,Robespierre
http://www_wikidata_org/entity/Q117359739,Robert
http://www_wikidata_org/entity/Q11739621,Klara Raptusiewiczówna
http://www_wikidata_org/entity/Q11739633,Q11739633
http://www_wikidata_org/entity/Q1174116,Dick Casablancas
http://www_wikidata_org/entity/Q117422242,Ran
http://www_wikidata_org/entity/Q117459347,Jacko Kookaburra
http://www_wikidata_org/entity/Q1174625,Lifeguard
http://www_wikidata_org/entity/Q117474558,General Klump
http://www_wikidata_org/entity/Q117486902,Girly Teengirl
http://www_wikidata_org/entity/Q117662573,Iraklis Fragkoulis
http://www_wikidata_org/entity/Q117662629,Amalia Fragkouli
http://www_wikidata_org/entity/Q117662665,Nina
http://www_wikidata_org/entity/Q117662676,Christos
http://www_wikidata_org/entity/Q117662700,Filippos
http://www_wikidata_org/entity/Q117662718,Dolly
http://www_wikidata_org/entity/Q11767009,Mandor
http://www_wikidata_org/entity/Q117707191,Tulin
http://www_wikidata_org/entity/Q117707260,Riju
http://www_wikidata_org/entity/Q117711406,Galactic Emperor
http://www_wikidata_org/entity/Q117714433,Void Reaver
http://www_wikidata_org/entity/Q117715850,Mr_ X
http://www_wikidata_org/entity/Q117742629,Charlie Tynan (Charlie Now)
http://www_wikidata_org/entity/Q117742637,Oliver
http://www_wikidata_org/entity/Q117742664,Nick Tynan (Da)
http://www_wikidata_org/entity/Q117742672,Maggie Tynan
http://www_wikidata_org/entity/Q117742679,Charlie Tynan (young Charlie)
http://www_wikidata_org/entity/Q117742715,Drumm
http://www_wikidata_org/entity/Q117742729,Mary Tate
http://www_wikidata_org/entity/Q117742745,Mrs_ Prynne
http://www_wikidata_org/entity/Q11777378,Menno Coehoorn
http://www_wikidata_org/entity/Q117777685,Daijin
http://www_wikidata_org/entity/Q11778325,Michael Carpenter
http://www_wikidata_org/entity/Q11779275,Michał Szuman
http://www_wikidata_org/entity/Q11784691,Moire
http://www_wikidata_org/entity/Q11790972,Nguma-monene
http://www_wikidata_org/entity/Q1179964,Murtagh
http://www_wikidata_org/entity/Q11801381,Osric
http://www_wikidata_org/entity/Q11802544,Q11802544
http://www_wikidata_org/entity/Q11802678,Q11802678
http://www_wikidata_org/entity/Q118123134,unnamed player character
http://www_wikidata_org/entity/Q118204522,RJ-83
http://www_wikidata_org/entity/Q11820707,Q11820707
http://www_wikidata_org/entity/Q11824990,Theo Kojak
http://www_wikidata_org/entity/Q118369439,Jumbo Josh
http://www_wikidata_org/entity/Q118469752,Banban
http://www_wikidata_org/entity/Q1184912,Pan Feng
http://www_wikidata_org/entity/Q118496849,Purah
http://www_wikidata_org/entity/Q11851585,Anna Kivivuori
http://www_wikidata_org/entity/Q11851706,Harley
http://www_wikidata_org/entity/Q11852213,Q11852213
http://www_wikidata_org/entity/Q11854408,Bloodsucker
http://www_wikidata_org/entity/Q1185545,Kenshiro
http://www_wikidata_org/entity/Q11858026,Q11858026
http://www_wikidata_org/entity/Q118601376,Sahocchi
http://www_wikidata_org/entity/Q118612727,Q118612727
http://www_wikidata_org/entity/Q1186288,Jackson Stewart
http://www_wikidata_org/entity/Q11866844,Nobody
http://www_wikidata_org/entity/Q11867504,Juhani Niskavuori
http://www_wikidata_org/entity/Q11872290,Commander Mozar
http://www_wikidata_org/entity/Q1188045,Quinlan Vos
http://www_wikidata_org/entity/Q11882921,Carbine
http://www_wikidata_org/entity/Q1188397,Petey Piranha
http://www_wikidata_org/entity/Q118849462,Comte Florotte
http://www_wikidata_org/entity/Q1188515,Virūḍhaka
http://www_wikidata_org/entity/Q1189037,Yra
http://www_wikidata_org/entity/Q118905565,Kešši
http://www_wikidata_org/entity/Q118905569,Dixon Hawke
http://www_wikidata_org/entity/Q118985834,Queen Elena Castillo Flores of Avalor
http://www_wikidata_org/entity/Q11898719,Throttle
http://www_wikidata_org/entity/Q11901638,Vinnie
http://www_wikidata_org/entity/Q1190608,Newt Scamander
http://www_wikidata_org/entity/Q119066643,Beertje van de Loge
http://www_wikidata_org/entity/Q11910388,Vernon Dursley
http://www_wikidata_org/entity/Q1191282,Lisbeth Salander
http://www_wikidata_org/entity/Q119141579,Mirror Spock
http://www_wikidata_org/entity/Q119181817,Chad and Chet
http://www_wikidata_org/entity/Q119198698,Mouse Fitzgerald
http://www_wikidata_org/entity/Q119215632,M-OC
http://www_wikidata_org/entity/Q1193472,Mr_ Krabs
http://www_wikidata_org/entity/Q11937,Scrooge McDuck
http://www_wikidata_org/entity/Q1194074,James Whistler
http://www_wikidata_org/entity/Q119438018,2-Bit
http://www_wikidata_org/entity/Q11950923,Tarchetius
http://www_wikidata_org/entity/Q1195281,Henryk Batuta hoax
http://www_wikidata_org/entity/Q11958446,Antonin Dolohov
http://www_wikidata_org/entity/Q11960613,Bereg
http://www_wikidata_org/entity/Q11961983,Boron
http://www_wikidata_org/entity/Q11961984,Boromir
http://www_wikidata_org/entity/Q11966202,Durin II
http://www_wikidata_org/entity/Q11966207,Durin V
http://www_wikidata_org/entity/Q119679219,Vinicius
http://www_wikidata_org/entity/Q11967979,Estelmo
http://www_wikidata_org/entity/Q11969839,Farin
http://www_wikidata_org/entity/Q11971471,Gamil Zirak
http://www_wikidata_org/entity/Q11973038,Gróin
http://www_wikidata_org/entity/Q11974614,Hedvig Ekdal
http://www_wikidata_org/entity/Q11976534,Q11976534
http://www_wikidata_org/entity/Q119806391,Cleo
http://www_wikidata_org/entity/Q119828796,Q119828796
http://www_wikidata_org/entity/Q119857429,Judy (Ask Sally)
http://www_wikidata_org/entity/Q119857856,Sally (Ask Sally)
http://www_wikidata_org/entity/Q11991677,Nora Helmer
http://www_wikidata_org/entity/Q1199260,Q1199260
http://www_wikidata_org/entity/Q119932181,Duraisingam
http://www_wikidata_org/entity/Q11994033,Orange Bird
http://www_wikidata_org/entity/Q12000499,Simbelmynë
http://www_wikidata_org/entity/Q1200192,Midna
http://www_wikidata_org/entity/Q1200960,Mayuri Kurotsuchi
http://www_wikidata_org/entity/Q1200966,Kenpachi Zaraki
http://www_wikidata_org/entity/Q120143824,Sniffer
http://www_wikidata_org/entity/Q12034945,Makar and Meássë
http://www_wikidata_org/entity/Q12038,Cthulhu
http://www_wikidata_org/entity/Q120398186,Thor
http://www_wikidata_org/entity/Q120405902,Eva Braun
http://www_wikidata_org/entity/Q120435011,Patrice Blazing
http://www_wikidata_org/entity/Q1204489,German Wine Queen
http://www_wikidata_org/entity/Q120487813,"Shaggy Rogers, Jr_"
http://www_wikidata_org/entity/Q120635964,Eleonor
http://www_wikidata_org/entity/Q1207022,Meng You
http://www_wikidata_org/entity/Q120717241,Teba
http://www_wikidata_org/entity/Q120717303,Harth
http://www_wikidata_org/entity/Q120717776,Martian Man
http://www_wikidata_org/entity/Q120775750,Dan Briggs (character)
http://www_wikidata_org/entity/Q120847043,Zetton
http://www_wikidata_org/entity/Q120850296,Rhedosaurus
http://www_wikidata_org/entity/Q120913169,Jake Wheeler
http://www_wikidata_org/entity/Q121007318,Superfly
http://www_wikidata_org/entity/Q121076030,The Stormfather
http://www_wikidata_org/entity/Q121076114,Waxillium Ladrian
http://www_wikidata_org/entity/Q121078346,Bavadin
http://www_wikidata_org/entity/Q121078396,Odium
http://www_wikidata_org/entity/Q121097749,Sven Hjerson
http://www_wikidata_org/entity/Q121283139,Alan
http://www_wikidata_org/entity/Q121356164,Mr_ Coco
http://www_wikidata_org/entity/Q121434003,Ban Heesoo
http://www_wikidata_org/entity/Q121484080,Jelonzo
http://www_wikidata_org/entity/Q121484147,Murch
http://www_wikidata_org/entity/Q12149627,Q12149627
http://www_wikidata_org/entity/Q121549125,Smoky
http://www_wikidata_org/entity/Q121841,Leela
http://www_wikidata_org/entity/Q121992618,Canute
http://www_wikidata_org/entity/Q122031530,Georgette
http://www_wikidata_org/entity/Q1221148,Merovingian
http://www_wikidata_org/entity/Q12221395,Leaflock
http://www_wikidata_org/entity/Q12230465,Frank Longbottom
http://www_wikidata_org/entity/Q122421988,Seagorath
http://www_wikidata_org/entity/Q122443125,Q122443125
http://www_wikidata_org/entity/Q12250918,Heir of Slytherin
http://www_wikidata_org/entity/Q1226010,Sycorax
http://www_wikidata_org/entity/Q1227669,Erichtho
http://www_wikidata_org/entity/Q1227698,Ungoliant
http://www_wikidata_org/entity/Q12281858,Isembard Took
http://www_wikidata_org/entity/Q122841595,Yord
http://www_wikidata_org/entity/Q12287444,Muzgash
http://www_wikidata_org/entity/Q122909015,Granart
http://www_wikidata_org/entity/Q122920418,Zeta
http://www_wikidata_org/entity/Q122920909,Lambda
http://www_wikidata_org/entity/Q122936827,ebosi
http://www_wikidata_org/entity/Q122955628,Tiger
http://www_wikidata_org/entity/Q122963945,Zoya
http://www_wikidata_org/entity/Q12298057,Khîm
http://www_wikidata_org/entity/Q122983959,Kingbaum
http://www_wikidata_org/entity/Q123000082,Pathaan
http://www_wikidata_org/entity/Q12301025,Q12301025
http://www_wikidata_org/entity/Q123021240,Masto Don
http://www_wikidata_org/entity/Q123023860,Milla Sofia
http://www_wikidata_org/entity/Q123053852,Clothes
http://www_wikidata_org/entity/Q12308254,Q12308254
http://www_wikidata_org/entity/Q123111786,Jim
http://www_wikidata_org/entity/Q123137876,Geròlamo
http://www_wikidata_org/entity/Q12315790,Q12315790
http://www_wikidata_org/entity/Q123176784,Lady Tree
http://www_wikidata_org/entity/Q123180126,Wesley Gibson
http://www_wikidata_org/entity/Q123195216,Shizuku
http://www_wikidata_org/entity/Q12321099,Q12321099
http://www_wikidata_org/entity/Q123221715,Komachiyo
http://www_wikidata_org/entity/Q123280460,Akkun Daimao
http://www_wikidata_org/entity/Q123301532,Touka Kirishima
http://www_wikidata_org/entity/Q123367568,Effie Morales
http://www_wikidata_org/entity/Q1233853,Doctor Fate
http://www_wikidata_org/entity/Q123468574,Wilkins and Wontkins
http://www_wikidata_org/entity/Q123472476,Astarion
http://www_wikidata_org/entity/Q123514511,Nebride
http://www_wikidata_org/entity/Q123514654,Major Metallitron
http://www_wikidata_org/entity/Q123518551,Hero of the Wild
http://www_wikidata_org/entity/Q123518705,Hero of Hyrule
http://www_wikidata_org/entity/Q123518738,Hero of Time
http://www_wikidata_org/entity/Q123523375,Hero of the Sky
http://www_wikidata_org/entity/Q123523381,Hero of the Minish
http://www_wikidata_org/entity/Q123523390,Hero of Twilight
http://www_wikidata_org/entity/Q123523408,Hero of Legend
http://www_wikidata_org/entity/Q123523409,Hero of the Winds
http://www_wikidata_org/entity/Q123523410,Hero of Trains
http://www_wikidata_org/entity/Q123523411,New Hero of Hyrule
http://www_wikidata_org/entity/Q123531213,David 8
http://www_wikidata_org/entity/Q123558439,"The Dwarf in the Flask, Homunculus"
http://www_wikidata_org/entity/Q123560201,Hero of the Four Sword
http://www_wikidata_org/entity/Q123560202,Hero of Light
http://www_wikidata_org/entity/Q123566755,Super 17
http://www_wikidata_org/entity/Q123573770,Amauta Sau
http://www_wikidata_org/entity/Q123574432,Dahaka
http://www_wikidata_org/entity/Q123584925,Q123584925
http://www_wikidata_org/entity/Q123585167,Montblanc
http://www_wikidata_org/entity/Q123697444,Thomas Hutter
http://www_wikidata_org/entity/Q123697744,Ellen Hutter
http://www_wikidata_org/entity/Q123704047,Knock
http://www_wikidata_org/entity/Q123739137,Gochgarishan
http://www_wikidata_org/entity/Q123858076,Chief ARP Warden Hodges
http://www_wikidata_org/entity/Q12389,Donkey Kong
http://www_wikidata_org/entity/Q124041743,Tabby
http://www_wikidata_org/entity/Q124048230,Victoria Heyes
http://www_wikidata_org/entity/Q124061765,kirinki
http://www_wikidata_org/entity/Q124061894,Armadillo
http://www_wikidata_org/entity/Q124077741,Sergeant Cuff
http://www_wikidata_org/entity/Q124125933,Varis Sul
http://www_wikidata_org/entity/Q124135028,Asellus
http://www_wikidata_org/entity/Q124167588,Kerry Young
http://www_wikidata_org/entity/Q124212068,Olly
http://www_wikidata_org/entity/Q124213536,Kruge
http://www_wikidata_org/entity/Q124246018,Steve Banning
http://www_wikidata_org/entity/Q124261150,Marcille Donato
http://www_wikidata_org/entity/Q124284880,Leo Kliesen
http://www_wikidata_org/entity/Q124284927,Arthur Shelby Jr_
http://www_wikidata_org/entity/Q124301725,Genji
http://www_wikidata_org/entity/Q124320004,Hyrsam
http://www_wikidata_org/entity/Q124320076,Neifion
http://www_wikidata_org/entity/Q124320088,Nintra Siotta
http://www_wikidata_org/entity/Q124320113,Prince of Frost
http://www_wikidata_org/entity/Q124320170,Stag King
http://www_wikidata_org/entity/Q124320223,Kannoth
http://www_wikidata_org/entity/Q124329587,Christopher Columbus
http://www_wikidata_org/entity/Q124337741,Turnip Boy
http://www_wikidata_org/entity/Q124366228,The Beast
http://www_wikidata_org/entity/Q124370319,Eliza Scarlet
http://www_wikidata_org/entity/Q124389929,Wingnut
http://www_wikidata_org/entity/Q124389934,Screwloose
http://www_wikidata_org/entity/Q124399175,Merkava
http://www_wikidata_org/entity/Q124446060,Karbonkel
http://www_wikidata_org/entity/Q124473732,Q124473732
http://www_wikidata_org/entity/Q124505786,Giselle
http://www_wikidata_org/entity/Q124515805,Tom
http://www_wikidata_org/entity/Q124516206,Monsterex
http://www_wikidata_org/entity/Q124516760,Pirotess
http://www_wikidata_org/entity/Q124517863,Bobby
http://www_wikidata_org/entity/Q124526418,Tina and Milo
http://www_wikidata_org/entity/Q124542020,Hiccup Horrendous Haddock III
http://www_wikidata_org/entity/Q124608612,Camel
http://www_wikidata_org/entity/Q124639636,Bogged
http://www_wikidata_org/entity/Q1246492,Perry Clifton
http://www_wikidata_org/entity/Q124666064,Baxter Stockman
http://www_wikidata_org/entity/Q124680450,Baxter Stockman
http://www_wikidata_org/entity/Q124685641,Giant Sewer Snake
http://www_wikidata_org/entity/Q124717286,Rash
http://www_wikidata_org/entity/Q124717979,Zitz
http://www_wikidata_org/entity/Q124718161,Pimple
http://www_wikidata_org/entity/Q124719375,Riptor
http://www_wikidata_org/entity/Q124756662,AFC Blinky
http://www_wikidata_org/entity/Q124795999,Mozar
http://www_wikidata_org/entity/Q124796700,Zanramon
http://www_wikidata_org/entity/Q124797082,Zog
http://www_wikidata_org/entity/Q124797784,Zog
http://www_wikidata_org/entity/Q124797837,Mozar
http://www_wikidata_org/entity/Q12481710,Dixon Hill
http://www_wikidata_org/entity/Q124833783,Faranne
http://www_wikidata_org/entity/Q124835555,Ophelia
http://www_wikidata_org/entity/Q124853716,Liberty 5-3000
http://www_wikidata_org/entity/Q1248616,Puck
http://www_wikidata_org/entity/Q124882184,Isilmë
http://www_wikidata_org/entity/Q124883017,Zax
http://www_wikidata_org/entity/Q124883131,Zoran
http://www_wikidata_org/entity/Q124883143,Zanmoran
http://www_wikidata_org/entity/Q124883154,Zeno
http://www_wikidata_org/entity/Q124883171,Zovox
http://www_wikidata_org/entity/Q124883181,Zarus
http://www_wikidata_org/entity/Q124883197,Zork
http://www_wikidata_org/entity/Q124883221,Zork
http://www_wikidata_org/entity/Q124896162,Justin
http://www_wikidata_org/entity/Q124924096,Fungus Humungous
http://www_wikidata_org/entity/Q124936641,Angel Dust
http://www_wikidata_org/entity/Q124938538,Elatan
http://www_wikidata_org/entity/Q1249555,Roberta Sparrow
http://www_wikidata_org/entity/Q124963449,Scumbug
http://www_wikidata_org/entity/Q124967596,Superwoman
http://www_wikidata_org/entity/Q12498478,Michael Corner
http://www_wikidata_org/entity/Q1250338,Narcissa Malfoy
http://www_wikidata_org/entity/Q12507581,Rabastan Lestrange
http://www_wikidata_org/entity/Q1250951,Cornelius Fudge
http://www_wikidata_org/entity/Q125101165,Hate-Monger
http://www_wikidata_org/entity/Q125120467,Xianyun
http://www_wikidata_org/entity/Q1251394,Viktor Krum
http://www_wikidata_org/entity/Q125157412,Bia
http://www_wikidata_org/entity/Q125168070,Quazer Beast
http://www_wikidata_org/entity/Q125179123,Agnes Crumplebottom
http://www_wikidata_org/entity/Q125346350,Eson the Searcher
http://www_wikidata_org/entity/Q125346398,Nezarr the Calculator
http://www_wikidata_org/entity/Q125346418,Gammenon the Gatherer
http://www_wikidata_org/entity/Q125346636,Oneg the Prober
http://www_wikidata_org/entity/Q125348225,Tefral the Surveyor
http://www_wikidata_org/entity/Q125348252,Jemiah the Analyzer
http://www_wikidata_org/entity/Q125348273,Hargen the Measurer
http://www_wikidata_org/entity/Q125348295,Dreaming Celestial
http://www_wikidata_org/entity/Q125359987,One Above All
http://www_wikidata_org/entity/Q125374100,Benedick
http://www_wikidata_org/entity/Q125374118,Claudio
http://www_wikidata_org/entity/Q125374125,Don John
http://www_wikidata_org/entity/Q125382340,Sidi
http://www_wikidata_org/entity/Q125382619,Lakunle
http://www_wikidata_org/entity/Q125382751,Baroka
http://www_wikidata_org/entity/Q125382834,Sadiku
http://www_wikidata_org/entity/Q125447390,Orchaldor
http://www_wikidata_org/entity/Q125457497,Hatholdir
http://www_wikidata_org/entity/Q125470294,Sir Clinton Driffield
http://www_wikidata_org/entity/Q125477473,Soronto
http://www_wikidata_org/entity/Q1254860,Pomona Sprout
http://www_wikidata_org/entity/Q1254953,Dobby
http://www_wikidata_org/entity/Q125502229,Peashooter
http://www_wikidata_org/entity/Q125502318,Snow Pea
http://www_wikidata_org/entity/Q125502325,Sunflower
http://www_wikidata_org/entity/Q125502430,Wall-nut
http://www_wikidata_org/entity/Q125502445,Potato Mine
http://www_wikidata_org/entity/Q125502452,Giant Wall-nut
http://www_wikidata_org/entity/Q125502457,Explode-o-nut
http://www_wikidata_org/entity/Q125502463,Repeater
http://www_wikidata_org/entity/Q125502467,Chomper
http://www_wikidata_org/entity/Q125502493,Cherry Bomb
http://www_wikidata_org/entity/Q125502514,Puff-shroom
http://www_wikidata_org/entity/Q125502518,Sun-shroom
http://www_wikidata_org/entity/Q125502520,Fume-shroom
http://www_wikidata_org/entity/Q125502526,Grave Buster
http://www_wikidata_org/entity/Q125502529,Hypno-shroom
http://www_wikidata_org/entity/Q125502531,Scaredy-shroom
http://www_wikidata_org/entity/Q125502534,Ice-shroom
http://www_wikidata_org/entity/Q125502537,Doom-shroom
http://www_wikidata_org/entity/Q125502543,Lily Pad
http://www_wikidata_org/entity/Q125502547,Squash
http://www_wikidata_org/entity/Q125502551,Threepeater
http://www_wikidata_org/entity/Q125502553,Tangle Kelp
http://www_wikidata_org/entity/Q125502559,Jalapeño
http://www_wikidata_org/entity/Q125502562,Spikeweed
http://www_wikidata_org/entity/Q125502568,Torchwood
http://www_wikidata_org/entity/Q125502570,Tall-nut
http://www_wikidata_org/entity/Q125502572,Sea-shroom
http://www_wikidata_org/entity/Q125502576,Plantern
http://www_wikidata_org/entity/Q125502580,Cactus
http://www_wikidata_org/entity/Q125502586,Blover
http://www_wikidata_org/entity/Q125502593,Split Pea
http://www_wikidata_org/entity/Q125502598,Starfruit
http://www_wikidata_org/entity/Q125502603,Future Star
http://www_wikidata_org/entity/Q125502611,Pumpkin
http://www_wikidata_org/entity/Q125502612,Magnet-shroom
http://www_wikidata_org/entity/Q125506116,Bumi
http://www_wikidata_org/entity/Q125511238,Cooper Howard
http://www_wikidata_org/entity/Q1255759,Igor Karkaroff
http://www_wikidata_org/entity/Q125628783,Monty P_ Moneybags
http://www_wikidata_org/entity/Q125635304,Doc
http://www_wikidata_org/entity/Q125635727,Uncle Traveling Matt
http://www_wikidata_org/entity/Q125635758,Edgar and Sabin
http://www_wikidata_org/entity/Q125688959,Hildibrand Manderville
http://www_wikidata_org/entity/Q125695292,Smokie
http://www_wikidata_org/entity/Q1256952,Filius Flitwick
http://www_wikidata_org/entity/Q125695352,Tart
http://www_wikidata_org/entity/Q125720420,puffle
http://www_wikidata_org/entity/Q125720696,blue puffle
http://www_wikidata_org/entity/Q125720979,pink puffle
http://www_wikidata_org/entity/Q125721021,green puffle
http://www_wikidata_org/entity/Q125721066,black puffle
http://www_wikidata_org/entity/Q125721102,purple puffle
http://www_wikidata_org/entity/Q125721160,red puffle
http://www_wikidata_org/entity/Q125721251,yellow puffle
http://www_wikidata_org/entity/Q125721314,white puffle
http://www_wikidata_org/entity/Q125721367,orange puffle
http://www_wikidata_org/entity/Q125721430,brown puffle
http://www_wikidata_org/entity/Q125721484,rainbow puffle
http://www_wikidata_org/entity/Q125721552,gold puffle
http://www_wikidata_org/entity/Q125721972,O' Berry
http://www_wikidata_org/entity/Q125758393,Cecil Harvey
http://www_wikidata_org/entity/Q125767223,Huyang
http://www_wikidata_org/entity/Q125767862,King Magnifico
http://www_wikidata_org/entity/Q1258261,Chris Taub
http://www_wikidata_org/entity/Q125847623,Mervin Wilson
http://www_wikidata_org/entity/Q125847704,Neville Parker
http://www_wikidata_org/entity/Q125856191,Alena
http://www_wikidata_org/entity/Q125862164,pooka fish
http://www_wikidata_org/entity/Q1258661,Quirinus Quirrell
http://www_wikidata_org/entity/Q125895257,Harue Shigima
http://www_wikidata_org/entity/Q125919802,Mary
http://www_wikidata_org/entity/Q125942808,Q125942808
http://www_wikidata_org/entity/Q125965662,Kevin
http://www_wikidata_org/entity/Q125981073,Hero
http://www_wikidata_org/entity/Q126112965,Ragnar McRyan
http://www_wikidata_org/entity/Q1261224,Olympe Maxime
http://www_wikidata_org/entity/Q126164225,Maya and Meena
http://www_wikidata_org/entity/Q126189797,Blue
http://www_wikidata_org/entity/Q126192430,Mrs_ Brisby
http://www_wikidata_org/entity/Q126198660,Totó Bodega
http://www_wikidata_org/entity/Q126203702,Pearl
http://www_wikidata_org/entity/Q126366791,Evil Morty
http://www_wikidata_org/entity/Q1263791,Phineas Nigellus Black
http://www_wikidata_org/entity/Q12639396,Arthad
http://www_wikidata_org/entity/Q126430372,Diplo
http://www_wikidata_org/entity/Q1264443,Vesna
http://www_wikidata_org/entity/Q126457867,Howard Blandy
http://www_wikidata_org/entity/Q126467103,Friend
http://www_wikidata_org/entity/Q126542856,Q126542856
http://www_wikidata_org/entity/Q126723956,Guppy
http://www_wikidata_org/entity/Q126723961,Beetlemuncher
http://www_wikidata_org/entity/Q126727116,Maru
http://www_wikidata_org/entity/Q126728165,Tighnari
http://www_wikidata_org/entity/Q1267764,Dustin the Turkey
http://www_wikidata_org/entity/Q126801236,Don Grouper
http://www_wikidata_org/entity/Q126801474,Grubby Grouper
http://www_wikidata_org/entity/Q126811282,The Narrator
http://www_wikidata_org/entity/Q1268216,Barty Crouch
http://www_wikidata_org/entity/Q126887939,Fionil
http://www_wikidata_org/entity/Q126890709,Angry Jack
http://www_wikidata_org/entity/Q1268996,Gabrielle Delacour
http://www_wikidata_org/entity/Q1269082,Alice
http://www_wikidata_org/entity/Q126908679,Melony
http://www_wikidata_org/entity/Q126913915,Shroomy
http://www_wikidata_org/entity/Q126927517,Gobkyū
http://www_wikidata_org/entity/Q126935979,Vertin
http://www_wikidata_org/entity/Q126953350,Gennady Rakitin
http://www_wikidata_org/entity/Q126954042,Lucario
http://www_wikidata_org/entity/Q126954174,Mew
http://www_wikidata_org/entity/Q126967186,Lunlun
http://www_wikidata_org/entity/Q126979817,Harry Hawk
http://www_wikidata_org/entity/Q12701985,Ritchie Coote
http://www_wikidata_org/entity/Q127040175,Ponyboy Curtis
http://www_wikidata_org/entity/Q12714290,Dorcas Meadowes
http://www_wikidata_org/entity/Q12714339,Edgar Bones
http://www_wikidata_org/entity/Q12715424,Herpo the Foul
http://www_wikidata_org/entity/Q12716046,Casper Diligent
http://www_wikidata_org/entity/Q12716760,Marlene McKinnon
http://www_wikidata_org/entity/Q127218994,Hop
http://www_wikidata_org/entity/Q127219299,Îbal
http://www_wikidata_org/entity/Q127219577,Zamîn
http://www_wikidata_org/entity/Q127219995,Ulbar
http://www_wikidata_org/entity/Q127220303,Henderch
http://www_wikidata_org/entity/Q12723880,Q12723880
http://www_wikidata_org/entity/Q1272613,Ludo Bagman
http://www_wikidata_org/entity/Q12736373,Nae Cațavencu
http://www_wikidata_org/entity/Q12740779,Shibugarasu
http://www_wikidata_org/entity/Q127415842,The Yellow King
http://www_wikidata_org/entity/Q127428962,Uniqua
http://www_wikidata_org/entity/Q12743968,Zaharia Trahanache
http://www_wikidata_org/entity/Q12744065,Zoe Trahanache
http://www_wikidata_org/entity/Q127547376,Rex
http://www_wikidata_org/entity/Q127547859,Mrs_ Wormsley
http://www_wikidata_org/entity/Q127548751,moon jellyfish
http://www_wikidata_org/entity/Q127548910,Kevin C_ Cucumber
http://www_wikidata_org/entity/Q127583383,Anton Rayne
http://www_wikidata_org/entity/Q127605856,Wind Fish
http://www_wikidata_org/entity/Q127608124,Gob'emon
http://www_wikidata_org/entity/Q127654821,Will Solace
http://www_wikidata_org/entity/Q127687861,George Lundgren
http://www_wikidata_org/entity/Q127699021,Healie
http://www_wikidata_org/entity/Q127735125,CZ2128 Delta
http://www_wikidata_org/entity/Q127757781,Princess Liliana
http://www_wikidata_org/entity/Q127757935,King Plumpfeather
http://www_wikidata_org/entity/Q127758020,Queen Hildread
http://www_wikidata_org/entity/Q127766572,Jircniv Rune Farlord El-Nix
http://www_wikidata_org/entity/Q127776856,Ramposa III
http://www_wikidata_org/entity/Q12785052,Aranwë
http://www_wikidata_org/entity/Q12785117,Arminas
http://www_wikidata_org/entity/Q127877015,Tina
http://www_wikidata_org/entity/Q127879552,Bing Dwen Dwen
http://www_wikidata_org/entity/Q127879731,Quatchi
http://www_wikidata_org/entity/Q127880060,Soohorang
http://www_wikidata_org/entity/Q12788306,Elemmakil
http://www_wikidata_org/entity/Q127893419,Wenlock
http://www_wikidata_org/entity/Q127900502,Stripe
http://www_wikidata_org/entity/Q127903362,Antilene Heran Fouche
http://www_wikidata_org/entity/Q127947812,BBQ Basher
http://www_wikidata_org/entity/Q127947814,Cannon
http://www_wikidata_org/entity/Q127947816,Mustard Masher
http://www_wikidata_org/entity/Q127947820,Ketchup Crasher
http://www_wikidata_org/entity/Q127947822,The Ramekins
http://www_wikidata_org/entity/Q127947829,Spiky Guac
http://www_wikidata_org/entity/Q127947838,Blazeberry
http://www_wikidata_org/entity/Q12800321,Roderick Plumpton
http://www_wikidata_org/entity/Q128003264,Fonn
http://www_wikidata_org/entity/Q128003740,Snow Children
http://www_wikidata_org/entity/Q128004911,Old Snow
http://www_wikidata_org/entity/Q12800627,Rúmil of Lórien
http://www_wikidata_org/entity/Q128029481,Stagger-stave
http://www_wikidata_org/entity/Q128030929,Mille
http://www_wikidata_org/entity/Q12807445,Ščeper
http://www_wikidata_org/entity/Q1282345,Caterpillar
http://www_wikidata_org/entity/Q128335,Indra
http://www_wikidata_org/entity/Q128495,Alpha 5
http://www_wikidata_org/entity/Q1285754,Hälge
http://www_wikidata_org/entity/Q128651391,Oh Il-nam
http://www_wikidata_org/entity/Q128651980,Ali Abdul
http://www_wikidata_org/entity/Q128652040,Jang Deok-su
http://www_wikidata_org/entity/Q128652275,Han Mi-nyeo
http://www_wikidata_org/entity/Q12866456,Elemmírë
http://www_wikidata_org/entity/Q12867477,Q12867477
http://www_wikidata_org/entity/Q128701440,Arthur
http://www_wikidata_org/entity/Q128878513,Gittel Mosca
http://www_wikidata_org/entity/Q1289624,Snufkin
http://www_wikidata_org/entity/Q128983502,Cornelius
http://www_wikidata_org/entity/Q128984213,Albert Steptoe
http://www_wikidata_org/entity/Q129009908,Dark Mican
http://www_wikidata_org/entity/Q129015123,Widow
http://www_wikidata_org/entity/Q129034340,Stu
http://www_wikidata_org/entity/Q129063979,Jack Jarvis
http://www_wikidata_org/entity/Q129075100,Georgie Lane
http://www_wikidata_org/entity/Q129078542,Elvis Harte
http://www_wikidata_org/entity/Q129156176,Pathaan
http://www_wikidata_org/entity/Q129513757,Exitar the Executioner
http://www_wikidata_org/entity/Q129571509,Amalie Schneider
http://www_wikidata_org/entity/Q129571510,Sälmel
http://www_wikidata_org/entity/Q129571689,Anatole Stieffatre
http://www_wikidata_org/entity/Q129571690,Sophie
http://www_wikidata_org/entity/Q129571691,Cécile
http://www_wikidata_org/entity/Q129571692,Désiré Enishänsel
http://www_wikidata_org/entity/Q129571693,Jules Karcher
http://www_wikidata_org/entity/Q129571694,Barthélemy Schanté
http://www_wikidata_org/entity/Q129571695,É Kommissionär
http://www_wikidata_org/entity/Q129576104,Dr_ Emil Helfer
http://www_wikidata_org/entity/Q129576485,Juliette
http://www_wikidata_org/entity/Q12963444,Doctor Poison
http://www_wikidata_org/entity/Q129676036,Jugem
http://www_wikidata_org/entity/Q129745813,Madame Schweberle
http://www_wikidata_org/entity/Q129745815,Oscar
http://www_wikidata_org/entity/Q129745817,Madame Lewermann
http://www_wikidata_org/entity/Q129745819,Suzanne
http://www_wikidata_org/entity/Q129745821,Jean Brey
http://www_wikidata_org/entity/Q129745823,Schakob
http://www_wikidata_org/entity/Q129838733,Henley
http://www_wikidata_org/entity/Q129910671,Clerdon
http://www_wikidata_org/entity/Q129998751,Imina
http://www_wikidata_org/entity/Q13012798,Galatea Merrythought
http://www_wikidata_org/entity/Q130131181,Petitcrieu
http://www_wikidata_org/entity/Q130210570,Tindómiel
http://www_wikidata_org/entity/Q130218455,Q130218455
http://www_wikidata_org/entity/Q130232968,Camilla
http://www_wikidata_org/entity/Q130233126,Cassilda
http://www_wikidata_org/entity/Q130233127,Stranger
http://www_wikidata_org/entity/Q130244478,Ashema the Listener
http://www_wikidata_org/entity/Q130244505,Blue Celestial
http://www_wikidata_org/entity/Q130244603,Callus the Void
http://www_wikidata_org/entity/Q130244624,Celestial Madonna
http://www_wikidata_org/entity/Q130244626,Devron the Experimenter
http://www_wikidata_org/entity/Q13026554,Goku Jr_
http://www_wikidata_org/entity/Q130278630,Q130278630
http://www_wikidata_org/entity/Q130283384,Ladja
http://www_wikidata_org/entity/Q130284197,Manwendil
http://www_wikidata_org/entity/Q130285524,Q130285524
http://www_wikidata_org/entity/Q130288088,Kankata Ramzan
http://www_wikidata_org/entity/Q1302884,Lektro
http://www_wikidata_org/entity/Q130294382,Gillian Holroyd
http://www_wikidata_org/entity/Q130304909,Reruhi-san
http://www_wikidata_org/entity/Q130305643,Mio Kurosuzu
http://www_wikidata_org/entity/Q130326414,Nei
http://www_wikidata_org/entity/Q130330266,Puzzly
http://www_wikidata_org/entity/Q130347904,Olive Specter
http://www_wikidata_org/entity/Q130355223,The Caliente Sisters
http://www_wikidata_org/entity/Q130355247,Nina Caliente
http://www_wikidata_org/entity/Q130355248,Dina Caliente
http://www_wikidata_org/entity/Q130385011,Vardilmë
http://www_wikidata_org/entity/Q130397840,Creaking
http://www_wikidata_org/entity/Q130416259,Aulendil
http://www_wikidata_org/entity/Q130427971,Fronk
http://www_wikidata_org/entity/Q130428118,Pyoro
http://www_wikidata_org/entity/Q130518101,Shin Godzilla
http://www_wikidata_org/entity/Q130520557,Dhananjay Mane
http://www_wikidata_org/entity/Q130536714,Aribunta
http://www_wikidata_org/entity/Q130542625,Prerna Sharma
http://www_wikidata_org/entity/Q130549018,King of the Party
http://www_wikidata_org/entity/Q130549099,Themself
http://www_wikidata_org/entity/Q130549108,Mother
http://www_wikidata_org/entity/Q130549115,Grandmother
http://www_wikidata_org/entity/Q130549123,Great Grandfather
http://www_wikidata_org/entity/Q130549187,Mixed
http://www_wikidata_org/entity/Q130549196,Mom
http://www_wikidata_org/entity/Q130549217,Dave
http://www_wikidata_org/entity/Q130549221,Dawn
http://www_wikidata_org/entity/Q130549228,Lisa
http://www_wikidata_org/entity/Q130549233,Emily
http://www_wikidata_org/entity/Q130549687,Aubrey
http://www_wikidata_org/entity/Q130549695,Cam
http://www_wikidata_org/entity/Q130549697,Jude
http://www_wikidata_org/entity/Q130684498,Sunda
http://www_wikidata_org/entity/Q130704978,Krishashva
http://www_wikidata_org/entity/Q130705123,Jaya
http://www_wikidata_org/entity/Q130705212,Vijaya
http://www_wikidata_org/entity/Q130705264,Samhara
http://www_wikidata_org/entity/Q130708027,Guha
http://www_wikidata_org/entity/Q130708933,Bharadwaja
http://www_wikidata_org/entity/Q1307185,Hador
http://www_wikidata_org/entity/Q130724753,Godzilla
http://www_wikidata_org/entity/Q130742029,Anxiety
http://www_wikidata_org/entity/Q130783665,Godzilla
http://www_wikidata_org/entity/Q130855277,Captain James
http://www_wikidata_org/entity/Q130857912,Chill guy
http://www_wikidata_org/entity/Q13090126,Pollux Black
http://www_wikidata_org/entity/Q13097371,Sukrasana
http://www_wikidata_org/entity/Q130974479,Hindurao Dhonde Patil
http://www_wikidata_org/entity/Q131173623,Splat the Cat
http://www_wikidata_org/entity/Q131228195,SCP-023
http://www_wikidata_org/entity/Q131273182,Aglaia
http://www_wikidata_org/entity/Q131286540,Tiamat
http://www_wikidata_org/entity/Q131293212,Kong
http://www_wikidata_org/entity/Q131315362,Mairen
http://www_wikidata_org/entity/Q131315777,Sorak
http://www_wikidata_org/entity/Q131320002,Bookkeeper Gråberg
http://www_wikidata_org/entity/Q131345252,Babe Jenson
http://www_wikidata_org/entity/Q131346,Pandora
http://www_wikidata_org/entity/Q131360510,Yávien
http://www_wikidata_org/entity/Q131374995,Valya Harkonnen
http://www_wikidata_org/entity/Q1313761,Q1313761
http://www_wikidata_org/entity/Q13138945,Elendur of Arnor
http://www_wikidata_org/entity/Q131389733,Daniel Wendling
http://www_wikidata_org/entity/Q131389734,Lissel
http://www_wikidata_org/entity/Q131389735,Schorsch Peterhänsel
http://www_wikidata_org/entity/Q131389736,Theres
http://www_wikidata_org/entity/Q131389737,Andrees Bottjuckel
http://www_wikidata_org/entity/Q131389738,Velde Umecker
http://www_wikidata_org/entity/Q131389739,Michel Ohlmershans
http://www_wikidata_org/entity/Q131389740,Philipp Stawalter
http://www_wikidata_org/entity/Q131389992,De Chantelaur
http://www_wikidata_org/entity/Q131389993,Pinteau
http://www_wikidata_org/entity/Q131389994,De Morard
http://www_wikidata_org/entity/Q131389995,Des Vergettes
http://www_wikidata_org/entity/Q131389996,Un laquais
http://www_wikidata_org/entity/Q131389997,Marquise de Cernois
http://www_wikidata_org/entity/Q131389998,Hélène de Chantelaur
http://www_wikidata_org/entity/Q131389999,Renée de Cernois
http://www_wikidata_org/entity/Q131390000,Julie
http://www_wikidata_org/entity/Q131390001,Gévaudan
http://www_wikidata_org/entity/Q131394654,Inspector Alan Grant
http://www_wikidata_org/entity/Q131395372,Kala
http://www_wikidata_org/entity/Q131395379,Zak
http://www_wikidata_org/entity/Q131395552,Zorax
http://www_wikidata_org/entity/Q131395586,Tempestra
http://www_wikidata_org/entity/Q131396723,Paginet
http://www_wikidata_org/entity/Q131396724,Livergin
http://www_wikidata_org/entity/Q131396725,Plumarel
http://www_wikidata_org/entity/Q131396726,Dardillon
http://www_wikidata_org/entity/Q131396727,Rasanville
http://www_wikidata_org/entity/Q131396728,Joseph
http://www_wikidata_org/entity/Q131396729,Patrigeot
http://www_wikidata_org/entity/Q131396730,Madame Paginet
http://www_wikidata_org/entity/Q131396731,Targinette
http://www_wikidata_org/entity/Q131396732,Simone
http://www_wikidata_org/entity/Q131396733,Madame Livergin
http://www_wikidata_org/entity/Q131398765,Ptah
http://www_wikidata_org/entity/Q131401857,fictional Demon King
http://www_wikidata_org/entity/Q13140335,Q13140335
http://www_wikidata_org/entity/Q131406916,Oromendil
http://www_wikidata_org/entity/Q131412361,Herr Starkhans
http://www_wikidata_org/entity/Q131412362,Frau Dorothee (Dorthee)
http://www_wikidata_org/entity/Q131412363,Lieschen (Lissel)
http://www_wikidata_org/entity/Q131412364,Herr Mehlbrüh (Mehlbrüej)
http://www_wikidata_org/entity/Q131412365,Frau Rosine
http://www_wikidata_org/entity/Q131412366,Wolfgang
http://www_wikidata_org/entity/Q131412367,Christinchen (Christinel)
http://www_wikidata_org/entity/Q131412368,Lizenziat Mehlbrüh
http://www_wikidata_org/entity/Q131412389,Reinhold
http://www_wikidata_org/entity/Q131412390,Fr_ Prechterin (Prechtere)
http://www_wikidata_org/entity/Q131412391,Klärchen (Klärel)
http://www_wikidata_org/entity/Q131412392,Gläsler
http://www_wikidata_org/entity/Q131412393,Pfarrer Christlieb
http://www_wikidata_org/entity/Q131412394,Barbara (Berwel)
http://www_wikidata_org/entity/Q131412395,Brigitte (Bryd)
http://www_wikidata_org/entity/Q131412396,Claus
http://www_wikidata_org/entity/Q131427495,Tree of Souls
http://www_wikidata_org/entity/Q131429543,Q131429543
http://www_wikidata_org/entity/Q131429587,Q131429587
http://www_wikidata_org/entity/Q131429591,Emilie
http://www_wikidata_org/entity/Q131429592,Jeanne
http://www_wikidata_org/entity/Q131429593,Anatol
http://www_wikidata_org/entity/Q131429594,Jules Salber
http://www_wikidata_org/entity/Q131429595,Albert Reißer
http://www_wikidata_org/entity/Q131429596,Madame Susanne Schmidt
http://www_wikidata_org/entity/Q131429597,Susanne
http://www_wikidata_org/entity/Q131429598,Schampetiß Schneider (gen_ Général)
http://www_wikidata_org/entity/Q131429599,Ammej
http://www_wikidata_org/entity/Q131429600,Jean
http://www_wikidata_org/entity/Q131429601,Marie
http://www_wikidata_org/entity/Q131429602,Wanda Stern
http://www_wikidata_org/entity/Q131429603,Piefke
http://www_wikidata_org/entity/Q131429604,D’r Chrischtenatz
http://www_wikidata_org/entity/Q131429605,Erster Handwerker
http://www_wikidata_org/entity/Q131429606,Zweiter Handwerker
http://www_wikidata_org/entity/Q131429671,Q131429671
http://www_wikidata_org/entity/Q131429676,René Bimbernell
http://www_wikidata_org/entity/Q131429698,Q131429698
http://www_wikidata_org/entity/Q131429722,Lucie
http://www_wikidata_org/entity/Q131429745,Q131429745
http://www_wikidata_org/entity/Q131429746,Mme_ Wermischell
http://www_wikidata_org/entity/Q131429776,Emil Schrumpel
http://www_wikidata_org/entity/Q131429929,Q131429929
http://www_wikidata_org/entity/Q131429935,Mehrere Mitglieder vum S_ C_ „Preßluft“
http://www_wikidata_org/entity/Q131429936,Q131429936
http://www_wikidata_org/entity/Q131429940,Q131429940
http://www_wikidata_org/entity/Q131429944,Fritz Grinsinger
http://www_wikidata_org/entity/Q131429945,Caroline Grinsinger
http://www_wikidata_org/entity/Q131429946,Jeannette Grinsinger
http://www_wikidata_org/entity/Q131429947,Lisa Grinsinger
http://www_wikidata_org/entity/Q131429948,Auguste Grinsinger
http://www_wikidata_org/entity/Q131429949,Georges Ehrstein
http://www_wikidata_org/entity/Q131429950,Charles Durand
http://www_wikidata_org/entity/Q131429951,Dr_ Kneppchen
http://www_wikidata_org/entity/Q131429952,Hans Grinsinger
http://www_wikidata_org/entity/Q131429953,Karl Gauthier
http://www_wikidata_org/entity/Q131429954,Olga Gauthier
http://www_wikidata_org/entity/Q131429955,Rièmer
http://www_wikidata_org/entity/Q131429956,Le baron de Rose
http://www_wikidata_org/entity/Q131429957,Marie
http://www_wikidata_org/entity/Q131429958,Ein Diener
http://www_wikidata_org/entity/Q131429959,Ein Gendarm
http://www_wikidata_org/entity/Q131429960,Ein Mitglied des Sachsenbundes
http://www_wikidata_org/entity/Q131429961,Ein Mitglied der Fanfare
http://www_wikidata_org/entity/Q131429962,Mitglieder des Sachsenbundes und der Fanfare Alsacienne
http://www_wikidata_org/entity/Q131429965,Alle
http://www_wikidata_org/entity/Q131430757,Pedro
http://www_wikidata_org/entity/Q131430758,D'r Herr Maire
http://www_wikidata_org/entity/Q131430759,Sancho
http://www_wikidata_org/entity/Q131430760,Mlle Florentine Blind
http://www_wikidata_org/entity/Q131430761,Dr_ Freundlich
http://www_wikidata_org/entity/Q131430762,Pepito
http://www_wikidata_org/entity/Q131430763,Seppel
http://www_wikidata_org/entity/Q131430764,Suzanne
http://www_wikidata_org/entity/Q131430765,Don Enriquo
http://www_wikidata_org/entity/Q131430766,Jerry
http://www_wikidata_org/entity/Q131430767,Lucie
http://www_wikidata_org/entity/Q131430768,Pablo
http://www_wikidata_org/entity/Q131430769,Pfeffer
http://www_wikidata_org/entity/Q131430771,Müller
http://www_wikidata_org/entity/Q131430772,Lehrer
http://www_wikidata_org/entity/Q131430773,Morte Velte
http://www_wikidata_org/entity/Q131430774,Schiere Hans
http://www_wikidata_org/entity/Q131430775,Tricointe
http://www_wikidata_org/entity/Q131430776,Eugénie Klein
http://www_wikidata_org/entity/Q131430777,Cyprien Gaudet
http://www_wikidata_org/entity/Q131430778,Anna
http://www_wikidata_org/entity/Q131430779,Marius
http://www_wikidata_org/entity/Q131430780,Rosalie
http://www_wikidata_org/entity/Q131430781,Louise
http://www_wikidata_org/entity/Q131430782,Octave Rosimond
http://www_wikidata_org/entity/Q131430783,Bienassis
http://www_wikidata_org/entity/Q131430784,Elise Muller
http://www_wikidata_org/entity/Q131430785,Joséphine Roth
http://www_wikidata_org/entity/Q131430786,Poche
http://www_wikidata_org/entity/Q131430787,Marthala
http://www_wikidata_org/entity/Q131430788,La Moulaine
http://www_wikidata_org/entity/Q131430789,Pinglet
http://www_wikidata_org/entity/Q131430790,Dirrebirels Dicker
http://www_wikidata_org/entity/Q131430791,Giltbür
http://www_wikidata_org/entity/Q131430792,Nejbierel
http://www_wikidata_org/entity/Q131430793,Ein Velocipedist
http://www_wikidata_org/entity/Q131430794,Doni
http://www_wikidata_org/entity/Q131430795,Ein Lump
http://www_wikidata_org/entity/Q131430796,Dorfpolizist
http://www_wikidata_org/entity/Q131430797,Briefbote
http://www_wikidata_org/entity/Q131430798,Besitzer eines Messtistandes
http://www_wikidata_org/entity/Q131430799,Marie
http://www_wikidata_org/entity/Q131430800,Grethl
http://www_wikidata_org/entity/Q131430801,Velocipedistin
http://www_wikidata_org/entity/Q131430802,Fränz
http://www_wikidata_org/entity/Q131430803,Bauernbursche
http://www_wikidata_org/entity/Q131430804,Meykäthel
http://www_wikidata_org/entity/Q131430805,Aelterer Bauer
http://www_wikidata_org/entity/Q131430806,Anderer Bauer
http://www_wikidata_org/entity/Q131430807,Ein Anderer
http://www_wikidata_org/entity/Q131430808,Die Bauern
http://www_wikidata_org/entity/Q131430809,Orgelmann
http://www_wikidata_org/entity/Q131430815,Gutierez
http://www_wikidata_org/entity/Q131430816,2 Page
http://www_wikidata_org/entity/Q131430817,4 Saldate
http://www_wikidata_org/entity/Q131430830,Steckelmann
http://www_wikidata_org/entity/Q131430831,Dr_ Ernest Spitzer
http://www_wikidata_org/entity/Q131430832,Spunde
http://www_wikidata_org/entity/Q131430833,Alfred
http://www_wikidata_org/entity/Q131430834,Schakob
http://www_wikidata_org/entity/Q131430835,Glöckl
http://www_wikidata_org/entity/Q131430836,Stengel
http://www_wikidata_org/entity/Q131430837,Schmidt
http://www_wikidata_org/entity/Q131430948,Bouquet des Ifs
http://www_wikidata_org/entity/Q131430949,François
http://www_wikidata_org/entity/Q131430950,Dominique
http://www_wikidata_org/entity/Q131430951,Premier garçon du garde meuble national
http://www_wikidata_org/entity/Q131430952,Deuxième garçon
http://www_wikidata_org/entity/Q131430954,Gobette
http://www_wikidata_org/entity/Q131430955,Aglaé
http://www_wikidata_org/entity/Q131430956,Denise
http://www_wikidata_org/entity/Q131431004,Angelina
http://www_wikidata_org/entity/Q131431005,Sophie
http://www_wikidata_org/entity/Q131431006,Juliette
http://www_wikidata_org/entity/Q131431007,Employés du ministère
http://www_wikidata_org/entity/Q131431025,Dmitri Jurjewitch
http://www_wikidata_org/entity/Q131431026,Feodor Monoklowski
http://www_wikidata_org/entity/Q131431027,Iwan Grobsakoff
http://www_wikidata_org/entity/Q131431028,Wladimir Manschtucheff
http://www_wikidata_org/entity/Q131431029,Michel Strohkopf
http://www_wikidata_org/entity/Q131431030,Sergius Chicanin
http://www_wikidata_org/entity/Q131431031,Katharina
http://www_wikidata_org/entity/Q131431032,Nadeschda
http://www_wikidata_org/entity/Q131431039,Alexei Dumidoff
http://www_wikidata_org/entity/Q131431040,Aaron Herzowitch
http://www_wikidata_org/entity/Q131431041,Soldaten
http://www_wikidata_org/entity/Q131431042,Musiker
http://www_wikidata_org/entity/Q131431043,Bauern
http://www_wikidata_org/entity/Q131431044,Bären
http://www_wikidata_org/entity/Q131431045,Wölfe
http://www_wikidata_org/entity/Q131431123,"Wirtin ""Zur guldige Gans"""
http://www_wikidata_org/entity/Q131431124,Finele
http://www_wikidata_org/entity/Q131431125,Katherine
http://www_wikidata_org/entity/Q131431126,Liesel
http://www_wikidata_org/entity/Q131431127,Rosel
http://www_wikidata_org/entity/Q131431128,Süzi
http://www_wikidata_org/entity/Q131431129,Emmy
http://www_wikidata_org/entity/Q131431130,Anny
http://www_wikidata_org/entity/Q131431171,Drei Zeginermaidle
http://www_wikidata_org/entity/Q131431172,Mlle Natalie Piedebiche
http://www_wikidata_org/entity/Q131431173,A Müssfallekrämer
http://www_wikidata_org/entity/Q131431325,Doctor Frontignan
http://www_wikidata_org/entity/Q131431326,Doctor Lavirette
http://www_wikidata_org/entity/Q131431327,Brackson
http://www_wikidata_org/entity/Q131431328,Coronel Lartigoul
http://www_wikidata_org/entity/Q131431329,Maxim Leverdier
http://www_wikidata_org/entity/Q131431330,Francesch
http://www_wikidata_org/entity/Q131431331,August
http://www_wikidata_org/entity/Q131431332,Un senyor d'edat (un vieil homme)
http://www_wikidata_org/entity/Q131431349,El delegat (le délégué)
http://www_wikidata_org/entity/Q131431350,Fifi
http://www_wikidata_org/entity/Q131431351,La senyora Bicot (Madame Bicot)
http://www_wikidata_org/entity/Q131431352,Angelina
http://www_wikidata_org/entity/Q131431353,Sidonia Gazel
http://www_wikidata_org/entity/Q131431354,Roseta
http://www_wikidata_org/entity/Q131431356,Senyoreta Coloma (Mademoiselle Coloma)
http://www_wikidata_org/entity/Q131432731,Ein Velocipedist
http://www_wikidata_org/entity/Q131432732,Ein Kaminfeger
http://www_wikidata_org/entity/Q131432733,Ziwwelé
http://www_wikidata_org/entity/Q131432734,Ein Croque-mort
http://www_wikidata_org/entity/Q131432735,Erster Knabe
http://www_wikidata_org/entity/Q131432736,Zweiter Knabe
http://www_wikidata_org/entity/Q131432737,Jeanne
http://www_wikidata_org/entity/Q131432738,Madam Schnetter
http://www_wikidata_org/entity/Q131432739,Eine Velocipedistin
http://www_wikidata_org/entity/Q131432740,Wahlmänner
http://www_wikidata_org/entity/Q131433153,Mlle Dorémi
http://www_wikidata_org/entity/Q131433154,Rose Zimperlig
http://www_wikidata_org/entity/Q131433155,Eugénie Rabstock
http://www_wikidata_org/entity/Q131433156,Joséphine Meyer
http://www_wikidata_org/entity/Q131433157,Marguerite Ratsch
http://www_wikidata_org/entity/Q131433158,Denise Stolz
http://www_wikidata_org/entity/Q131433159,Colette Schmoll
http://www_wikidata_org/entity/Q131433160,Yvonne Lang
http://www_wikidata_org/entity/Q131433161,Zusanne Rost
http://www_wikidata_org/entity/Q131433228,Hering
http://www_wikidata_org/entity/Q131433229,Rigele
http://www_wikidata_org/entity/Q131433230,Edmond Hering
http://www_wikidata_org/entity/Q131433231,Virginie Hering
http://www_wikidata_org/entity/Q131433232,Engelbach
http://www_wikidata_org/entity/Q131433233,Madame Engelbach
http://www_wikidata_org/entity/Q131433234,Paul Engelbach
http://www_wikidata_org/entity/Q131433235,Wendling
http://www_wikidata_org/entity/Q131433236,Lisette
http://www_wikidata_org/entity/Q131433237,Batrütsch
http://www_wikidata_org/entity/Q131433238,Fix
http://www_wikidata_org/entity/Q131433603,Madame Schall
http://www_wikidata_org/entity/Q131433604,Marie
http://www_wikidata_org/entity/Q131433605,Véronique
http://www_wikidata_org/entity/Q131433606,Céline
http://www_wikidata_org/entity/Q131433607,Madame Fàjer
http://www_wikidata_org/entity/Q131433608,Margrit
http://www_wikidata_org/entity/Q131433609,Charlotte
http://www_wikidata_org/entity/Q131433610,Henriette
http://www_wikidata_org/entity/Q131433707,Madame Kripplere
http://www_wikidata_org/entity/Q131433708,Madame Babblere
http://www_wikidata_org/entity/Q131433709,Louisette
http://www_wikidata_org/entity/Q131433710,Jeannette
http://www_wikidata_org/entity/Q131433711,Eine Schirmflickerin
http://www_wikidata_org/entity/Q131436680,Irène
http://www_wikidata_org/entity/Q131436681,Juliette
http://www_wikidata_org/entity/Q131436682,Marthe
http://www_wikidata_org/entity/Q131436683,Jeanne
http://www_wikidata_org/entity/Q131436684,Mlle Amélie
http://www_wikidata_org/entity/Q131436685,Sophie
http://www_wikidata_org/entity/Q131436687,Elise
http://www_wikidata_org/entity/Q131437451,Jethalal Gada
http://www_wikidata_org/entity/Q131439641,Stanley
http://www_wikidata_org/entity/Q131439815,Piebald
http://www_wikidata_org/entity/Q131440438,Scor-Pion
http://www_wikidata_org/entity/Q131443676,Axantur
http://www_wikidata_org/entity/Q131445657,Katrijn
http://www_wikidata_org/entity/Q131447649,Meyer
http://www_wikidata_org/entity/Q131447650,Jean
http://www_wikidata_org/entity/Q131447651,Emil
http://www_wikidata_org/entity/Q131462977,Philomena
http://www_wikidata_org/entity/Q131465431,Taarak Mehta
http://www_wikidata_org/entity/Q131470293,Caliondo
http://www_wikidata_org/entity/Q131519291,Spider Bytez
http://www_wikidata_org/entity/Q131519430,John Gabriel Borkman
http://www_wikidata_org/entity/Q131519547,Joroguma
http://www_wikidata_org/entity/Q131519797,Skullface McGillin
http://www_wikidata_org/entity/Q131519803,Monoculus
http://www_wikidata_org/entity/Q131566167,Thorbjörn Fälldin
http://www_wikidata_org/entity/Q131578598,Virtual Marilyn
http://www_wikidata_org/entity/Q131583282,Leonid Brezhnev
http://www_wikidata_org/entity/Q131583299,Ronald Reagan
http://www_wikidata_org/entity/Q131583326,Ola Ullsten
http://www_wikidata_org/entity/Q1315894,Hayato Gokudera
http://www_wikidata_org/entity/Q131598249,Gangaram
http://www_wikidata_org/entity/Q131605612,Maxon Jaxon
http://www_wikidata_org/entity/Q131611874,Steven Calhoun
http://www_wikidata_org/entity/Q131612304,1-Up Mushroom
http://www_wikidata_org/entity/Q1316142,Alfie Atkins
http://www_wikidata_org/entity/Q131618063,Alien Monster
http://www_wikidata_org/entity/Q131632180,Elias Walker
http://www_wikidata_org/entity/Q131674808,Solveig Fälldin
http://www_wikidata_org/entity/Q131726268,Lindissë
http://www_wikidata_org/entity/Q1317441,Mai Shiranui
http://www_wikidata_org/entity/Q131747711,Godzilla Earth
http://www_wikidata_org/entity/Q131824358,Lil' Poundcake
http://www_wikidata_org/entity/Q131828129,Aiko
http://www_wikidata_org/entity/Q131829767,Waniyama-san
http://www_wikidata_org/entity/Q1318338,King Dedede
http://www_wikidata_org/entity/Q131870147,Ardamir
http://www_wikidata_org/entity/Q131905726,Pterodactyl Ghost
http://www_wikidata_org/entity/Q13194826,Spàgan
http://www_wikidata_org/entity/Q1319513,Odin
http://www_wikidata_org/entity/Q13195501,Astolfu
http://www_wikidata_org/entity/Q131986254,Booker
http://www_wikidata_org/entity/Q1320060,Tyrant virus
http://www_wikidata_org/entity/Q132014238,Cemendur
http://www_wikidata_org/entity/Q132074176,Q132074176
http://www_wikidata_org/entity/Q132081784,Arrigo
http://www_wikidata_org/entity/Q132127658,Matthew Shardlake
http://www_wikidata_org/entity/Q132156565,Kambili
http://www_wikidata_org/entity/Q132176027,Jefferson Stillwall
http://www_wikidata_org/entity/Q132181281,Menace
http://www_wikidata_org/entity/Q132289024,Q132289024
http://www_wikidata_org/entity/Q132295026,Owl
http://www_wikidata_org/entity/Q132353187,Tegwolo
http://www_wikidata_org/entity/Q132476888,Ji-yeong
http://www_wikidata_org/entity/Q1324845,Lemmy Caution
http://www_wikidata_org/entity/Q1325277,Cobi
http://www_wikidata_org/entity/Q132562268,Ultra Fishbunjin 3000
http://www_wikidata_org/entity/Q132586644,Ronny Stenström
http://www_wikidata_org/entity/Q132586788,Ragnar
http://www_wikidata_org/entity/Q132631906,Sibuxiang
http://www_wikidata_org/entity/Q132803382,Godzilla (Showa)
http://www_wikidata_org/entity/Q132860040,Malantur
http://www_wikidata_org/entity/Q132861410,Characters of the Street Fighter III series
http://www_wikidata_org/entity/Q133093691,Perdita Durango
http://www_wikidata_org/entity/Q133160371,Q133160371
http://www_wikidata_org/entity/Q133263884,Írildë
http://www_wikidata_org/entity/Q133267296,Xandra Neramani
http://www_wikidata_org/entity/Q133271833,Durrr Burger
http://www_wikidata_org/entity/Q1333353,Elric of Melniboné
http://www_wikidata_org/entity/Q133367,Li Kui
http://www_wikidata_org/entity/Q133393,Ash
http://www_wikidata_org/entity/Q133444728,Nessanië
http://www_wikidata_org/entity/Q13359612,Fred Weasley
http://www_wikidata_org/entity/Q13359613,George Weasley
http://www_wikidata_org/entity/Q1338935,Nowzar
http://www_wikidata_org/entity/Q13403064,The Prince
http://www_wikidata_org/entity/Q13403334,Frór
http://www_wikidata_org/entity/Q13403345,Vëantur
http://www_wikidata_org/entity/Q13403405,Hosuke Sharaku
http://www_wikidata_org/entity/Q13403416,Húrin of Emyn Arnen
http://www_wikidata_org/entity/Q1340530,Rebecca Chambers
http://www_wikidata_org/entity/Q13406546,Bra'tac
http://www_wikidata_org/entity/Q13422167,Daxter
http://www_wikidata_org/entity/Q1343078,Superintendent Battle
http://www_wikidata_org/entity/Q13512240,Bride of Frankenstein
http://www_wikidata_org/entity/Q135145,Lena Kaligaris
http://www_wikidata_org/entity/Q13518341,Littlefoot
http://www_wikidata_org/entity/Q13520213,Ragnar Lothbrok
http://www_wikidata_org/entity/Q1357552,Ernst Bettler
http://www_wikidata_org/entity/Q13581323,Nico di Angelo
http://www_wikidata_org/entity/Q13636183,Findis
http://www_wikidata_org/entity/Q13641848,Gerrit de Postduif
http://www_wikidata_org/entity/Q1364489,Kara Ben Nemsi
http://www_wikidata_org/entity/Q13649559,Misir Ali
http://www_wikidata_org/entity/Q13685096,Cinderella
http://www_wikidata_org/entity/Q1377227,Gellert Grindelwald
http://www_wikidata_org/entity/Q1378996,Simon Small
http://www_wikidata_org/entity/Q1394575,Skaar
http://www_wikidata_org/entity/Q1402066,Feirefiz
http://www_wikidata_org/entity/Q1402540,Mother Nature
http://www_wikidata_org/entity/Q1402637,Knecht Ruprecht
http://www_wikidata_org/entity/Q1408534,Finrod Felagund
http://www_wikidata_org/entity/Q1409866,Donna Martin
http://www_wikidata_org/entity/Q14108338,Pino
http://www_wikidata_org/entity/Q1411375,Namora
http://www_wikidata_org/entity/Q1412516,Samantha Wildman
http://www_wikidata_org/entity/Q1414125,Kor
http://www_wikidata_org/entity/Q1414620,Raszagal
http://www_wikidata_org/entity/Q14153484,Snow White
http://www_wikidata_org/entity/Q1416312,Don Self
http://www_wikidata_org/entity/Q142305,Mother Goose
http://www_wikidata_org/entity/Q14231188,Yachiru Kusajishi
http://www_wikidata_org/entity/Q1426861,Gluttony
http://www_wikidata_org/entity/Q1427625,Swamp Thing
http://www_wikidata_org/entity/Q14277093,Q14277093
http://www_wikidata_org/entity/Q1428628,Long John Silver
http://www_wikidata_org/entity/Q14296686,Nero
http://www_wikidata_org/entity/Q1432255,Puffy
http://www_wikidata_org/entity/Q14388733,Gregorovitch
http://www_wikidata_org/entity/Q14413996,Sito Jaxa
http://www_wikidata_org/entity/Q1449433,Little Erna
http://www_wikidata_org/entity/Q1449891,Sloth
http://www_wikidata_org/entity/Q1451189,Loial
http://www_wikidata_org/entity/Q14513226,Q14513226
http://www_wikidata_org/entity/Q1451488,Q1451488
http://www_wikidata_org/entity/Q14520183,Woefdram
http://www_wikidata_org/entity/Q1454203,Freifrau von Kö
http://www_wikidata_org/entity/Q1454316,Kōichi Zenigata
http://www_wikidata_org/entity/Q1458159,Professor Frink
http://www_wikidata_org/entity/Q1465518,Wyatt Mathewson
http://www_wikidata_org/entity/Q1468761,Zeta
http://www_wikidata_org/entity/Q1469475,Marcus Didius Falco
http://www_wikidata_org/entity/Q1471214,Lord Emsworth
http://www_wikidata_org/entity/Q14725004,Bathilda Bagshot
http://www_wikidata_org/entity/Q14751088,Q14751088
http://www_wikidata_org/entity/Q1476778,"Sheena, Queen of the Jungle"
http://www_wikidata_org/entity/Q14828573,Lory
http://www_wikidata_org/entity/Q14848752,Aad van der Naad
http://www_wikidata_org/entity/Q1487045,Marcie Walsh McBain
http://www_wikidata_org/entity/Q1488489,2-1B
http://www_wikidata_org/entity/Q14905857,Alecto Carrow
http://www_wikidata_org/entity/Q14906045,Goomboss
http://www_wikidata_org/entity/Q14906452,Madril
http://www_wikidata_org/entity/Q1490700,4-LOM
http://www_wikidata_org/entity/Q14942046,K'Ehleyr
http://www_wikidata_org/entity/Q1503293,Jerry Cornelius
http://www_wikidata_org/entity/Q1504550,Troy McClure
http://www_wikidata_org/entity/Q1507353,George Forestier
http://www_wikidata_org/entity/Q1509471,Maxim Kammerer
http://www_wikidata_org/entity/Q15109188,Speed Demon
http://www_wikidata_org/entity/Q15113667,Triss
http://www_wikidata_org/entity/Q15114254,Isshin Kurosaki
http://www_wikidata_org/entity/Q15116015,Ichibei Hyousube
http://www_wikidata_org/entity/Q15116037,Tenjirō Kirinji
http://www_wikidata_org/entity/Q15116044,Ouetsu Nimaiya
http://www_wikidata_org/entity/Q15135700,Gwen Raiden
http://www_wikidata_org/entity/Q1513887,Courtney Whitmore
http://www_wikidata_org/entity/Q1514450,Milhouse Van Houten
http://www_wikidata_org/entity/Q15160,Ijon Tichy
http://www_wikidata_org/entity/Q1520913,Schnappi
http://www_wikidata_org/entity/Q15233326,Gingerbread Man
http://www_wikidata_org/entity/Q15241967,Bloody Baron
http://www_wikidata_org/entity/Q15242205,Gregory Goyle
http://www_wikidata_org/entity/Q15257488,Evangeline Orpington
http://www_wikidata_org/entity/Q15257494,Faris Spavin
http://www_wikidata_org/entity/Q15257510,Nobby Leach
http://www_wikidata_org/entity/Q15257517,Millicent Bagnold
http://www_wikidata_org/entity/Q15269284,Septimus Weasley
http://www_wikidata_org/entity/Q15269290,Cedrella Black
http://www_wikidata_org/entity/Q15269305,Callidora Black
http://www_wikidata_org/entity/Q15269313,Harfang Longbottom
http://www_wikidata_org/entity/Q15269318,Charis Black
http://www_wikidata_org/entity/Q15269327,Caspar Crouch
http://www_wikidata_org/entity/Q15269336,Arcturus Black
http://www_wikidata_org/entity/Q15269343,Lysandra Yaxley
http://www_wikidata_org/entity/Q15269368,Ursula Flint
http://www_wikidata_org/entity/Q15269422,Fred Weasley II
http://www_wikidata_org/entity/Q15269426,Roxanne Weasley
http://www_wikidata_org/entity/Q15269449,Victoire Weasley
http://www_wikidata_org/entity/Q15269453,Dominique Weasley
http://www_wikidata_org/entity/Q15269456,Louis Weasley
http://www_wikidata_org/entity/Q15269497,Belvina Black
http://www_wikidata_org/entity/Q15269510,Cygnus Black II
http://www_wikidata_org/entity/Q15269516,Phineas Black
http://www_wikidata_org/entity/Q15269521,Sirius Black II
http://www_wikidata_org/entity/Q15269539,Sirius Black I
http://www_wikidata_org/entity/Q15269542,Elladora Black
http://www_wikidata_org/entity/Q15269544,Isla Black
http://www_wikidata_org/entity/Q15269565,Herbert Burke
http://www_wikidata_org/entity/Q15272691,Daphne Greengrass
http://www_wikidata_org/entity/Q15272723,Cygnus Black III
http://www_wikidata_org/entity/Q15272727,Druella Rosier
http://www_wikidata_org/entity/Q15272731,Abraxas Malfoy
http://www_wikidata_org/entity/Q15272785,Melania Macmillan
http://www_wikidata_org/entity/Q15272796,Cygnus Black I
http://www_wikidata_org/entity/Q15272804,Arcturus Black III
http://www_wikidata_org/entity/Q15272816,Lucretia Black
http://www_wikidata_org/entity/Q15272844,Lycoris Black
http://www_wikidata_org/entity/Q15272848,Hesper Gamp
http://www_wikidata_org/entity/Q15272868,Regulus Black I
http://www_wikidata_org/entity/Q15272913,Alphard Black
http://www_wikidata_org/entity/Q15272917,Irma Crabbe
http://www_wikidata_org/entity/Q15272922,Violetta Bulstrode
http://www_wikidata_org/entity/Q15272935,Cassiopeia Black
http://www_wikidata_org/entity/Q15272938,Charlus Potter
http://www_wikidata_org/entity/Q15272940,Dorea Black
http://www_wikidata_org/entity/Q15272941,Marius Black
http://www_wikidata_org/entity/Q15273054,Beedle the Bard
http://www_wikidata_org/entity/Q15285113,Dora Baggins
http://www_wikidata_org/entity/Q15285136,Largo Baggins
http://www_wikidata_org/entity/Q15285144,Mungo Baggins
http://www_wikidata_org/entity/Q15285218,Mirabella Took
http://www_wikidata_org/entity/Q15285222,Amaranto Brandybuck
http://www_wikidata_org/entity/Q15286762,King Harold
http://www_wikidata_org/entity/Q1529229,Darkwing Duck
http://www_wikidata_org/entity/Q15295641,Goyle senior
http://www_wikidata_org/entity/Q15298052,Hildigrim Took
http://www_wikidata_org/entity/Q153176,Chao Gai
http://www_wikidata_org/entity/Q15331486,Mablung
http://www_wikidata_org/entity/Q15331503,Hikaru Aizawa
http://www_wikidata_org/entity/Q15355217,Belegund
http://www_wikidata_org/entity/Q15355321,Bregolas
http://www_wikidata_org/entity/Q15355850,Baranor
http://www_wikidata_org/entity/Q15356343,Belen
http://www_wikidata_org/entity/Q15363695,Irimë
http://www_wikidata_org/entity/Q1541227,Irma Pince
http://www_wikidata_org/entity/Q15427113,Madame Vastra
http://www_wikidata_org/entity/Q1543249,Mikuru Asahina
http://www_wikidata_org/entity/Q1544259,Wolfdietrich
http://www_wikidata_org/entity/Q1547053,Griselda
http://www_wikidata_org/entity/Q15553735,Colin Creevey
http://www_wikidata_org/entity/Q1556599,Q1556599
http://www_wikidata_org/entity/Q15605346,Abanazer
http://www_wikidata_org/entity/Q15605357,Aladdin
http://www_wikidata_org/entity/Q1560696,Romilda Vane
http://www_wikidata_org/entity/Q1562983,Q1562983
http://www_wikidata_org/entity/Q15642621,Tortila the Turtle
http://www_wikidata_org/entity/Q1566596,Nicolas Flamel
http://www_wikidata_org/entity/Q1568413,Red King
http://www_wikidata_org/entity/Q1568447,Hagen
http://www_wikidata_org/entity/Q15698944,Huey Duck
http://www_wikidata_org/entity/Q15703427,Antonio
http://www_wikidata_org/entity/Q15711316,Gummy
http://www_wikidata_org/entity/Q15718908,Golden Oak Library
http://www_wikidata_org/entity/Q15720750,Ignatius Prewett
http://www_wikidata_org/entity/Q15720826,Basilisk in the Chamber of Secrets
http://www_wikidata_org/entity/Q15750113,Sofia Pavlovna Famusovа
http://www_wikidata_org/entity/Q1580236,Father Christmas
http://www_wikidata_org/entity/Q1580339,Père Noël
http://www_wikidata_org/entity/Q15818307,Ivan Nyukhin
http://www_wikidata_org/entity/Q15829750,Prince Escalus
http://www_wikidata_org/entity/Q15832758,Govorun
http://www_wikidata_org/entity/Q15838171,Nastasya Merchutkina
http://www_wikidata_org/entity/Q15838178,Andrey Shipuchin
http://www_wikidata_org/entity/Q15838181,Kuzma Khirin
http://www_wikidata_org/entity/Q15838189,Anna Martinovna Zmeyukina
http://www_wikidata_org/entity/Q15838193,Ivan Mihailovitch Yats
http://www_wikidata_org/entity/Q15838206,Stepan Chubukov
http://www_wikidata_org/entity/Q15838212,Natalya Chubukova
http://www_wikidata_org/entity/Q15838216,Ivan Lomov
http://www_wikidata_org/entity/Q15838223,Epaminond Maximovitch Aplombov
http://www_wikidata_org/entity/Q15839022,Evdokim Zaharovitch Zhigalov
http://www_wikidata_org/entity/Q15839026,Nastasya Timofeyevna
http://www_wikidata_org/entity/Q15839028,Dashenka
http://www_wikidata_org/entity/Q15839037,Andrey Andreyevitch Nunin
http://www_wikidata_org/entity/Q15839039,Fyodor Yakovlevitch Revunov-Karaulov
http://www_wikidata_org/entity/Q15839049,Harlampi Spiridonovitch Dimba
http://www_wikidata_org/entity/Q15839053,Dmitri Stepanovitch Mozgovoy
http://www_wikidata_org/entity/Q1588801,Diane Jenkins
http://www_wikidata_org/entity/Q15888914,Ivan Petrovich Voinitsky
http://www_wikidata_org/entity/Q15888930,Mikhail Lvovich Astrov
http://www_wikidata_org/entity/Q15888939,Sofya Aleksandrovna Serebryakova
http://www_wikidata_org/entity/Q15888946,Aleksandr Vladimirovich Serebryakov
http://www_wikidata_org/entity/Q15888960,Mariya Vasilievna Voinitskaya
http://www_wikidata_org/entity/Q15888981,Yelena Andreevna Serebryakova
http://www_wikidata_org/entity/Q15889005,Iliya Ilich Telyegin
http://www_wikidata_org/entity/Q15891277,Nár
http://www_wikidata_org/entity/Q15894257,Haldar
http://www_wikidata_org/entity/Q15910989,Irina Nikolayevna Arkadina
http://www_wikidata_org/entity/Q15911246,Konstantin Gavrilovich Treplyov
http://www_wikidata_org/entity/Q15911264,Pjotr Nikolayevich Sorin
http://www_wikidata_org/entity/Q15911302,Dorn
http://www_wikidata_org/entity/Q15912434,Minohtar
http://www_wikidata_org/entity/Q15912702,The Nine Tiny Piglets
http://www_wikidata_org/entity/Q15921178,Mithrellas
http://www_wikidata_org/entity/Q15932470,Haldad
http://www_wikidata_org/entity/Q15944752,Rlim Shaikorth
http://www_wikidata_org/entity/Q15958700,Dera Mochimazzi
http://www_wikidata_org/entity/Q1600030,Heinz Becker
http://www_wikidata_org/entity/Q1603259,Helmi
http://www_wikidata_org/entity/Q1605026,Milia Fallyna Jenius
http://www_wikidata_org/entity/Q1606957,Penelope Pitstop
http://www_wikidata_org/entity/Q1608236,Principal Snyder
http://www_wikidata_org/entity/Q16127112,Masumi Sera
http://www_wikidata_org/entity/Q16138239,GN-006 Cherudim Gundam
http://www_wikidata_org/entity/Q16138240,GN-007 Arios Gundam
http://www_wikidata_org/entity/Q16143852,Adrahil II
http://www_wikidata_org/entity/Q16156103,Marissa Faireborn
http://www_wikidata_org/entity/Q16158287,Joey Jeremiah
http://www_wikidata_org/entity/Q16168270,Captain Mako
http://www_wikidata_org/entity/Q161731,Cheburashka
http://www_wikidata_org/entity/Q1619237,Moridin
http://www_wikidata_org/entity/Q16199652,Harry Holt
http://www_wikidata_org/entity/Q16203366,Krazy Kong
http://www_wikidata_org/entity/Q16203840,Malcolm
http://www_wikidata_org/entity/Q16203925,Max Headroom
http://www_wikidata_org/entity/Q16204982,Jon Lane Kent
http://www_wikidata_org/entity/Q16209766,Randall Culver
http://www_wikidata_org/entity/Q1621261,Venom
http://www_wikidata_org/entity/Q16212888,James Lyman
http://www_wikidata_org/entity/Q1621656,Solid Snake
http://www_wikidata_org/entity/Q1622359,Abraham Van Helsing
http://www_wikidata_org/entity/Q16237928,Julien Lowe
http://www_wikidata_org/entity/Q16238343,Christopher Sly
http://www_wikidata_org/entity/Q16238573,Michael Williams
http://www_wikidata_org/entity/Q16242428,Yang Paifeng
http://www_wikidata_org/entity/Q16248737,Deep Duerra
http://www_wikidata_org/entity/Q16249187,Dougie Colon
http://www_wikidata_org/entity/Q1627590,Peter Pevensie
http://www_wikidata_org/entity/Q16276,Jean-Luc Picard
http://www_wikidata_org/entity/Q1628095,Annie Wilkes
http://www_wikidata_org/entity/Q1631082,Glaurung
http://www_wikidata_org/entity/Q16341,Spock
http://www_wikidata_org/entity/Q1637307,Elros
http://www_wikidata_org/entity/Q1637341,Fingon
http://www_wikidata_org/entity/Q1637813,Horace Slughorn
http://www_wikidata_org/entity/Q16384841,Tom Thumb
http://www_wikidata_org/entity/Q16385853,Goneril
http://www_wikidata_org/entity/Q1638892,Hushang
http://www_wikidata_org/entity/Q1639626,Susan Pevensie
http://www_wikidata_org/entity/Q1639817,Derek Powers
http://www_wikidata_org/entity/Q1640011,Aang
http://www_wikidata_org/entity/Q1640046,Il Capitano
http://www_wikidata_org/entity/Q1640313,Lucy Pevensie
http://www_wikidata_org/entity/Q1642566,Dunno
http://www_wikidata_org/entity/Q1643661,Celebrían
http://www_wikidata_org/entity/Q1645970,Kaede
http://www_wikidata_org/entity/Q1645978,Taylor McKessie
http://www_wikidata_org/entity/Q1647361,Magica De Spell
http://www_wikidata_org/entity/Q1649854,Athos
http://www_wikidata_org/entity/Q16498730,Feather of the Jungle
http://www_wikidata_org/entity/Q1650633,Yorick
http://www_wikidata_org/entity/Q1650639,Rosie the Riveter
http://www_wikidata_org/entity/Q16534082,Buffybot
http://www_wikidata_org/entity/Q1655364,Iago
http://www_wikidata_org/entity/Q1657782,domovoi
http://www_wikidata_org/entity/Q16590709,Pino
http://www_wikidata_org/entity/Q16612424,Tay Trefenwyd
http://www_wikidata_org/entity/Q16699331,Soldier
http://www_wikidata_org/entity/Q16864707,V'ger
http://www_wikidata_org/entity/Q16931544,Oscar Puffin
http://www_wikidata_org/entity/Q16932862,Ancient Pistol
http://www_wikidata_org/entity/Q16933961,Puppy
http://www_wikidata_org/entity/Q16958092,Christine Williams
http://www_wikidata_org/entity/Q16976451,Albert Volpe
http://www_wikidata_org/entity/Q16977898,Victor Mordenheim
http://www_wikidata_org/entity/Q16988466,Tyra Collette
http://www_wikidata_org/entity/Q16994678,H_O_M_E_R_
http://www_wikidata_org/entity/Q16994695,Haela Brightaxe
http://www_wikidata_org/entity/Q16996696,Imix
http://www_wikidata_org/entity/Q16998673,Nev the Bear
http://www_wikidata_org/entity/Q17003695,Catbug
http://www_wikidata_org/entity/Q17007565,Mordin Solus
http://www_wikidata_org/entity/Q17014976,Ras Thavas
http://www_wikidata_org/entity/Q17039685,Uncle Sargam
http://www_wikidata_org/entity/Q17053022,Tree of Life
http://www_wikidata_org/entity/Q170534,Hercule Poirot
http://www_wikidata_org/entity/Q17055151,Miriya Parina Sterling
http://www_wikidata_org/entity/Q17089627,Shankar Roy Chowdhury
http://www_wikidata_org/entity/Q17091380,John Sampson
http://www_wikidata_org/entity/Q17098442,Jamila
http://www_wikidata_org/entity/Q17104938,Doctor Thirteen
http://www_wikidata_org/entity/Q17108817,Inki
http://www_wikidata_org/entity/Q17144143,Harriet Sims
http://www_wikidata_org/entity/Q17145801,Caitlin Pike
http://www_wikidata_org/entity/Q17152461,Margaret Hale
http://www_wikidata_org/entity/Q17191196,Asappy
http://www_wikidata_org/entity/Q17191935,Arabō
http://www_wikidata_org/entity/Q17192118,Arukuma
http://www_wikidata_org/entity/Q17192311,Alp-chan
http://www_wikidata_org/entity/Q17193896,Whispy Woods
http://www_wikidata_org/entity/Q17195075,Jacob Engstrand
http://www_wikidata_org/entity/Q17212713,Seapal-chan
http://www_wikidata_org/entity/Q17214841,"Daimyo of Success, Ieyasu Kun"
http://www_wikidata_org/entity/Q17215329,Miyazaki Ken
http://www_wikidata_org/entity/Q17217385,Unimaru
http://www_wikidata_org/entity/Q17219758,Momochi
http://www_wikidata_org/entity/Q17220071,Q17220071
http://www_wikidata_org/entity/Q17221996,Tochimarukun
http://www_wikidata_org/entity/Q17224803,Okomin
http://www_wikidata_org/entity/Q17225379,Sakura Panda
http://www_wikidata_org/entity/Q17225785,Hyakumansan
http://www_wikidata_org/entity/Q17227123,Namisuke
http://www_wikidata_org/entity/Q17228365,Greboo
http://www_wikidata_org/entity/Q17228851,Sukarin
http://www_wikidata_org/entity/Q17309,Pierrot
http://www_wikidata_org/entity/Q1731186,Karl Gabel
http://www_wikidata_org/entity/Q17395279,Baran
http://www_wikidata_org/entity/Q1739569,Keroppi
http://www_wikidata_org/entity/Q17396769,Tarciryan
http://www_wikidata_org/entity/Q17397220,Beregond and Bergil
http://www_wikidata_org/entity/Q17397558,Thorondur
http://www_wikidata_org/entity/Q17399200,Ibûn
http://www_wikidata_org/entity/Q173998,Ron Weasley
http://www_wikidata_org/entity/Q174009,Hermione Granger
http://www_wikidata_org/entity/Q17412582,White Tree
http://www_wikidata_org/entity/Q17428613,Léod
http://www_wikidata_org/entity/Q17429473,Ungrim Ironfist
http://www_wikidata_org/entity/Q1747312,Q1747312
http://www_wikidata_org/entity/Q1748505,Aron
http://www_wikidata_org/entity/Q1748610,Aximili-Esgarrouth-Isthill
http://www_wikidata_org/entity/Q17488676,Frumgar
http://www_wikidata_org/entity/Q1749168,Harry Palmer
http://www_wikidata_org/entity/Q1749378,Alan-a-Dale
http://www_wikidata_org/entity/Q1749614,Sela
http://www_wikidata_org/entity/Q1750479,Sena Kobayakawa
http://www_wikidata_org/entity/Q1750813,Erik
http://www_wikidata_org/entity/Q1750830,Beorn
http://www_wikidata_org/entity/Q1750964,Elwing
http://www_wikidata_org/entity/Q1751029,Ali G
http://www_wikidata_org/entity/Q1751174,Elmyra Duff
http://www_wikidata_org/entity/Q1751491,Maglor
http://www_wikidata_org/entity/Q1752322,Maedhros
http://www_wikidata_org/entity/Q1752918,Nienna
http://www_wikidata_org/entity/Q1753262,Ludwig Von Drake
http://www_wikidata_org/entity/Q1753328,Carnage
http://www_wikidata_org/entity/Q1754267,Cookie Monster
http://www_wikidata_org/entity/Q1758483,Schuss
http://www_wikidata_org/entity/Q176132,Lord Voldemort
http://www_wikidata_org/entity/Q1761403,Starro
http://www_wikidata_org/entity/Q1765094,Ted Kord
http://www_wikidata_org/entity/Q1766182,Sybil Fawlty
http://www_wikidata_org/entity/Q1766187,Basil Fawlty
http://www_wikidata_org/entity/Q1766917,Q1766917
http://www_wikidata_org/entity/Q1767102,Dior Eluchíl
http://www_wikidata_org/entity/Q1767106,Dáin II Ironfoot
http://www_wikidata_org/entity/Q1767115,Idril
http://www_wikidata_org/entity/Q176772,Severus Snape
http://www_wikidata_org/entity/Q1767900,Mercutio
http://www_wikidata_org/entity/Q1769873,Orodreth
http://www_wikidata_org/entity/Q1769879,Caranthir
http://www_wikidata_org/entity/Q1770841,Regulus Black
http://www_wikidata_org/entity/Q17709205,Lindórië
http://www_wikidata_org/entity/Q17709237,Inzilbêth
http://www_wikidata_org/entity/Q1771124,Yavanna
http://www_wikidata_org/entity/Q17716064,Galion
http://www_wikidata_org/entity/Q1771996,Bergil
http://www_wikidata_org/entity/Q1772314,Grór
http://www_wikidata_org/entity/Q1772387,Morgan Kane
http://www_wikidata_org/entity/Q1772457,Borin
http://www_wikidata_org/entity/Q1772475,Dori
http://www_wikidata_org/entity/Q1772939,Barahir
http://www_wikidata_org/entity/Q1772960,Durin VII
http://www_wikidata_org/entity/Q1772994,Thrór
http://www_wikidata_org/entity/Q1773153,Thorin I
http://www_wikidata_org/entity/Q1773675,Nimrodel
http://www_wikidata_org/entity/Q177439,Rubeus Hagrid
http://www_wikidata_org/entity/Q1774685,Niko Bellic
http://www_wikidata_org/entity/Q177499,Gandalf
http://www_wikidata_org/entity/Q1776453,Mallos
http://www_wikidata_org/entity/Q1778905,Conner Kent
http://www_wikidata_org/entity/Q1779543,Felix Leiter
http://www_wikidata_org/entity/Q17807733,Ass-Blaster
http://www_wikidata_org/entity/Q1783187,Artful Dodger
http://www_wikidata_org/entity/Q1785006,Blair Waldorf
http://www_wikidata_org/entity/Q1785957,Mezzetino
http://www_wikidata_org/entity/Q1786189,James Possible
http://www_wikidata_org/entity/Q178776,White Rabbit
http://www_wikidata_org/entity/Q1795403,Captain Sabertooth
http://www_wikidata_org/entity/Q179641,Draco Malfoy
http://www_wikidata_org/entity/Q1798207,Irmo
http://www_wikidata_org/entity/Q17985697,Aya
http://www_wikidata_org/entity/Q1798592,Cloud Strife
http://www_wikidata_org/entity/Q1798688,Professor Dementor
http://www_wikidata_org/entity/Q17990527,Ellery Queen
http://www_wikidata_org/entity/Q17990954,Subaru Okiya
http://www_wikidata_org/entity/Q1799459,Buffy Summers
http://www_wikidata_org/entity/Q1800888,Ophelia
http://www_wikidata_org/entity/Q180322,Aragorn
http://www_wikidata_org/entity/Q1806136,Tuor
http://www_wikidata_org/entity/Q180784,Flash
http://www_wikidata_org/entity/Q18086584,Frances James (Winners & Losers)
http://www_wikidata_org/entity/Q18088704,Lips
http://www_wikidata_org/entity/Q1808964,Q1808964
http://www_wikidata_org/entity/Q1811080,Ulla Winblad
http://www_wikidata_org/entity/Q1811107,Koen Laenen
http://www_wikidata_org/entity/Q1811294,King Claudius
http://www_wikidata_org/entity/Q18117397,Q18117397
http://www_wikidata_org/entity/Q18120761,Liza
http://www_wikidata_org/entity/Q18126212,Jaggy MacBee
http://www_wikidata_org/entity/Q1812955,Badroulbadour
http://www_wikidata_org/entity/Q181360,harpies
http://www_wikidata_org/entity/Q1813659,The Ghost
http://www_wikidata_org/entity/Q18152470,Diancastra
http://www_wikidata_org/entity/Q18170194,Kilrogg Deadeye
http://www_wikidata_org/entity/Q1817049,Q1817049
http://www_wikidata_org/entity/Q18199282,Cenarius
http://www_wikidata_org/entity/Q1819943,Leopoldl
http://www_wikidata_org/entity/Q18210216,Billy Flynn
http://www_wikidata_org/entity/Q18211594,Doll Tearsheet
http://www_wikidata_org/entity/Q18214896,Hercules
http://www_wikidata_org/entity/Q18217229,Sepulchrave
http://www_wikidata_org/entity/Q1822884,Artemis of Bana-Mighdall
http://www_wikidata_org/entity/Q18233495,Galadhon
http://www_wikidata_org/entity/Q18233710,Hareth
http://www_wikidata_org/entity/Q18235393,Magician
http://www_wikidata_org/entity/Q18235887,Aribeth de Tylmarande
http://www_wikidata_org/entity/Q18236713,Handir
http://www_wikidata_org/entity/Q18236787,Magor
http://www_wikidata_org/entity/Q18238846,Purple Butterfly
http://www_wikidata_org/entity/Q18238894,Barberus Bragge
http://www_wikidata_org/entity/Q1823907,Walter Mitty
http://www_wikidata_org/entity/Q1825726,Goro
http://www_wikidata_org/entity/Q18275079,Om
http://www_wikidata_org/entity/Q18276537,Khadgar
http://www_wikidata_org/entity/Q18280210,Quagmire McDuck
http://www_wikidata_org/entity/Q18281096,Tijolinho
http://www_wikidata_org/entity/Q18285188,Blu
http://www_wikidata_org/entity/Q18285492,Bowman Wright
http://www_wikidata_org/entity/Q1828562,Denethor of Ossiriand
http://www_wikidata_org/entity/Q18335426,Q18335426
http://www_wikidata_org/entity/Q18338785,Nonchan
http://www_wikidata_org/entity/Q18339595,Momorin
http://www_wikidata_org/entity/Q18343630,Carla Hughes
http://www_wikidata_org/entity/Q18352437,Doug Graham
http://www_wikidata_org/entity/Q18357220,Bec Gilbert
http://www_wikidata_org/entity/Q18361000,Dennis Creevey
http://www_wikidata_org/entity/Q1840426,Daisy Dodderidge
http://www_wikidata_org/entity/Q18416899,Aveline de Grandpré
http://www_wikidata_org/entity/Q18418593,Kargath Bladefist
http://www_wikidata_org/entity/Q18419095,Blackhand
http://www_wikidata_org/entity/Q18420741,Yu
http://www_wikidata_org/entity/Q1843655,Nighteyes
http://www_wikidata_org/entity/Q1846752,Mr_ Moseby
http://www_wikidata_org/entity/Q1851004,Eärwen
http://www_wikidata_org/entity/Q1853340,Nick Cotton
http://www_wikidata_org/entity/Q18535363,Kelsier
http://www_wikidata_org/entity/Q18535399,Vin
http://www_wikidata_org/entity/Q18535424,The Lord Ruler
http://www_wikidata_org/entity/Q18540490,Ghiță Pristanda
http://www_wikidata_org/entity/Q18548610,Roy Baty
http://www_wikidata_org/entity/Q18549138,Q18549138
http://www_wikidata_org/entity/Q185737,Bilbo Baggins
http://www_wikidata_org/entity/Q1857616,J_ Wellington Wimpy
http://www_wikidata_org/entity/Q185790,Arjuna
http://www_wikidata_org/entity/Q1858076,Morfin Gaunt
http://www_wikidata_org/entity/Q1859132,Marta Snoeck
http://www_wikidata_org/entity/Q1860623,Karagiozis
http://www_wikidata_org/entity/Q1861779,Scream
http://www_wikidata_org/entity/Q18640062,Frank Reagan
http://www_wikidata_org/entity/Q18643784,Trent from Punchy
http://www_wikidata_org/entity/Q18644044,Cronus
http://www_wikidata_org/entity/Q18644230,Heru'ur
http://www_wikidata_org/entity/Q18655770,Georg Wilsberg
http://www_wikidata_org/entity/Q1869296,Q1869296
http://www_wikidata_org/entity/Q1870287,David of Doncaster
http://www_wikidata_org/entity/Q1871064,Michiel Dewaele
http://www_wikidata_org/entity/Q18711529,Arno Dorian
http://www_wikidata_org/entity/Q18713167,Freedom Frog
http://www_wikidata_org/entity/Q18713177,Hypnotoad
http://www_wikidata_org/entity/Q18720719,Galathil
http://www_wikidata_org/entity/Q18741248,Vinicius and Tom
http://www_wikidata_org/entity/Q1874714,Q1874714
http://www_wikidata_org/entity/Q1875912,Ariana Dumbledore
http://www_wikidata_org/entity/Q18759130,Sharku
http://www_wikidata_org/entity/Q1877636,Lurchi
http://www_wikidata_org/entity/Q187923,Ginny Weasley
http://www_wikidata_org/entity/Q1882271,Puck
http://www_wikidata_org/entity/Q1883491,Q1883491
http://www_wikidata_org/entity/Q1884070,Q1884070
http://www_wikidata_org/entity/Q1884607,Amos Diggory
http://www_wikidata_org/entity/Q1885105,Q1885105
http://www_wikidata_org/entity/Q1887261,The Emperor of China
http://www_wikidata_org/entity/Q1888747,Q1888747
http://www_wikidata_org/entity/Q18921415,The Machine
http://www_wikidata_org/entity/Q18991761,Kinukake-san
http://www_wikidata_org/entity/Q1901330,Q1901330
http://www_wikidata_org/entity/Q190282,Luna Lovegood
http://www_wikidata_org/entity/Q190366,Neville Longbottom
http://www_wikidata_org/entity/Q1906358,Walden Macnair
http://www_wikidata_org/entity/Q1907273,Q1907273
http://www_wikidata_org/entity/Q1910571,Gawyn Trakand
http://www_wikidata_org/entity/Q1911157,Frieda Mechels
http://www_wikidata_org/entity/Q1911989,Aran'gar
http://www_wikidata_org/entity/Q1917945,Nikki Witt
http://www_wikidata_org/entity/Q1919304,Meliboeus
http://www_wikidata_org/entity/Q1919840,Trumpkin
http://www_wikidata_org/entity/Q1920050,Demetrius
http://www_wikidata_org/entity/Q192179,Minerva McGonagall
http://www_wikidata_org/entity/Q1929542,Gary the Snail
http://www_wikidata_org/entity/Q1930042,Amdir
http://www_wikidata_org/entity/Q1933543,Secret Santa
http://www_wikidata_org/entity/Q193531,Miss Marple
http://www_wikidata_org/entity/Q1936342,Katie Peretti
http://www_wikidata_org/entity/Q19364626,Erestor
http://www_wikidata_org/entity/Q1939137,Totoro
http://www_wikidata_org/entity/Q19399864,Éothain
http://www_wikidata_org/entity/Q1940540,Snowmane
http://www_wikidata_org/entity/Q194705,Barbara Gordon
http://www_wikidata_org/entity/Q19544875,Jolinar of Malkshur
http://www_wikidata_org/entity/Q19545110,Q19545110
http://www_wikidata_org/entity/Q19547096,Malcolm
http://www_wikidata_org/entity/Q1957546,Skilgannon
http://www_wikidata_org/entity/Q1960052,Kira Nerys
http://www_wikidata_org/entity/Q1961697,Fram
http://www_wikidata_org/entity/Q1963397,Petunia Dursley
http://www_wikidata_org/entity/Q1964123,Q1964123
http://www_wikidata_org/entity/Q1964930,Q1964930
http://www_wikidata_org/entity/Q19650455,Norman Clegg
http://www_wikidata_org/entity/Q1966171,Othello
http://www_wikidata_org/entity/Q1966991,Georgia
http://www_wikidata_org/entity/Q1967025,Damrod
http://www_wikidata_org/entity/Q1969948,Grue
http://www_wikidata_org/entity/Q1969964,Cactuar
http://www_wikidata_org/entity/Q19706626,Emeric the Evil
http://www_wikidata_org/entity/Q19757964,Q19757964
http://www_wikidata_org/entity/Q19760766,Q19760766
http://www_wikidata_org/entity/Q1977348,Renfield
http://www_wikidata_org/entity/Q1977826,Yeshua Ha-Notsri
http://www_wikidata_org/entity/Q1977902,"Khelben ""Blackstaff"" Arunsun"
http://www_wikidata_org/entity/Q1980565,Ancalagon The Black
http://www_wikidata_org/entity/Q19819226,Q19819226
http://www_wikidata_org/entity/Q1982793,Curufin
http://www_wikidata_org/entity/Q19833500,the Giving Tree
http://www_wikidata_org/entity/Q1983541,Eric van der Woodsen
http://www_wikidata_org/entity/Q1983694,Doctor Aybolit
http://www_wikidata_org/entity/Q19840778,Kenichi Shirahama
http://www_wikidata_org/entity/Q1984461,Celegorm
http://www_wikidata_org/entity/Q19864438,Hakeem Lyon
http://www_wikidata_org/entity/Q19866817,Arkham Knight
http://www_wikidata_org/entity/Q1987275,Florian Fortescue
http://www_wikidata_org/entity/Q19879272,Sheldon Jin
http://www_wikidata_org/entity/Q19881126,Steven Universe
http://www_wikidata_org/entity/Q19881379,Thog
http://www_wikidata_org/entity/Q1988617,Kamen Rider 1
http://www_wikidata_org/entity/Q1989015,Eöl
http://www_wikidata_org/entity/Q19893544,MUTO
http://www_wikidata_org/entity/Q19895859,Rijuda
http://www_wikidata_org/entity/Q1989754,Nighthawk
http://www_wikidata_org/entity/Q1989887,Gérard de Villefort
http://www_wikidata_org/entity/Q1993270,Aya Brea
http://www_wikidata_org/entity/Q19933420,Edrahil
http://www_wikidata_org/entity/Q1993664,Kate Roberts
http://www_wikidata_org/entity/Q1994025,Amrod
http://www_wikidata_org/entity/Q1994207,Philip Tattaglia
http://www_wikidata_org/entity/Q19958316,Tal Celes
http://www_wikidata_org/entity/Q1996218,Angrod
http://www_wikidata_org/entity/Q1996582,Augustus Rookwood
http://www_wikidata_org/entity/Q1996692,Dasharatha
http://www_wikidata_org/entity/Q1996702,Finduilas
http://www_wikidata_org/entity/Q1996763,Doctor Eggman
http://www_wikidata_org/entity/Q19975,KARR
http://www_wikidata_org/entity/Q1997604,Q1997604
http://www_wikidata_org/entity/Q19976727,Q19976727
http://www_wikidata_org/entity/Q19977281,Black Aliss
http://www_wikidata_org/entity/Q19977353,Q19977353
http://www_wikidata_org/entity/Q1997848,Princess Ozma
http://www_wikidata_org/entity/Q1998135,Ar-Pharazôn
http://www_wikidata_org/entity/Q19988191,Boris Alexeyevich Trigorin
http://www_wikidata_org/entity/Q19988292,Nina Mikhailovna Zarechnaya
http://www_wikidata_org/entity/Q19988385,Ilya Afanasyevich Shamrayev
http://www_wikidata_org/entity/Q19988509,Polina Andryevna
http://www_wikidata_org/entity/Q19988918,Masha
http://www_wikidata_org/entity/Q1999658,Margarita
http://www_wikidata_org/entity/Q19998525,Semyon Semyonovich Medvedenko
http://www_wikidata_org/entity/Q2000416,Théodred
http://www_wikidata_org/entity/Q2001628,Sif
http://www_wikidata_org/entity/Q20020358,Peter Mills
http://www_wikidata_org/entity/Q2002477,Prince Caspian
http://www_wikidata_org/entity/Q2003117,Jack of Hearts
http://www_wikidata_org/entity/Q2003564,Burrattino
http://www_wikidata_org/entity/Q20044902,Juratic
http://www_wikidata_org/entity/Q2006970,Anguirus
http://www_wikidata_org/entity/Q2010466,Br'er Buzzard
http://www_wikidata_org/entity/Q2012487,Vairë
http://www_wikidata_org/entity/Q2012868,Pepé the King Prawn
http://www_wikidata_org/entity/Q2014932,Duck Avenger
http://www_wikidata_org/entity/Q2016321,Petoetje
http://www_wikidata_org/entity/Q2017746,Q2017746
http://www_wikidata_org/entity/Q2019811,Xenophilius Lovegood
http://www_wikidata_org/entity/Q2020365,Miles O'Brien
http://www_wikidata_org/entity/Q2021493,Ecthelion II
http://www_wikidata_org/entity/Q2027359,Pam Beesly
http://www_wikidata_org/entity/Q2027772,Alyosha Karamazov
http://www_wikidata_org/entity/Q2028373,Graendal
http://www_wikidata_org/entity/Q2035029,Suske
http://www_wikidata_org/entity/Q2035249,Desmond Miles
http://www_wikidata_org/entity/Q2035346,Vlugge Japie
http://www_wikidata_org/entity/Q2036003,Yakky Doodle
http://www_wikidata_org/entity/Q2036861,Seraph
http://www_wikidata_org/entity/Q2037770,Bishop
http://www_wikidata_org/entity/Q20379183,Rimfire
http://www_wikidata_org/entity/Q20379190,Modo
http://www_wikidata_org/entity/Q20379243,Stoker
http://www_wikidata_org/entity/Q20379323,Zanramon
http://www_wikidata_org/entity/Q2037952,Angela
http://www_wikidata_org/entity/Q204274,Galadriel
http://www_wikidata_org/entity/Q20436242,Katuunko
http://www_wikidata_org/entity/Q20520815,Petrova Porskoff
http://www_wikidata_org/entity/Q2053524,Dino-Fly
http://www_wikidata_org/entity/Q206018,Arwen
http://www_wikidata_org/entity/Q2060196,Sychaeus
http://www_wikidata_org/entity/Q2060477,Sokka
http://www_wikidata_org/entity/Q2062582,Isidore Lechat
http://www_wikidata_org/entity/Q20650963,Zagara
http://www_wikidata_org/entity/Q2068026,Arathorn II
http://www_wikidata_org/entity/Q206818,Gimli
http://www_wikidata_org/entity/Q2068554,B2
http://www_wikidata_org/entity/Q2068620,Beleg
http://www_wikidata_org/entity/Q2069214,Anakin Solo
http://www_wikidata_org/entity/Q2069648,Grandma Duck
http://www_wikidata_org/entity/Q2069844,Déagol
http://www_wikidata_org/entity/Q2069894,Imrahil
http://www_wikidata_org/entity/Q2070960,Indis
http://www_wikidata_org/entity/Q20741015,Ziran the Tester
http://www_wikidata_org/entity/Q20747610,Drusilla
http://www_wikidata_org/entity/Q20748071,Krenn vestai-Rustazh
http://www_wikidata_org/entity/Q2075740,Annabeth Chase
http://www_wikidata_org/entity/Q20760547,Bert Ljung
http://www_wikidata_org/entity/Q2077056,Kate Beckett
http://www_wikidata_org/entity/Q2079562,SHODAN
http://www_wikidata_org/entity/Q2081500,Narvi
http://www_wikidata_org/entity/Q20819934,Katherina Minola
http://www_wikidata_org/entity/Q20820867,Réics Carló
http://www_wikidata_org/entity/Q20823060,Baptista Minola
http://www_wikidata_org/entity/Q20823065,Lucentio
http://www_wikidata_org/entity/Q20823066,Vincentio
http://www_wikidata_org/entity/Q20823068,Gremio
http://www_wikidata_org/entity/Q20823069,Hortensio
http://www_wikidata_org/entity/Q20823070,Grumio
http://www_wikidata_org/entity/Q20823071,Tranio
http://www_wikidata_org/entity/Q20823073,Biondello
http://www_wikidata_org/entity/Q20823074,Curtis
http://www_wikidata_org/entity/Q2083211,Cirion
http://www_wikidata_org/entity/Q2083861,Helm
http://www_wikidata_org/entity/Q208426,Elrond
http://www_wikidata_org/entity/Q2084607,Yoruichi Shihōin
http://www_wikidata_org/entity/Q20852161,Deez Nuts
http://www_wikidata_org/entity/Q2085488,Agent Smith
http://www_wikidata_org/entity/Q208657,Remus Lupin
http://www_wikidata_org/entity/Q2088645,Computo
http://www_wikidata_org/entity/Q2088981,Adrian Monk
http://www_wikidata_org/entity/Q2089048,Judai Yuki
http://www_wikidata_org/entity/Q2089490,Claire van Kampen
http://www_wikidata_org/entity/Q2092660,Spider-Man 2099
http://www_wikidata_org/entity/Q2092954,Question
http://www_wikidata_org/entity/Q209413,Zoom
http://www_wikidata_org/entity/Q2097236,Q2097236
http://www_wikidata_org/entity/Q20972706,Chicó
http://www_wikidata_org/entity/Q21006845,Humphrey Goodman
http://www_wikidata_org/entity/Q21019946,Rin-Rin-chan
http://www_wikidata_org/entity/Q2102728,Colonel Akakievich
http://www_wikidata_org/entity/Q2103582,Sir Cadogan
http://www_wikidata_org/entity/Q21036253,Tricky
http://www_wikidata_org/entity/Q210372,Don Juan
http://www_wikidata_org/entity/Q2104628,Q2104628
http://www_wikidata_org/entity/Q210548,Robert Langdon
http://www_wikidata_org/entity/Q2106410,Angeal Hewley
http://www_wikidata_org/entity/Q2106687,Akka of Kebnekaise
http://www_wikidata_org/entity/Q21091727,Richard Roma
http://www_wikidata_org/entity/Q211013,Hannibal Lecter
http://www_wikidata_org/entity/Q2110443,Edna Hyde
http://www_wikidata_org/entity/Q2111860,Bat-Mite
http://www_wikidata_org/entity/Q2117709,Broderick Bode
http://www_wikidata_org/entity/Q2117922,Pamela Mahone
http://www_wikidata_org/entity/Q21188814,Venus Dee Milo
http://www_wikidata_org/entity/Q21188874,Zzzxx
http://www_wikidata_org/entity/Q21190239,Teron Gorefiend
http://www_wikidata_org/entity/Q2119547,Archie Johnson
http://www_wikidata_org/entity/Q21234581,Robin Ellacott
http://www_wikidata_org/entity/Q21246052,Robert Malone
http://www_wikidata_org/entity/Q2125776,Zoram
http://www_wikidata_org/entity/Q2125970,Tippi het Bejaardenamusementsclowntje
http://www_wikidata_org/entity/Q21281206,Malach
http://www_wikidata_org/entity/Q21281218,Imlach
http://www_wikidata_org/entity/Q21281256,Gundor
http://www_wikidata_org/entity/Q21281327,Haldan
http://www_wikidata_org/entity/Q21281368,Hundar
http://www_wikidata_org/entity/Q21281373,Hunleth
http://www_wikidata_org/entity/Q21281375,Hundad
http://www_wikidata_org/entity/Q21281376,Hiril
http://www_wikidata_org/entity/Q21281390,Enthor
http://www_wikidata_org/entity/Q21281392,Meleth
http://www_wikidata_org/entity/Q21281396,Agathor
http://www_wikidata_org/entity/Q21281400,Hunthor
http://www_wikidata_org/entity/Q21281414,Beldis
http://www_wikidata_org/entity/Q21281424,Barach
http://www_wikidata_org/entity/Q21281429,Beldir
http://www_wikidata_org/entity/Q21281476,Beril
http://www_wikidata_org/entity/Q21281480,Bregil
http://www_wikidata_org/entity/Q21281482,Hirwen
http://www_wikidata_org/entity/Q21281484,Gilwen
http://www_wikidata_org/entity/Q21281487,Brandir
http://www_wikidata_org/entity/Q21281497,Beleth
http://www_wikidata_org/entity/Q21281501,Beregar
http://www_wikidata_org/entity/Q21281503,Núneth
http://www_wikidata_org/entity/Q21283451,A Buttonmoulder
http://www_wikidata_org/entity/Q2130466,Herbakker
http://www_wikidata_org/entity/Q2131061,Q2131061
http://www_wikidata_org/entity/Q213480,Legolas
http://www_wikidata_org/entity/Q2139866,Baron Bodissey
http://www_wikidata_org/entity/Q21401597,Maritornes
http://www_wikidata_org/entity/Q214174,Yoshi
http://www_wikidata_org/entity/Q2142078,Q2142078
http://www_wikidata_org/entity/Q21426753,Graüben
http://www_wikidata_org/entity/Q21426759,Martha
http://www_wikidata_org/entity/Q2143880,Red Hood
http://www_wikidata_org/entity/Q21502388,Barnabas Cuffe
http://www_wikidata_org/entity/Q21511481,Altamont
http://www_wikidata_org/entity/Q2152060,Rex
http://www_wikidata_org/entity/Q2152314,Q2152314
http://www_wikidata_org/entity/Q21541731,BB-8
http://www_wikidata_org/entity/Q2154301,Genesis Rhapsodos
http://www_wikidata_org/entity/Q21547542,Ralph Deeson
http://www_wikidata_org/entity/Q2159163,Q2159163
http://www_wikidata_org/entity/Q21653854,Nairikkun
http://www_wikidata_org/entity/Q216605,Éomer
http://www_wikidata_org/entity/Q21674594,Ashildr
http://www_wikidata_org/entity/Q2168676,Red Tornado
http://www_wikidata_org/entity/Q2169233,Aginor
http://www_wikidata_org/entity/Q2171485,Ezri Dax
http://www_wikidata_org/entity/Q217190,Fingolfin
http://www_wikidata_org/entity/Q21731262,Lyme
http://www_wikidata_org/entity/Q21731519,Paylor
http://www_wikidata_org/entity/Q21733146,Pollux
http://www_wikidata_org/entity/Q21759344,Squishy
http://www_wikidata_org/entity/Q2179167,King Bob-omb
http://www_wikidata_org/entity/Q2181851,Morgomir
http://www_wikidata_org/entity/Q2187440,Stoffel de Schildpad
http://www_wikidata_org/entity/Q2188483,Porcupuffer
http://www_wikidata_org/entity/Q2189902,Zao
http://www_wikidata_org/entity/Q2192529,Donna Culver Krebbs
http://www_wikidata_org/entity/Q219493,Peregrin Took
http://www_wikidata_org/entity/Q219498,Meriadoc Brandybuck
http://www_wikidata_org/entity/Q219504,Boromir
http://www_wikidata_org/entity/Q2195486,Odo
http://www_wikidata_org/entity/Q21972177,Jean-Marie-François Morhange
http://www_wikidata_org/entity/Q21976187,Yui
http://www_wikidata_org/entity/Q22038837,Durin Elessedil
http://www_wikidata_org/entity/Q22087363,The Squire
http://www_wikidata_org/entity/Q2209377,Spencer Shay
http://www_wikidata_org/entity/Q22126329,Komesuke
http://www_wikidata_org/entity/Q22126978,Takejī
http://www_wikidata_org/entity/Q22131641,Toripy
http://www_wikidata_org/entity/Q22131797,Sōjirō
http://www_wikidata_org/entity/Q2216498,Marvolo Gaunt
http://www_wikidata_org/entity/Q2220089,Egwene al'Vere
http://www_wikidata_org/entity/Q2220953,Q2220953
http://www_wikidata_org/entity/Q2225316,Fred Jones
http://www_wikidata_org/entity/Q22271900,Lizzie
http://www_wikidata_org/entity/Q2227808,Hepzibah Smith
http://www_wikidata_org/entity/Q2229945,Q2229945
http://www_wikidata_org/entity/Q223468,Faramir
http://www_wikidata_org/entity/Q2234707,Yang Guo
http://www_wikidata_org/entity/Q2234840,Q2234840
http://www_wikidata_org/entity/Q2244540,Q2244540
http://www_wikidata_org/entity/Q2245779,Titus McDuck
http://www_wikidata_org/entity/Q2246587,Kirara
http://www_wikidata_org/entity/Q2246647,Molly Mallard
http://www_wikidata_org/entity/Q2248965,Jocasta Nu
http://www_wikidata_org/entity/Q2249720,Ludo Kressh
http://www_wikidata_org/entity/Q2249855,Cologne
http://www_wikidata_org/entity/Q2250228,Fantomialde
http://www_wikidata_org/entity/Q2250982,George Wickham
http://www_wikidata_org/entity/Q2251084,Havelock Vetinari
http://www_wikidata_org/entity/Q2251643,Elanor Gardner
http://www_wikidata_org/entity/Q2252783,Galdor
http://www_wikidata_org/entity/Q2254504,Serena van der Woodsen
http://www_wikidata_org/entity/Q2254651,Thráin I
http://www_wikidata_org/entity/Q2256048,Tomalak
http://www_wikidata_org/entity/Q2258175,Misora Kasuga
http://www_wikidata_org/entity/Q2258558,Konoka Konoe
http://www_wikidata_org/entity/Q2260387,Godefroid de Beaudenord
http://www_wikidata_org/entity/Q2260753,Chisame Hasegawa
http://www_wikidata_org/entity/Q2261384,Q2261384
http://www_wikidata_org/entity/Q2261688,Herucalmo
http://www_wikidata_org/entity/Q2262164,Shūhei Hisagi
http://www_wikidata_org/entity/Q2263409,Thorondor
http://www_wikidata_org/entity/Q2264260,Tar-Aldarion
http://www_wikidata_org/entity/Q2264362,Raistlin Majere
http://www_wikidata_org/entity/Q2264398,Athelas
http://www_wikidata_org/entity/Q2265967,Pan
http://www_wikidata_org/entity/Q2265976,Huor
http://www_wikidata_org/entity/Q2267970,Miss Piggy
http://www_wikidata_org/entity/Q22689379,Conan Edogawa
http://www_wikidata_org/entity/Q2269136,Gaston
http://www_wikidata_org/entity/Q2270463,Q2270463
http://www_wikidata_org/entity/Q2271362,Mahtan
http://www_wikidata_org/entity/Q2271718,Q2271718
http://www_wikidata_org/entity/Q2272337,Evi Cauberghs
http://www_wikidata_org/entity/Q2272783,Shunsui Kyōraku
http://www_wikidata_org/entity/Q2272988,Ivan Ivanovitch Sakharine
http://www_wikidata_org/entity/Q2273483,Erkenbrand
http://www_wikidata_org/entity/Q2275165,Khayman
http://www_wikidata_org/entity/Q2275967,Miss Quackfaster
http://www_wikidata_org/entity/Q2277376,Robby the Robot
http://www_wikidata_org/entity/Q2278431,Hyman Roth
http://www_wikidata_org/entity/Q2280812,Hisoka
http://www_wikidata_org/entity/Q2281514,Johanna
http://www_wikidata_org/entity/Q2281865,Malcolm Winters
http://www_wikidata_org/entity/Q2281,Sauron
http://www_wikidata_org/entity/Q2287167,Rhonda Tate
http://www_wikidata_org/entity/Q2288184,Lovely Van der Venne
http://www_wikidata_org/entity/Q2289037,Android 18
http://www_wikidata_org/entity/Q2290103,Hastur
http://www_wikidata_org/entity/Q2290597,Pim Mariën
http://www_wikidata_org/entity/Q2290637,Thráin II
http://www_wikidata_org/entity/Q2290764,Anairë
http://www_wikidata_org/entity/Q2291154,Kratos
http://www_wikidata_org/entity/Q2291697,Arvedui
http://www_wikidata_org/entity/Q2291705,Eradan
http://www_wikidata_org/entity/Q2292217,Amycus Carrow
http://www_wikidata_org/entity/Q2292548,Belegorn
http://www_wikidata_org/entity/Q2292856,Herion
http://www_wikidata_org/entity/Q2293032,Valandil
http://www_wikidata_org/entity/Q2293194,Toto
http://www_wikidata_org/entity/Q2295237,Lorne
http://www_wikidata_org/entity/Q2295556,Marrina Smallwood
http://www_wikidata_org/entity/Q2296163,Sharpay Evans
http://www_wikidata_org/entity/Q2296791,Molly Bloom
http://www_wikidata_org/entity/Q2297098,Marijke Willems
http://www_wikidata_org/entity/Q2297582,Mike Van Peel
http://www_wikidata_org/entity/Q2298339,Hwoarang
http://www_wikidata_org/entity/Q22983,Data
http://www_wikidata_org/entity/Q2298826,Gourry Gabriev
http://www_wikidata_org/entity/Q2299139,Uncle Ben
http://www_wikidata_org/entity/Q22992,Chang
http://www_wikidata_org/entity/Q2300110,Blanka
http://www_wikidata_org/entity/Q23023197,James Gordon
http://www_wikidata_org/entity/Q2303444,Hikaru Gosunkugi
http://www_wikidata_org/entity/Q23040384,Aapo
http://www_wikidata_org/entity/Q2304121,Andrea Zuckerman
http://www_wikidata_org/entity/Q2305002,Osan'gar
http://www_wikidata_org/entity/Q23059765,Bubble Bass
http://www_wikidata_org/entity/Q2306987,Haruhi Suzumiya
http://www_wikidata_org/entity/Q2307028,Wilfried Devlam
http://www_wikidata_org/entity/Q2307071,Vision
http://www_wikidata_org/entity/Q2307276,Rosa Klebb
http://www_wikidata_org/entity/Q2311473,Q2311473
http://www_wikidata_org/entity/Q2312613,Flavius Lucius Dexter
http://www_wikidata_org/entity/Q2313920,Cressida
http://www_wikidata_org/entity/Q2315519,Lorraine Baines McFly
http://www_wikidata_org/entity/Q2316879,The Architect
http://www_wikidata_org/entity/Q2317569,Vanessa Abrams
http://www_wikidata_org/entity/Q2318143,Trey Atwood
http://www_wikidata_org/entity/Q2320050,Nemesis
http://www_wikidata_org/entity/Q2320164,Victor Frankenstein
http://www_wikidata_org/entity/Q2320508,Semirhage
http://www_wikidata_org/entity/Q2320920,Roman Brady
http://www_wikidata_org/entity/Q2324677,Pipe-weed
http://www_wikidata_org/entity/Q2325524,Dodo
http://www_wikidata_org/entity/Q2327711,Geriatrix
http://www_wikidata_org/entity/Q2328228,Nessa
http://www_wikidata_org/entity/Q2330562,Carol Hathaway
http://www_wikidata_org/entity/Q23306604,Serpent
http://www_wikidata_org/entity/Q2330719,Professor Challenger
http://www_wikidata_org/entity/Q23309511,Barahir
http://www_wikidata_org/entity/Q2331270,Jimmy N'Tongo
http://www_wikidata_org/entity/Q2332221,Titania
http://www_wikidata_org/entity/Q2333831,Boss Nass
http://www_wikidata_org/entity/Q2334196,Shub-Niggurath
http://www_wikidata_org/entity/Q2335880,George Smiley
http://www_wikidata_org/entity/Q2336076,Eluréd
http://www_wikidata_org/entity/Q2336506,Charles Bartholomew Bass
http://www_wikidata_org/entity/Q2337703,Dawn Summers
http://www_wikidata_org/entity/Q2337717,Boy Bensdorp
http://www_wikidata_org/entity/Q2339109,Oropher
http://www_wikidata_org/entity/Q2339123,Morwen
http://www_wikidata_org/entity/Q2339182,Tar-Palantir
http://www_wikidata_org/entity/Q2339213,IG-88
http://www_wikidata_org/entity/Q2339290,Cristina Yang
http://www_wikidata_org/entity/Q2339526,Ibac
http://www_wikidata_org/entity/Q2339564,Mister Mind
http://www_wikidata_org/entity/Q2339663,Harvey Bullock
http://www_wikidata_org/entity/Q2340973,Herbert Powell
http://www_wikidata_org/entity/Q2341525,Maeglin
http://www_wikidata_org/entity/Q2344355,Keymaker
http://www_wikidata_org/entity/Q2344478,Ali Osram
http://www_wikidata_org/entity/Q2344528,Bardock
http://www_wikidata_org/entity/Q2344630,Norberta
http://www_wikidata_org/entity/Q2344687,Oscar François de Jarjayes
http://www_wikidata_org/entity/Q2344743,Jūshirō Ukitake
http://www_wikidata_org/entity/Q2345120,Olwë
http://www_wikidata_org/entity/Q2345138,Buckbeak
http://www_wikidata_org/entity/Q2345156,Raditz
http://www_wikidata_org/entity/Q2346685,Ra
http://www_wikidata_org/entity/Q2346693,Dirk Pitt
http://www_wikidata_org/entity/Q2347474,Robin Scherbatsky
http://www_wikidata_org/entity/Q2349577,Brigitta MacBridge
http://www_wikidata_org/entity/Q23499734,Daniel Grigori
http://www_wikidata_org/entity/Q2350043,Cuthbert Binns
http://www_wikidata_org/entity/Q2350610,Ernie Prang
http://www_wikidata_org/entity/Q2354120,Inertia
http://www_wikidata_org/entity/Q23541352,Lucinda Price
http://www_wikidata_org/entity/Q2354680,Meneer Joosten
http://www_wikidata_org/entity/Q2355364,Q2355364
http://www_wikidata_org/entity/Q2357164,The Master
http://www_wikidata_org/entity/Q2357694,Aegnor
http://www_wikidata_org/entity/Q2357888,Gossamer
http://www_wikidata_org/entity/Q2359610,Hawkman
http://www_wikidata_org/entity/Q2362299,Rhett Butler
http://www_wikidata_org/entity/Q2362911,Rosa Andrade
http://www_wikidata_org/entity/Q2362952,Shylock
http://www_wikidata_org/entity/Q2364220,Heather Mason
http://www_wikidata_org/entity/Q2366082,Saphira
http://www_wikidata_org/entity/Q2367377,Trypticon
http://www_wikidata_org/entity/Q2369345,Elenwë
http://www_wikidata_org/entity/Q2370565,Oliver Barnes
http://www_wikidata_org/entity/Q2370873,Madame du Val-Noble
http://www_wikidata_org/entity/Q2370893,Katya Kinski
http://www_wikidata_org/entity/Q2371240,Drew Kirk
http://www_wikidata_org/entity/Q2374583,Nicholas D_ Wolfwood
http://www_wikidata_org/entity/Q2374887,Johannes Kreisler
http://www_wikidata_org/entity/Q2376772,Gävle goat
http://www_wikidata_org/entity/Q2377013,Megan Richardson
http://www_wikidata_org/entity/Q2377081,John Dolittle
http://www_wikidata_org/entity/Q23783768,Ivriniel
http://www_wikidata_org/entity/Q23783782,Angelimir
http://www_wikidata_org/entity/Q23784053,Aglahad
http://www_wikidata_org/entity/Q23785246,Imrazôr
http://www_wikidata_org/entity/Q23792754,Calimehtar
http://www_wikidata_org/entity/Q23793220,Ulmo Ocin
http://www_wikidata_org/entity/Q23793252,Hallacar
http://www_wikidata_org/entity/Q23793538,Eärendur
http://www_wikidata_org/entity/Q23794644,Elphir
http://www_wikidata_org/entity/Q23794647,Erchirion
http://www_wikidata_org/entity/Q23795035,Alphros
http://www_wikidata_org/entity/Q23795276,Haleth
http://www_wikidata_org/entity/Q23795286,Háma
http://www_wikidata_org/entity/Q23795299,Forthwini
http://www_wikidata_org/entity/Q23795304,Marhwini
http://www_wikidata_org/entity/Q23795311,Marhari
http://www_wikidata_org/entity/Q23796603,Vidumavi
http://www_wikidata_org/entity/Q23796634,Minastan
http://www_wikidata_org/entity/Q23797184,Arciryas
http://www_wikidata_org/entity/Q23797186,Calimmacil
http://www_wikidata_org/entity/Q23797189,Siriondil
http://www_wikidata_org/entity/Q23797193,Artamir
http://www_wikidata_org/entity/Q23797196,Faramir
http://www_wikidata_org/entity/Q23797704,Almarian
http://www_wikidata_org/entity/Q23797713,Almiel
http://www_wikidata_org/entity/Q23799082,Ithilbor
http://www_wikidata_org/entity/Q2380361,Kristoff Verbist
http://www_wikidata_org/entity/Q23807432,Maese Nicolás
http://www_wikidata_org/entity/Q23809776,Morwen
http://www_wikidata_org/entity/Q23809789,Rían
http://www_wikidata_org/entity/Q23809802,Eilinel
http://www_wikidata_org/entity/Q23809814,Sadoc Brandybuck
http://www_wikidata_org/entity/Q23809816,Marroc Brandybuck
http://www_wikidata_org/entity/Q23809834,Salvia Bolger
http://www_wikidata_org/entity/Q23811247,Gundabald Bolger
http://www_wikidata_org/entity/Q23811254,Rudolph Bolger
http://www_wikidata_org/entity/Q23811304,Fastolph Bolger
http://www_wikidata_org/entity/Q23816842,Theobald Bolger
http://www_wikidata_org/entity/Q23816862,Pansy Baggins
http://www_wikidata_org/entity/Q23816916,Belba Baggins
http://www_wikidata_org/entity/Q23817005,Otto Boffin
http://www_wikidata_org/entity/Q23817020,Rudibert Bolger
http://www_wikidata_org/entity/Q23817023,Orgulas Brandybuck
http://www_wikidata_org/entity/Q23817256,Isengar Took
http://www_wikidata_org/entity/Q23817367,Ferumbras Took II
http://www_wikidata_org/entity/Q23817380,Isumbras Took III
http://www_wikidata_org/entity/Q23817391,Isengrim Took II
http://www_wikidata_org/entity/Q23818761,Blanco Bracegirdle
http://www_wikidata_org/entity/Q23818851,Bosco Boffin
http://www_wikidata_org/entity/Q23818868,Sancho Proudfoot
http://www_wikidata_org/entity/Q23819537,Pervinca Took
http://www_wikidata_org/entity/Q23819566,Sigismond Took
http://www_wikidata_org/entity/Q23835460,Nina Lightfoot
http://www_wikidata_org/entity/Q2387154,Dimitri Vanieper
http://www_wikidata_org/entity/Q23893078,Optimus Yarnspinner
http://www_wikidata_org/entity/Q2389403,Quickbeam
http://www_wikidata_org/entity/Q2390133,Amelia Bones
http://www_wikidata_org/entity/Q23906183,Herbert Einstein
http://www_wikidata_org/entity/Q2391579,Chuck Shurley
http://www_wikidata_org/entity/Q2392781,Sampaati
http://www_wikidata_org/entity/Q2394607,Q2394607
http://www_wikidata_org/entity/Q2394667,Merlin of Amber
http://www_wikidata_org/entity/Q2397174,Callie Torres
http://www_wikidata_org/entity/Q2400838,Cassie
http://www_wikidata_org/entity/Q2401486,Arthur Peters
http://www_wikidata_org/entity/Q24022584,Vision
http://www_wikidata_org/entity/Q24027486,Sharon Carter
http://www_wikidata_org/entity/Q24045752,Wong
http://www_wikidata_org/entity/Q24046102,Thor
http://www_wikidata_org/entity/Q24046118,Loki
http://www_wikidata_org/entity/Q24046126,Odin
http://www_wikidata_org/entity/Q24046150,Heimdall
http://www_wikidata_org/entity/Q24046160,Volstagg
http://www_wikidata_org/entity/Q24049976,Hogun
http://www_wikidata_org/entity/Q24049985,Fandral
http://www_wikidata_org/entity/Q24049994,Lady Sif
http://www_wikidata_org/entity/Q24049999,Frigga
http://www_wikidata_org/entity/Q24050072,Gamora
http://www_wikidata_org/entity/Q24050079,Drax
http://www_wikidata_org/entity/Q24050093,Yondu Udonta
http://www_wikidata_org/entity/Q24050097,Nebula
http://www_wikidata_org/entity/Q24050112,Irani Rael
http://www_wikidata_org/entity/Q24050114,Ego
http://www_wikidata_org/entity/Q24050122,Hela
http://www_wikidata_org/entity/Q2405949,Captain Britain
http://www_wikidata_org/entity/Q2409824,Anton Wachter
http://www_wikidata_org/entity/Q24106814,Dat Boi
http://www_wikidata_org/entity/Q2412073,Tybalt
http://www_wikidata_org/entity/Q2412208,Wade Welles
http://www_wikidata_org/entity/Q2412477,Armand
http://www_wikidata_org/entity/Q2414033,Mirandolina
http://www_wikidata_org/entity/Q2414597,Teresa Lisbon
http://www_wikidata_org/entity/Q2414931,The Flying Fakir
http://www_wikidata_org/entity/Q2415753,Philip Swift
http://www_wikidata_org/entity/Q2416079,Valerie Fischer
http://www_wikidata_org/entity/Q24175951,Valkyrie
http://www_wikidata_org/entity/Q24176049,Skurge
http://www_wikidata_org/entity/Q24190350,Coleman Frog
http://www_wikidata_org/entity/Q24196166,Saunders Mucklebackit
http://www_wikidata_org/entity/Q2419636,Faith
http://www_wikidata_org/entity/Q2420275,Paragon
http://www_wikidata_org/entity/Q2421461,Thorn
http://www_wikidata_org/entity/Q2422204,Morzan
http://www_wikidata_org/entity/Q2423269,Karen Plankton
http://www_wikidata_org/entity/Q2425582,Haleth
http://www_wikidata_org/entity/Q2427367,Cliff Huxtable
http://www_wikidata_org/entity/Q2435983,Poggin
http://www_wikidata_org/entity/Q2437234,Tityrus
http://www_wikidata_org/entity/Q2437734,Steve Trevor
http://www_wikidata_org/entity/Q2438146,Judith Van Santen
http://www_wikidata_org/entity/Q244018,Zwerg Bumsti
http://www_wikidata_org/entity/Q2440279,Balder
http://www_wikidata_org/entity/Q2440723,Varian Wrynn
http://www_wikidata_org/entity/Q2441401,La Carconte
http://www_wikidata_org/entity/Q24455661,Maui
http://www_wikidata_org/entity/Q2446175,Tirian
http://www_wikidata_org/entity/Q2446362,M'Ress
http://www_wikidata_org/entity/Q2447542,Prince Hamlet
http://www_wikidata_org/entity/Q2449280,Ingwë
http://www_wikidata_org/entity/Q2451664,Padan Fain
http://www_wikidata_org/entity/Q24542421,Jenny
http://www_wikidata_org/entity/Q24542429,Charlie
http://www_wikidata_org/entity/Q24563243,Mr_ Ray
http://www_wikidata_org/entity/Q24563340,Becky
http://www_wikidata_org/entity/Q24563973,Crush
http://www_wikidata_org/entity/Q24564027,Squirt
http://www_wikidata_org/entity/Q24564286,Wife Fish
http://www_wikidata_org/entity/Q24564331,Husband Fish (Stan)
http://www_wikidata_org/entity/Q24565465,Chicken Fish
http://www_wikidata_org/entity/Q24565480,Sunfish “Charlie Back and Forth”
http://www_wikidata_org/entity/Q24565481,Gill
http://www_wikidata_org/entity/Q24565484,Bloat
http://www_wikidata_org/entity/Q24565487,Peach
http://www_wikidata_org/entity/Q24565492,Gurgle
http://www_wikidata_org/entity/Q24565745,Bubbles
http://www_wikidata_org/entity/Q24565908,Deb (&Flo)
http://www_wikidata_org/entity/Q2460504,Apophis
http://www_wikidata_org/entity/Q2462551,Folca
http://www_wikidata_org/entity/Q2463342,Oscar Balfour
http://www_wikidata_org/entity/Q2463414,Walda
http://www_wikidata_org/entity/Q2465053,Great Goblin
http://www_wikidata_org/entity/Q24653991,Peter Moosebridge
http://www_wikidata_org/entity/Q2466232,Om Nom
http://www_wikidata_org/entity/Q2467848,Radioactive Man
http://www_wikidata_org/entity/Q246867,Woodstock
http://www_wikidata_org/entity/Q246870,Oracle
http://www_wikidata_org/entity/Q2469477,Egalmoth
http://www_wikidata_org/entity/Q2470173,Bard the Bowman
http://www_wikidata_org/entity/Q2470287,Mardil Voronwë
http://www_wikidata_org/entity/Q2471023,Nick Carter
http://www_wikidata_org/entity/Q2471533,Laertes
http://www_wikidata_org/entity/Q2471541,Kay Adams-Corleone
http://www_wikidata_org/entity/Q2472906,Professor Tarantoga
http://www_wikidata_org/entity/Q24731161,Aricie
http://www_wikidata_org/entity/Q24731835,Q24731835
http://www_wikidata_org/entity/Q24731837,Q24731837
http://www_wikidata_org/entity/Q24731838,Q24731838
http://www_wikidata_org/entity/Q24731842,Q24731842
http://www_wikidata_org/entity/Q24731843,Q24731843
http://www_wikidata_org/entity/Q24731847,Q24731847
http://www_wikidata_org/entity/Q24731849,Q24731849
http://www_wikidata_org/entity/Q24731850,Q24731850
http://www_wikidata_org/entity/Q24731852,Q24731852
http://www_wikidata_org/entity/Q24731854,Q24731854
http://www_wikidata_org/entity/Q24731855,Q24731855
http://www_wikidata_org/entity/Q24731857,Axiane
http://www_wikidata_org/entity/Q24731859,Q24731859
http://www_wikidata_org/entity/Q24731861,Q24731861
http://www_wikidata_org/entity/Q24731863,Q24731863
http://www_wikidata_org/entity/Q24731865,Pyrrhus
http://www_wikidata_org/entity/Q24731867,Q24731867
http://www_wikidata_org/entity/Q24731868,Hermione
http://www_wikidata_org/entity/Q24731870,Pylade
http://www_wikidata_org/entity/Q24731872,Q24731872
http://www_wikidata_org/entity/Q24731873,Q24731873
http://www_wikidata_org/entity/Q24731875,Q24731875
http://www_wikidata_org/entity/Q24731877,Q24731877
http://www_wikidata_org/entity/Q24731878,Q24731878
http://www_wikidata_org/entity/Q24731881,Q24731881
http://www_wikidata_org/entity/Q24731882,Q24731882
http://www_wikidata_org/entity/Q24731883,Burrhus
http://www_wikidata_org/entity/Q24731886,Narcisse
http://www_wikidata_org/entity/Q24731887,Q24731887
http://www_wikidata_org/entity/Q24732073,Q24732073
http://www_wikidata_org/entity/Q24732075,Q24732075
http://www_wikidata_org/entity/Q24732078,Q24732078
http://www_wikidata_org/entity/Q24732081,Q24732081
http://www_wikidata_org/entity/Q24732082,Q24732082
http://www_wikidata_org/entity/Q24732084,Q24732084
http://www_wikidata_org/entity/Q24732087,Q24732087
http://www_wikidata_org/entity/Q24732088,Bajazet
http://www_wikidata_org/entity/Q24732091,Q24732091
http://www_wikidata_org/entity/Q24732092,Q24732092
http://www_wikidata_org/entity/Q24732095,Q24732095
http://www_wikidata_org/entity/Q24732097,Q24732097
http://www_wikidata_org/entity/Q24732099,Q24732099
http://www_wikidata_org/entity/Q24732100,Q24732100
http://www_wikidata_org/entity/Q24732102,Q24732102
http://www_wikidata_org/entity/Q24732104,Q24732104
http://www_wikidata_org/entity/Q24732107,Q24732107
http://www_wikidata_org/entity/Q24732108,Q24732108
http://www_wikidata_org/entity/Q24732110,Q24732110
http://www_wikidata_org/entity/Q24732112,Q24732112
http://www_wikidata_org/entity/Q24732114,Q24732114
http://www_wikidata_org/entity/Q24732115,Q24732115
http://www_wikidata_org/entity/Q24732117,Q24732117
http://www_wikidata_org/entity/Q24732120,Q24732120
http://www_wikidata_org/entity/Q24732122,Q24732122
http://www_wikidata_org/entity/Q24732123,Q24732123
http://www_wikidata_org/entity/Q24732125,Q24732125
http://www_wikidata_org/entity/Q24732127,Q24732127
http://www_wikidata_org/entity/Q24732129,Q24732129
http://www_wikidata_org/entity/Q24732131,Q24732131
http://www_wikidata_org/entity/Q24732133,Q24732133
http://www_wikidata_org/entity/Q24734119,Q24734119
http://www_wikidata_org/entity/Q24734120,Q24734120
http://www_wikidata_org/entity/Q24734121,Q24734121
http://www_wikidata_org/entity/Q24734126,Q24734126
http://www_wikidata_org/entity/Q24734127,Q24734127
http://www_wikidata_org/entity/Q24734128,Q24734128
http://www_wikidata_org/entity/Q24734132,Q24734132
http://www_wikidata_org/entity/Q24734138,Q24734138
http://www_wikidata_org/entity/Q24734139,Q24734139
http://www_wikidata_org/entity/Q24734143,Thamar
http://www_wikidata_org/entity/Q24734144,Q24734144
http://www_wikidata_org/entity/Q24734148,Q24734148
http://www_wikidata_org/entity/Q24734151,Q24734151
http://www_wikidata_org/entity/Q24734153,Q24734153
http://www_wikidata_org/entity/Q24734155,Q24734155
http://www_wikidata_org/entity/Q24734157,Q24734157
http://www_wikidata_org/entity/Q24734160,Q24734160
http://www_wikidata_org/entity/Q24734162,Q24734162
http://www_wikidata_org/entity/Q24734166,Q24734166
http://www_wikidata_org/entity/Q24734167,Q24734167
http://www_wikidata_org/entity/Q24734212,Q24734212
http://www_wikidata_org/entity/Q24734303,Q24734303
http://www_wikidata_org/entity/Q24734305,Q24734305
http://www_wikidata_org/entity/Q24734308,Q24734308
http://www_wikidata_org/entity/Q24734310,Q24734310
http://www_wikidata_org/entity/Q24734312,Q24734312
http://www_wikidata_org/entity/Q24734315,Q24734315
http://www_wikidata_org/entity/Q24734316,Q24734316
http://www_wikidata_org/entity/Q24734318,Q24734318
http://www_wikidata_org/entity/Q24735875,Phèdre
http://www_wikidata_org/entity/Q24735877,Hippolyte
http://www_wikidata_org/entity/Q24735879,Q24735879
http://www_wikidata_org/entity/Q24735882,Q24735882
http://www_wikidata_org/entity/Q24735884,Q24735884
http://www_wikidata_org/entity/Q24735889,Q24735889
http://www_wikidata_org/entity/Q24735891,Q24735891
http://www_wikidata_org/entity/Q2473641,Quark
http://www_wikidata_org/entity/Q2474456,Maricha
http://www_wikidata_org/entity/Q2475395,Ulm Sparrow
http://www_wikidata_org/entity/Q2475686,Nerdanel
http://www_wikidata_org/entity/Q2475930,Eorl
http://www_wikidata_org/entity/Q2476437,Eärnil I
http://www_wikidata_org/entity/Q2476462,Eärnur
http://www_wikidata_org/entity/Q2476724,Tar-Amandil
http://www_wikidata_org/entity/Q2476955,Pieter Bouten
http://www_wikidata_org/entity/Q2476993,Nasuada
http://www_wikidata_org/entity/Q2477429,Oromis
http://www_wikidata_org/entity/Q2478342,Aldamir
http://www_wikidata_org/entity/Q2478761,Miles Dyson
http://www_wikidata_org/entity/Q2478988,Mole Man
http://www_wikidata_org/entity/Q2479508,Marissa Cooper
http://www_wikidata_org/entity/Q2479727,Meganulon
http://www_wikidata_org/entity/Q2480209,Geert Smeekens
http://www_wikidata_org/entity/Q2480769,Beru Lars
http://www_wikidata_org/entity/Q2481465,Android 17
http://www_wikidata_org/entity/Q2481483,Pilaf
http://www_wikidata_org/entity/Q2482655,Tamara Johansen
http://www_wikidata_org/entity/Q2482657,Sir Eider McDuck
http://www_wikidata_org/entity/Q2482890,Ikkaku Madarame
http://www_wikidata_org/entity/Q2484991,Wulf
http://www_wikidata_org/entity/Q2485770,Darth Nihilus
http://www_wikidata_org/entity/Q2485945,Anubis
http://www_wikidata_org/entity/Q24860265,Soohorang and Bandabi
http://www_wikidata_org/entity/Q2486553,Sylvia Trench
http://www_wikidata_org/entity/Q24876414,Chiryuppi
http://www_wikidata_org/entity/Q2487902,Gilraen
http://www_wikidata_org/entity/Q2488242,Freca
http://www_wikidata_org/entity/Q2488627,Elendur
http://www_wikidata_org/entity/Q24895978,Fire Flower
http://www_wikidata_org/entity/Q2490665,Thorne Forrester
http://www_wikidata_org/entity/Q249081,Roo
http://www_wikidata_org/entity/Q2491174,Marc Camps
http://www_wikidata_org/entity/Q2492223,John Galt
http://www_wikidata_org/entity/Q2493792,Coralie
http://www_wikidata_org/entity/Q2497514,Much the Miller's Son
http://www_wikidata_org/entity/Q2498149,Vivacia
http://www_wikidata_org/entity/Q2498540,Helena
http://www_wikidata_org/entity/Q2498881,Tchantchès
http://www_wikidata_org/entity/Q24996965,Letho of Gulet
http://www_wikidata_org/entity/Q2499969,Bane
http://www_wikidata_org/entity/Q2500105,Brandon Walsh
http://www_wikidata_org/entity/Q2500449,Silvermane
http://www_wikidata_org/entity/Q25100036,Larry-Boy
http://www_wikidata_org/entity/Q25113763,Cyborg Superman
http://www_wikidata_org/entity/Q2514185,Zazu
http://www_wikidata_org/entity/Q2517217,Taurus Aldebaran
http://www_wikidata_org/entity/Q2517241,Pisces Aphrodite
http://www_wikidata_org/entity/Q2517339,Julie Cooper
http://www_wikidata_org/entity/Q2518175,Mule
http://www_wikidata_org/entity/Q2518457,Marc Vertongen
http://www_wikidata_org/entity/Q2518679,Gray Fox
http://www_wikidata_org/entity/Q2518973,Pinhead
http://www_wikidata_org/entity/Q2519565,Jeod
http://www_wikidata_org/entity/Q2519837,Bluto
http://www_wikidata_org/entity/Q2519838,Glaedr
http://www_wikidata_org/entity/Q2520136,Hrothgar
http://www_wikidata_org/entity/Q2520315,Ba'al
http://www_wikidata_org/entity/Q2520963,Solembum
http://www_wikidata_org/entity/Q2521111,Zant
http://www_wikidata_org/entity/Q25214345,Pearl
http://www_wikidata_org/entity/Q2521730,Q2521730
http://www_wikidata_org/entity/Q2523977,Q2523977
http://www_wikidata_org/entity/Q2525492,Takako Chigusa
http://www_wikidata_org/entity/Q2526203,Ar-Abbatârik
http://www_wikidata_org/entity/Q252737,Hanswurst
http://www_wikidata_org/entity/Q2527732,Mike Novick
http://www_wikidata_org/entity/Q2528036,Ar-Sakalthôr
http://www_wikidata_org/entity/Q2528864,Eldacar of Arnor
http://www_wikidata_org/entity/Q2528903,Malvegil
http://www_wikidata_org/entity/Q2528915,Amlaith of Fornost
http://www_wikidata_org/entity/Q2529234,Ciryon
http://www_wikidata_org/entity/Q2529304,Hyacinthe
http://www_wikidata_org/entity/Q2530488,Tisroc
http://www_wikidata_org/entity/Q2530671,Cemendur
http://www_wikidata_org/entity/Q2530918,Ed Deline
http://www_wikidata_org/entity/Q2530993,Vector the Crocodile
http://www_wikidata_org/entity/Q253251,Ronin
http://www_wikidata_org/entity/Q2532618,David Hodges
http://www_wikidata_org/entity/Q2533047,Mr_ White
http://www_wikidata_org/entity/Q2533087,Arveleg II
http://www_wikidata_org/entity/Q2533109,Arvegil
http://www_wikidata_org/entity/Q2533459,Girion
http://www_wikidata_org/entity/Q2533737,Sam Spade
http://www_wikidata_org/entity/Q25338347,Ishka
http://www_wikidata_org/entity/Q25338369,Chief Inspector Armand Gamache
http://www_wikidata_org/entity/Q2534851,Belecthor I
http://www_wikidata_org/entity/Q2535518,Esme Cullen
http://www_wikidata_org/entity/Q2537027,Cristina Rose Scofield
http://www_wikidata_org/entity/Q2537164,Nemu Kurotsuchi
http://www_wikidata_org/entity/Q2537738,Albert Thielens
http://www_wikidata_org/entity/Q2537895,Kurapika
http://www_wikidata_org/entity/Q2537910,Tarondor de Gondor
http://www_wikidata_org/entity/Q2538172,Fat Bastard
http://www_wikidata_org/entity/Q25393721,Todd
http://www_wikidata_org/entity/Q25400092,Magnus Chase
http://www_wikidata_org/entity/Q2542307,The Cowardly Lion
http://www_wikidata_org/entity/Q2543139,Aragost
http://www_wikidata_org/entity/Q2543626,Arahad II
http://www_wikidata_org/entity/Q2543646,Argonui
http://www_wikidata_org/entity/Q2543659,Aravorn
http://www_wikidata_org/entity/Q2543986,Aldor
http://www_wikidata_org/entity/Q25446750,Brainiac
http://www_wikidata_org/entity/Q25446925,Thomas
http://www_wikidata_org/entity/Q25456408,Black Beast of Aaaaarrrrrrggghhh
http://www_wikidata_org/entity/Q2546096,Kaname Tōsen
http://www_wikidata_org/entity/Q25461305,William Murdoch
http://www_wikidata_org/entity/Q2547468,Guaire Amalasan
http://www_wikidata_org/entity/Q25479346,Rumplestiltskin
http://www_wikidata_org/entity/Q2549225,Tetsuzaemon Iba
http://www_wikidata_org/entity/Q2549244,Nanao Ise
http://www_wikidata_org/entity/Q2549265,Kaien Shiba
http://www_wikidata_org/entity/Q2549623,Hanataro Yamada
http://www_wikidata_org/entity/Q2551293,Gin
http://www_wikidata_org/entity/Q2553543,Harry Dresden
http://www_wikidata_org/entity/Q25545910,Kratos
http://www_wikidata_org/entity/Q2556540,Gothmog
http://www_wikidata_org/entity/Q25575931,Q25575931
http://www_wikidata_org/entity/Q2558762,Kayako Saeki
http://www_wikidata_org/entity/Q25591435,Enderman
http://www_wikidata_org/entity/Q2559402,Ethelred the Ever-Ready
http://www_wikidata_org/entity/Q2559802,Beast
http://www_wikidata_org/entity/Q2561830,Red Queen
http://www_wikidata_org/entity/Q2562202,Gorosaurus
http://www_wikidata_org/entity/Q2564121,Jenny Humphrey
http://www_wikidata_org/entity/Q2566378,Garrosh Hellscream
http://www_wikidata_org/entity/Q2567947,Marge Dursley
http://www_wikidata_org/entity/Q2568064,Fortinbras
http://www_wikidata_org/entity/Q2568468,Subahu
http://www_wikidata_org/entity/Q2568669,Q2568669
http://www_wikidata_org/entity/Q2568965,Rían
http://www_wikidata_org/entity/Q2570398,Fengel
http://www_wikidata_org/entity/Q2570469,Folcwine
http://www_wikidata_org/entity/Q2570715,Halbarad
http://www_wikidata_org/entity/Q2572667,Silmariën
http://www_wikidata_org/entity/Q2576702,Eobard Thawne
http://www_wikidata_org/entity/Q2577137,Lothíriel
http://www_wikidata_org/entity/Q2577749,Shougo Kawada
http://www_wikidata_org/entity/Q2578146,Lasher
http://www_wikidata_org/entity/Q2579928,Q2579928
http://www_wikidata_org/entity/Q25831,Wenlock and Mandeville
http://www_wikidata_org/entity/Q2583524,Dorothy Gale
http://www_wikidata_org/entity/Q2585477,Javert
http://www_wikidata_org/entity/Q2586655,Moist von Lipwig
http://www_wikidata_org/entity/Q2590648,Daeron
http://www_wikidata_org/entity/Q2590822,Bentina Beakley
http://www_wikidata_org/entity/Q25927027,Andrew Martin
http://www_wikidata_org/entity/Q25935424,Kevin Ryan
http://www_wikidata_org/entity/Q2596441,Estë
http://www_wikidata_org/entity/Q25974049,Garnet
http://www_wikidata_org/entity/Q2599594,Gorlim
http://www_wikidata_org/entity/Q259963,Josef Filser
http://www_wikidata_org/entity/Q2600134,Albert Runcorn
http://www_wikidata_org/entity/Q2601807,Gamling
http://www_wikidata_org/entity/Q2601925,Machine Man
http://www_wikidata_org/entity/Q2602235,Seth
http://www_wikidata_org/entity/Q2602676,Q2602676
http://www_wikidata_org/entity/Q2605278,King Vegeta
http://www_wikidata_org/entity/Q2605338,Palamedes
http://www_wikidata_org/entity/Q2606284,Rain
http://www_wikidata_org/entity/Q2606552,Arathorn I
http://www_wikidata_org/entity/Q2607099,Marisa Coulter
http://www_wikidata_org/entity/Q2607577,Illyria
http://www_wikidata_org/entity/Q2608715,Vesper Lynd
http://www_wikidata_org/entity/Q2608755,Brego
http://www_wikidata_org/entity/Q2608769,Aravir
http://www_wikidata_org/entity/Q2608783,Aragorn I
http://www_wikidata_org/entity/Q2609295,Lore
http://www_wikidata_org/entity/Q2609610,Eärnil II
http://www_wikidata_org/entity/Q2609614,Eldacar de Gondor
http://www_wikidata_org/entity/Q2609980,Narmacil II
http://www_wikidata_org/entity/Q2609988,Calmacil
http://www_wikidata_org/entity/Q2610026,Lina Inverse
http://www_wikidata_org/entity/Q2610060,Gildor Inglorion
http://www_wikidata_org/entity/Q2610187,Rómendacil II
http://www_wikidata_org/entity/Q2610197,Telemnar
http://www_wikidata_org/entity/Q2610268,Minardil
http://www_wikidata_org/entity/Q2610283,Siriondil
http://www_wikidata_org/entity/Q2610397,Mablung
http://www_wikidata_org/entity/Q2615747,Atanatar I
http://www_wikidata_org/entity/Q261584,Mouth of Sauron
http://www_wikidata_org/entity/Q2617674,Coco Bandicoot
http://www_wikidata_org/entity/Q2618672,Q2618672
http://www_wikidata_org/entity/Q2619064,Artemis Entreri
http://www_wikidata_org/entity/Q2620352,Argeleb II
http://www_wikidata_org/entity/Q26203901,Delphini Riddle
http://www_wikidata_org/entity/Q2622279,Jim Raynor
http://www_wikidata_org/entity/Q2625165,Soi Fon
http://www_wikidata_org/entity/Q2626211,Dirk Cresswell
http://www_wikidata_org/entity/Q2627135,Lord Drinian
http://www_wikidata_org/entity/Q2628737,Tar-Calmacil
http://www_wikidata_org/entity/Q2628743,Tar-Alcarin
http://www_wikidata_org/entity/Q2629101,Johnny Fontane
http://www_wikidata_org/entity/Q2629208,Tar-Meneldur
http://www_wikidata_org/entity/Q2629612,Tar-Elendil
http://www_wikidata_org/entity/Q2629940,Dash Rendar
http://www_wikidata_org/entity/Q2629969,Vardamir
http://www_wikidata_org/entity/Q2630368,Hamfast Gamgee
http://www_wikidata_org/entity/Q2630435,Emmeline Vance
http://www_wikidata_org/entity/Q2630867,Tar-Súrion
http://www_wikidata_org/entity/Q2630875,Tar-Telemmaitë
http://www_wikidata_org/entity/Q2630882,Tar-Minastir
http://www_wikidata_org/entity/Q2630887,Tar-Ancalimon
http://www_wikidata_org/entity/Q2630906,Tar-Ciryatan
http://www_wikidata_org/entity/Q2630922,Tar-Anárion
http://www_wikidata_org/entity/Q2631336,Gotenks
http://www_wikidata_org/entity/Q2631797,Malcolm Reed
http://www_wikidata_org/entity/Q2632740,Turambar
http://www_wikidata_org/entity/Q2632937,Q2632937
http://www_wikidata_org/entity/Q2633028,Prince Xizor
http://www_wikidata_org/entity/Q2634487,Finduilas
http://www_wikidata_org/entity/Q2635399,Iago
http://www_wikidata_org/entity/Q2637148,Lysander
http://www_wikidata_org/entity/Q2637635,Fergus McDuck
http://www_wikidata_org/entity/Q2640168,Chii
http://www_wikidata_org/entity/Q2640341,Moguera
http://www_wikidata_org/entity/Q26413,Gwaihir
http://www_wikidata_org/entity/Q2641631,Downy O'Drake
http://www_wikidata_org/entity/Q264685,Marvin the Paranoid Android
http://www_wikidata_org/entity/Q2654944,Eradicator
http://www_wikidata_org/entity/Q2655017,Q2655017
http://www_wikidata_org/entity/Q2656265,Godzilla Junior
http://www_wikidata_org/entity/Q2656273,Gabrielle de Lioncourt
http://www_wikidata_org/entity/Q2657529,Bruenor Battlehammer
http://www_wikidata_org/entity/Q2658851,Farsight
http://www_wikidata_org/entity/Q266069,Old Lace
http://www_wikidata_org/entity/Q2661327,Meneer Foppe
http://www_wikidata_org/entity/Q2662735,Venus Fire Trap
http://www_wikidata_org/entity/Q2663881,Grand Mogul
http://www_wikidata_org/entity/Q2664411,Baragon 2001 (GMK)
http://www_wikidata_org/entity/Q2665317,River Song
http://www_wikidata_org/entity/Q2668352,Mock Turtle
http://www_wikidata_org/entity/Q26714785,Ruby
http://www_wikidata_org/entity/Q26714787,Sapphire
http://www_wikidata_org/entity/Q26714798,Peridot
http://www_wikidata_org/entity/Q26714800,Amethyst
http://www_wikidata_org/entity/Q26714844,Rose Quartz
http://www_wikidata_org/entity/Q26714881,Jasper
http://www_wikidata_org/entity/Q26714882,Lapis Lazuli
http://www_wikidata_org/entity/Q26714890,Bismuth
http://www_wikidata_org/entity/Q26726971,Humpty Dumpty
http://www_wikidata_org/entity/Q26736715,Delivery Frog
http://www_wikidata_org/entity/Q26736718,Gentleman Fish
http://www_wikidata_org/entity/Q26741428,Prince Philip
http://www_wikidata_org/entity/Q26742219,Zladko Vladcik
http://www_wikidata_org/entity/Q267447,Granny Weatherwax
http://www_wikidata_org/entity/Q2674728,Rowena Ravenclaw
http://www_wikidata_org/entity/Q26772284,Ayesha
http://www_wikidata_org/entity/Q26772430,Oblo
http://www_wikidata_org/entity/Q2681155,Oberon
http://www_wikidata_org/entity/Q26829709,Red
http://www_wikidata_org/entity/Q26829756,Chuck Bird
http://www_wikidata_org/entity/Q26829809,Bomb Bird
http://www_wikidata_org/entity/Q26833949,mistrz
http://www_wikidata_org/entity/Q268464,Amazo
http://www_wikidata_org/entity/Q26882858,Noggi and Joggi
http://www_wikidata_org/entity/Q26883873,Prostetnic Vogon Jeltz
http://www_wikidata_org/entity/Q26902954,Tiger-lily
http://www_wikidata_org/entity/Q26904354,Cupid
http://www_wikidata_org/entity/Q26904360,Francisco
http://www_wikidata_org/entity/Q26904362,Margaret
http://www_wikidata_org/entity/Q26904409,Perdita
http://www_wikidata_org/entity/Q26904532,Setebos
http://www_wikidata_org/entity/Q26904727,Ariane Leprieur
http://www_wikidata_org/entity/Q26904743,Bertrandou le Fifre
http://www_wikidata_org/entity/Q26904744,Borasisi
http://www_wikidata_org/entity/Q2691406,Timon
http://www_wikidata_org/entity/Q2695156,Batman
http://www_wikidata_org/entity/Q2696107,Wilhelmina Grubbly-Plank
http://www_wikidata_org/entity/Q2696126,Jet the Hawk
http://www_wikidata_org/entity/Q26961738,Nicolae Carpathia
http://www_wikidata_org/entity/Q2696735,Vorondil
http://www_wikidata_org/entity/Q2703454,Guenhwyvar
http://www_wikidata_org/entity/Q2704239,Bertha Jorkins
http://www_wikidata_org/entity/Q2704460,Pelendur
http://www_wikidata_org/entity/Q2706729,Scatha
http://www_wikidata_org/entity/Q2707677,Eärendur
http://www_wikidata_org/entity/Q2708105,Howard the Duck
http://www_wikidata_org/entity/Q2708674,Dr_ Gero
http://www_wikidata_org/entity/Q2709605,Beatrice Baudelaire
http://www_wikidata_org/entity/Q2713755,Ar-Zimrathôn
http://www_wikidata_org/entity/Q2713758,Ar-Gimilzôr
http://www_wikidata_org/entity/Q2714162,Amroth
http://www_wikidata_org/entity/Q2714708,Celepharn
http://www_wikidata_org/entity/Q2714709,Tarondor of Arnor
http://www_wikidata_org/entity/Q2714717,Araval
http://www_wikidata_org/entity/Q2714726,Argeleb I
http://www_wikidata_org/entity/Q2714731,Araphor
http://www_wikidata_org/entity/Q2714738,Arantar
http://www_wikidata_org/entity/Q2714742,Tarcil
http://www_wikidata_org/entity/Q2714751,Valandur
http://www_wikidata_org/entity/Q2714760,Aranuir
http://www_wikidata_org/entity/Q2714770,Celebrindor
http://www_wikidata_org/entity/Q2714789,Araphant
http://www_wikidata_org/entity/Q2714797,Arveleg I
http://www_wikidata_org/entity/Q27148563,Dopey
http://www_wikidata_org/entity/Q27148610,Doc
http://www_wikidata_org/entity/Q27148632,Grumpy
http://www_wikidata_org/entity/Q27148704,Happy
http://www_wikidata_org/entity/Q27148737,Sneezy
http://www_wikidata_org/entity/Q2715191,Mallor
http://www_wikidata_org/entity/Q2715495,Lord Asriel
http://www_wikidata_org/entity/Q2715702,Hallas
http://www_wikidata_org/entity/Q2715918,Eärendil of Gondor
http://www_wikidata_org/entity/Q2716121,Denethor I
http://www_wikidata_org/entity/Q2716150,Narmacil I
http://www_wikidata_org/entity/Q2716930,Aredhel
http://www_wikidata_org/entity/Q2717254,Aratan
http://www_wikidata_org/entity/Q2717315,Cornelius Coot
http://www_wikidata_org/entity/Q2717625,Killua Zoldyck
http://www_wikidata_org/entity/Q2718623,Belecthor II
http://www_wikidata_org/entity/Q2718776,Arassuil
http://www_wikidata_org/entity/Q2718919,Arahad I
http://www_wikidata_org/entity/Q2719323,Retsu Unohana
http://www_wikidata_org/entity/Q2719947,Momo Hinamori
http://www_wikidata_org/entity/Q2720206,Q2720206
http://www_wikidata_org/entity/Q2723873,Lalaith
http://www_wikidata_org/entity/Q2723894,Byomkesh Bakshi
http://www_wikidata_org/entity/Q2723899,Feluda
http://www_wikidata_org/entity/Q2723967,Shigekuni Yamamoto-Genryūsai
http://www_wikidata_org/entity/Q27267221,S_T_A_N_
http://www_wikidata_org/entity/Q27267286,Hunter
http://www_wikidata_org/entity/Q27271937,Toby
http://www_wikidata_org/entity/Q27272386,Captain Crocodile
http://www_wikidata_org/entity/Q272805,Mephistopheles
http://www_wikidata_org/entity/Q2728819,Necro
http://www_wikidata_org/entity/Q2734434,Felicia
http://www_wikidata_org/entity/Q2736774,Queen Mab
http://www_wikidata_org/entity/Q2737565,Bastion
http://www_wikidata_org/entity/Q2739090,Naga Sadow
http://www_wikidata_org/entity/Q2739509,Teela Brown
http://www_wikidata_org/entity/Q2739634,Éomund
http://www_wikidata_org/entity/Q2739920,Arbiter
http://www_wikidata_org/entity/Q27430190,Gramps
http://www_wikidata_org/entity/Q27437639,Dinky
http://www_wikidata_org/entity/Q27437747,Boomer
http://www_wikidata_org/entity/Q27462047,Creeper
http://www_wikidata_org/entity/Q27469093,Dodo
http://www_wikidata_org/entity/Q27477310,Bill the Lizard
http://www_wikidata_org/entity/Q2747741,Roy
http://www_wikidata_org/entity/Q275475,Kaa
http://www_wikidata_org/entity/Q2755277,Abe Sapien
http://www_wikidata_org/entity/Q2755336,Sint Piter
http://www_wikidata_org/entity/Q27555113,Joanna
http://www_wikidata_org/entity/Q27561644,Frank
http://www_wikidata_org/entity/Q27583975,Ekaterina Ivanovna Verkhovtseva
http://www_wikidata_org/entity/Q27681460,Flit
http://www_wikidata_org/entity/Q27681595,Grandmother Willow
http://www_wikidata_org/entity/Q27697682,Cagueme
http://www_wikidata_org/entity/Q2782438,Wonder Woman (Earth-Two)
http://www_wikidata_org/entity/Q2786040,Android 16
http://www_wikidata_org/entity/Q2788342,Moocher McDuck
http://www_wikidata_org/entity/Q27898347,Lizard Footman
http://www_wikidata_org/entity/Q27922431,Q27922431
http://www_wikidata_org/entity/Q27924359,Pierre Bonaccord
http://www_wikidata_org/entity/Q27924360,Babajide Akingbade
http://www_wikidata_org/entity/Q27924372,Sidley Smirk Platter
http://www_wikidata_org/entity/Q27924373,Cottismore Croyne
http://www_wikidata_org/entity/Q27925102,B_E_N_
http://www_wikidata_org/entity/Q27925202,Seraphina Picquery
http://www_wikidata_org/entity/Q27925259,Porpentina Goldstein
http://www_wikidata_org/entity/Q27925269,Queenie Goldstein
http://www_wikidata_org/entity/Q27940634,Redwing
http://www_wikidata_org/entity/Q279589,Salmar
http://www_wikidata_org/entity/Q27965060,Jon Kent
http://www_wikidata_org/entity/Q27965153,Bunny and Claude
http://www_wikidata_org/entity/Q2797377,Jewel
http://www_wikidata_org/entity/Q2797625,Whomping Willow
http://www_wikidata_org/entity/Q27977430,Louis
http://www_wikidata_org/entity/Q27977942,Juju
http://www_wikidata_org/entity/Q2798054,Krusha
http://www_wikidata_org/entity/Q27997184,Ted Coldwater
http://www_wikidata_org/entity/Q28008605,Clyde
http://www_wikidata_org/entity/Q28016528,The Snow Queen
http://www_wikidata_org/entity/Q28039487,K-2SO
http://www_wikidata_org/entity/Q2804158,Brer Terrapin
http://www_wikidata_org/entity/Q28050000,Patrick Hennessey
http://www_wikidata_org/entity/Q28068823,Q28068823
http://www_wikidata_org/entity/Q28083104,Petrof Skinsky
http://www_wikidata_org/entity/Q28083773,Thomas Snelling
http://www_wikidata_org/entity/Q28107081,Chilon Chilonides
http://www_wikidata_org/entity/Q28111998,J_ Thaddeus Toad
http://www_wikidata_org/entity/Q28112777,Ben Ali Gator
http://www_wikidata_org/entity/Q28126610,Martin Muntor
http://www_wikidata_org/entity/Q28126732,Inspector Hazlerigg
http://www_wikidata_org/entity/Q28127122,Tarrant Hightopp
http://www_wikidata_org/entity/Q28127205,Nick O'Bannon
http://www_wikidata_org/entity/Q28127207,Sam Lawton
http://www_wikidata_org/entity/Q28133141,Little Jackdaw
http://www_wikidata_org/entity/Q2821619,Abigail Brand
http://www_wikidata_org/entity/Q2822418,Magikarp
http://www_wikidata_org/entity/Q2827065,Agony
http://www_wikidata_org/entity/Q283111,Professor Moriarty
http://www_wikidata_org/entity/Q2832931,Alex Cross
http://www_wikidata_org/entity/Q2838011,Scorpius Malfoy
http://www_wikidata_org/entity/Q28382040,Renate Bergmann
http://www_wikidata_org/entity/Q28449243,Cecil the Sagehen
http://www_wikidata_org/entity/Q28469410,Lear
http://www_wikidata_org/entity/Q28494302,Q28494302
http://www_wikidata_org/entity/Q2850125,Anise
http://www_wikidata_org/entity/Q28501619,Bird in the Tree
http://www_wikidata_org/entity/Q28501957,The Rose
http://www_wikidata_org/entity/Q28552850,Abraham Gray
http://www_wikidata_org/entity/Q28552920,John Hunter
http://www_wikidata_org/entity/Q28552985,Tom Redruth
http://www_wikidata_org/entity/Q2859264,Aquilina
http://www_wikidata_org/entity/Q28604194,Edwards Monks
http://www_wikidata_org/entity/Q2861774,Q2861774
http://www_wikidata_org/entity/Q286359,Sarah Kerrigan
http://www_wikidata_org/entity/Q28647057,Professor MacHugh
http://www_wikidata_org/entity/Q28647280,Ignatius Gallaher
http://www_wikidata_org/entity/Q28648593,Mina Purefoy
http://www_wikidata_org/entity/Q28657029,Tom Rochford
http://www_wikidata_org/entity/Q28657545,Pony Hütchen
http://www_wikidata_org/entity/Q28657547,Frau Tischbein
http://www_wikidata_org/entity/Q28671642,DoubleDuck
http://www_wikidata_org/entity/Q2868385,Aster
http://www_wikidata_org/entity/Q28685098,Kuruppa
http://www_wikidata_org/entity/Q28685729,Cui Daocheng
http://www_wikidata_org/entity/Q28686779,Wanko Brothers
http://www_wikidata_org/entity/Q28690746,Koto-chan
http://www_wikidata_org/entity/Q2869362,Atlach-Nacha
http://www_wikidata_org/entity/Q2871038,King Lune
http://www_wikidata_org/entity/Q2871480,Auguste de Maulincour
http://www_wikidata_org/entity/Q28720943,Fred the Mutant
http://www_wikidata_org/entity/Q28732631,Rob Anybody
http://www_wikidata_org/entity/Q2874995,Q2874995
http://www_wikidata_org/entity/Q28753897,Mr_ Campbell
http://www_wikidata_org/entity/Q2881846,Guy Smiley
http://www_wikidata_org/entity/Q28819472,Linda Moon
http://www_wikidata_org/entity/Q2884767,Baron Courtin
http://www_wikidata_org/entity/Q2884775,Baron d'Aldrigger
http://www_wikidata_org/entity/Q2887139,Tyr
http://www_wikidata_org/entity/Q28877687,The Boy
http://www_wikidata_org/entity/Q28913422,Serleena
http://www_wikidata_org/entity/Q28921984,Durai Singam
http://www_wikidata_org/entity/Q2893188,Legacy Virus
http://www_wikidata_org/entity/Q2894340,Belgarath
http://www_wikidata_org/entity/Q28945355,Bo
http://www_wikidata_org/entity/Q2896165,Benjamin Malaussène
http://www_wikidata_org/entity/Q2896246,Benjamin Stone
http://www_wikidata_org/entity/Q2897001,Beremiz Samir
http://www_wikidata_org/entity/Q28977933,Marlon the Gator
http://www_wikidata_org/entity/Q28977956,Ian the Gator
http://www_wikidata_org/entity/Q2900232,Betty Cooper
http://www_wikidata_org/entity/Q2900730,Bi-Beast
http://www_wikidata_org/entity/Q29025555,Dasan and Vijayan
http://www_wikidata_org/entity/Q2904220,Antiope
http://www_wikidata_org/entity/Q2904286,The Road Runner
http://www_wikidata_org/entity/Q29043512,Yaya Dub
http://www_wikidata_org/entity/Q2904629,Nubia
http://www_wikidata_org/entity/Q29051978,Shuri
http://www_wikidata_org/entity/Q29053994,The Stegosaurus
http://www_wikidata_org/entity/Q29053997,The Tyrannosaurus rex
http://www_wikidata_org/entity/Q29054197,Sonia the duck
http://www_wikidata_org/entity/Q2905617,Kite-Eating Tree
http://www_wikidata_org/entity/Q2905994,Blanche DuBois
http://www_wikidata_org/entity/Q29060761,Sasha the bird
http://www_wikidata_org/entity/Q2907270,Bluebell
http://www_wikidata_org/entity/Q2907796,Bob Pinciotti
http://www_wikidata_org/entity/Q29094189,Häberle
http://www_wikidata_org/entity/Q29094210,Pfleiderer
http://www_wikidata_org/entity/Q2914465,Grover
http://www_wikidata_org/entity/Q2915396,Titanium Man
http://www_wikidata_org/entity/Q2916375,Peter Wiggin
http://www_wikidata_org/entity/Q2917580,Frazer Yeats
http://www_wikidata_org/entity/Q29186591,Crocodile
http://www_wikidata_org/entity/Q2919541,Rrose Sélavy
http://www_wikidata_org/entity/Q2921267,Q2921267
http://www_wikidata_org/entity/Q2925113,Brice de Nice
http://www_wikidata_org/entity/Q2926112,Q2926112
http://www_wikidata_org/entity/Q2928603,Burr Redding
http://www_wikidata_org/entity/Q2930398,C'ian
http://www_wikidata_org/entity/Q2932781,Cadsuane Melaidhrin
http://www_wikidata_org/entity/Q29343471,Erika's Mother
http://www_wikidata_org/entity/Q2935686,Camusot
http://www_wikidata_org/entity/Q2936326,Cane Ashby
http://www_wikidata_org/entity/Q2937651,Captain Swing
http://www_wikidata_org/entity/Q29380372,Luke
http://www_wikidata_org/entity/Q29380436,Goblin
http://www_wikidata_org/entity/Q2939638,Carmen de la Pica Morales
http://www_wikidata_org/entity/Q2940250,Carrie White
http://www_wikidata_org/entity/Q2943535,Ce'Nedra
http://www_wikidata_org/entity/Q29467135,Lofty Chiltern
http://www_wikidata_org/entity/Q29565855,Pyotr Alexandrovitch Valkovsky
http://www_wikidata_org/entity/Q29565932,Nikolai Sergueych Ikhmenev
http://www_wikidata_org/entity/Q2960713,Charles de Vandenesse
http://www_wikidata_org/entity/Q29627655,Aryll
http://www_wikidata_org/entity/Q2963017,Red Knight
http://www_wikidata_org/entity/Q2970639,John Seward
http://www_wikidata_org/entity/Q29717367,Devasena (character)
http://www_wikidata_org/entity/Q29719,Atom
http://www_wikidata_org/entity/Q2982370,Colby Granger
http://www_wikidata_org/entity/Q2982535,Colgrin
http://www_wikidata_org/entity/Q29842885,Kraglin
http://www_wikidata_org/entity/Q2984579,Columbo
http://www_wikidata_org/entity/Q29886022,Bullfrog
http://www_wikidata_org/entity/Q2989781,Rilian
http://www_wikidata_org/entity/Q2994746,Q2994746
http://www_wikidata_org/entity/Q2996360,Heinz Doofenshmirtz
http://www_wikidata_org/entity/Q2996689,Nodens
http://www_wikidata_org/entity/Q3000378,Roland Daggett
http://www_wikidata_org/entity/Q3002791,Q3002791
http://www_wikidata_org/entity/Q30060563,butterfly
http://www_wikidata_org/entity/Q30060738,Captain Cully
http://www_wikidata_org/entity/Q30060958,The tree
http://www_wikidata_org/entity/Q3006784,Cui Liang
http://www_wikidata_org/entity/Q30088106,Ernő Nemecsek
http://www_wikidata_org/entity/Q3010068,Célestin Crevel
http://www_wikidata_org/entity/Q3010126,Célimène
http://www_wikidata_org/entity/Q30106696,Ulrich
http://www_wikidata_org/entity/Q3011898,Dagon
http://www_wikidata_org/entity/Q3012673,Q3012673
http://www_wikidata_org/entity/Q30160466,Slightly
http://www_wikidata_org/entity/Q3016241,Darth Malgus
http://www_wikidata_org/entity/Q3016304,Darkchylde
http://www_wikidata_org/entity/Q3020780,Deathurge
http://www_wikidata_org/entity/Q30249394,Lord Buckethead
http://www_wikidata_org/entity/Q3026260,Diane de Maufrigneuse
http://www_wikidata_org/entity/Q3027917,Henderson
http://www_wikidata_org/entity/Q302,Jesus
http://www_wikidata_org/entity/Q30301536,Countess Palatine Ingrid Von Marburg
http://www_wikidata_org/entity/Q303016,Anthony Gethryn
http://www_wikidata_org/entity/Q30315690,Ivo Andonov
http://www_wikidata_org/entity/Q3033533,Sam Beckett
http://www_wikidata_org/entity/Q3036003,Father Callahan
http://www_wikidata_org/entity/Q3036041,Donald Duckling
http://www_wikidata_org/entity/Q3036762,Donna Duck
http://www_wikidata_org/entity/Q3036775,Donna Moss
http://www_wikidata_org/entity/Q3038710,Eve
http://www_wikidata_org/entity/Q3039420,Drey'auc
http://www_wikidata_org/entity/Q3040114,Golfimbul
http://www_wikidata_org/entity/Q3040663,Duke Aymon
http://www_wikidata_org/entity/Q3043221,Hela
http://www_wikidata_org/entity/Q3044075,Storm Shadow
http://www_wikidata_org/entity/Q3046182,Gwindor
http://www_wikidata_org/entity/Q3046843,Ebling Mis
http://www_wikidata_org/entity/Q3047101,Sulo Kolkka
http://www_wikidata_org/entity/Q304741,Leto II Atreides
http://www_wikidata_org/entity/Q3048189,Zero
http://www_wikidata_org/entity/Q3048755,Hermod
http://www_wikidata_org/entity/Q3051708,Stella Bonasera
http://www_wikidata_org/entity/Q3052399,Emily Waltham
http://www_wikidata_org/entity/Q3056199,Peg Powler
http://www_wikidata_org/entity/Q3057465,Ryo Sakazaki
http://www_wikidata_org/entity/Q3059356,Eto Demerzel
http://www_wikidata_org/entity/Q3060265,Eugénie Grandet
http://www_wikidata_org/entity/Q30612507,Jessica
http://www_wikidata_org/entity/Q3065555,Umehoshi Family
http://www_wikidata_org/entity/Q3074355,Flotsam and Jetsam
http://www_wikidata_org/entity/Q30792973,P_ K_ Basu
http://www_wikidata_org/entity/Q3080275,Lyo and Merly
http://www_wikidata_org/entity/Q3080574,Helga Hufflepuff
http://www_wikidata_org/entity/Q3082863,Glimfeather
http://www_wikidata_org/entity/Q3082945,Franklin Mosely
http://www_wikidata_org/entity/Q3083049,Q3083049
http://www_wikidata_org/entity/Q3087835,Frigga
http://www_wikidata_org/entity/Q308813,Théoden
http://www_wikidata_org/entity/Q3088634,Frontin
http://www_wikidata_org/entity/Q3088727,William Birkin
http://www_wikidata_org/entity/Q30892889,Q30892889
http://www_wikidata_org/entity/Q30892912,Falstad Wildhammer
http://www_wikidata_org/entity/Q3089388,Q3089388
http://www_wikidata_org/entity/Q30895227,Samirah al-Abbas
http://www_wikidata_org/entity/Q3089658,Peter Quince
http://www_wikidata_org/entity/Q3089901,Shabdiz
http://www_wikidata_org/entity/Q3090319,Frédéric de Nucingen
http://www_wikidata_org/entity/Q3091305,Tom De Decker
http://www_wikidata_org/entity/Q30919260,Daniel West
http://www_wikidata_org/entity/Q30921021,Furuya Rei
http://www_wikidata_org/entity/Q3092452,Félix Grandet
http://www_wikidata_org/entity/Q30925717,Erellont
http://www_wikidata_org/entity/Q3092655,Félix de Vandenesse
http://www_wikidata_org/entity/Q30927895,Kanmurin
http://www_wikidata_org/entity/Q30929574,Kureshi
http://www_wikidata_org/entity/Q3093257,GN-003 Gundam Kyrios
http://www_wikidata_org/entity/Q30933515,Ding Guan
http://www_wikidata_org/entity/Q30935494,Kitokito-kun
http://www_wikidata_org/entity/Q3100233,Bear Geki
http://www_wikidata_org/entity/Q3101257,Mickey Lammers
http://www_wikidata_org/entity/Q3103978,Pauline
http://www_wikidata_org/entity/Q3104195,Germaine Lechat
http://www_wikidata_org/entity/Q3106026,Q3106026
http://www_wikidata_org/entity/Q3107323,Gouken
http://www_wikidata_org/entity/Q31087659,Edward the Blue Engine
http://www_wikidata_org/entity/Q3112795,Gouzous
http://www_wikidata_org/entity/Q3112908,Sgt_ Rock
http://www_wikidata_org/entity/Q31172735,Wrackspurt
http://www_wikidata_org/entity/Q3120037,Q3120037
http://www_wikidata_org/entity/Q3120441,Guillaume de Saint-Béryl
http://www_wikidata_org/entity/Q3120760,Denny Duquette
http://www_wikidata_org/entity/Q3120895,Günther Bock
http://www_wikidata_org/entity/Q3123071,Général de Montriveau
http://www_wikidata_org/entity/Q3124480,Q3124480
http://www_wikidata_org/entity/Q3125756,Hailey Nichol
http://www_wikidata_org/entity/Q3126872,Hannon
http://www_wikidata_org/entity/Q3127322,Harcourt Mudd
http://www_wikidata_org/entity/Q3127430,Snowbird
http://www_wikidata_org/entity/Q3127572,Harold Allnut
http://www_wikidata_org/entity/Q3127673,Haroun El Poussah
http://www_wikidata_org/entity/Q3127677,Harpagon
http://www_wikidata_org/entity/Q31284782,Q31284782
http://www_wikidata_org/entity/Q3129663,Helena Peabody
http://www_wikidata_org/entity/Q3130217,Luke Castellan
http://www_wikidata_org/entity/Q3132298,Henri de Lagardère
http://www_wikidata_org/entity/Q3132419,Globox
http://www_wikidata_org/entity/Q31350829,Indominus Rex
http://www_wikidata_org/entity/Q3136348,Hiroshi Jitō
http://www_wikidata_org/entity/Q3139303,Holden McNeil
http://www_wikidata_org/entity/Q3139744,Man-Ape
http://www_wikidata_org/entity/Q3139903,Homura
http://www_wikidata_org/entity/Q3140503,Horatio
http://www_wikidata_org/entity/Q3141520,Howard Alan Treesong
http://www_wikidata_org/entity/Q3145053,Heironeous
http://www_wikidata_org/entity/Q3151329,Dian Alberts
http://www_wikidata_org/entity/Q3151599,Inspecteur Bayard
http://www_wikidata_org/entity/Q3154497,Q3154497
http://www_wikidata_org/entity/Q3157119,Jack B_ Quick
http://www_wikidata_org/entity/Q315796,Santa Claus
http://www_wikidata_org/entity/Q3161579,Jamis
http://www_wikidata_org/entity/Q3162083,Janot
http://www_wikidata_org/entity/Q3162938,Jason Grace
http://www_wikidata_org/entity/Q3169222,Samuel Loomis
http://www_wikidata_org/entity/Q31727333,Shabor Dasgupta
http://www_wikidata_org/entity/Q3174269,Mega Man
http://www_wikidata_org/entity/Q3174442,Jean Roule
http://www_wikidata_org/entity/Q3174865,Bill Weasley
http://www_wikidata_org/entity/Q3177003,Jenna Marshall
http://www_wikidata_org/entity/Q3179209,Thuringwethil
http://www_wikidata_org/entity/Q31827084,Q31827084
http://www_wikidata_org/entity/Q3182857,Johnny Basil
http://www_wikidata_org/entity/Q3183266,Jonas Harrow
http://www_wikidata_org/entity/Q3183275,Q3183275
http://www_wikidata_org/entity/Q3188509,Julius Caesar
http://www_wikidata_org/entity/Q3188531,Jules Dervelle
http://www_wikidata_org/entity/Q3188536,Jules Desmarets
http://www_wikidata_org/entity/Q3189727,Juliet O'Hara
http://www_wikidata_org/entity/Q3189910,Jumart
http://www_wikidata_org/entity/Q3194467,Kazooie
http://www_wikidata_org/entity/Q3195240,Kenny Wangler
http://www_wikidata_org/entity/Q3196529,Kiki
http://www_wikidata_org/entity/Q3196628,Killer Bee
http://www_wikidata_org/entity/Q3196854,Kimber Henry
http://www_wikidata_org/entity/Q3196996,King Bradley
http://www_wikidata_org/entity/Q3197280,Kippei Tachibana
http://www_wikidata_org/entity/Q3197297,Kira Meru
http://www_wikidata_org/entity/Q3197680,Watziznehm
http://www_wikidata_org/entity/Q3198200,Steve Austin
http://www_wikidata_org/entity/Q3198423,Kol Skywalker
http://www_wikidata_org/entity/Q319918,Daffy Duck
http://www_wikidata_org/entity/Q3203048,Red Ranger
http://www_wikidata_org/entity/Q3206515,King K_ Rool
http://www_wikidata_org/entity/Q3206996,The Calculator
http://www_wikidata_org/entity/Q3214710,Pintail Duck
http://www_wikidata_org/entity/Q3215995,Lady Dudley
http://www_wikidata_org/entity/Q3218534,Latraviata
http://www_wikidata_org/entity/Q3218657,Laura Avery Sumner
http://www_wikidata_org/entity/Q3221658,Cormac McLaggen
http://www_wikidata_org/entity/Q3221667,Parvati Patil
http://www_wikidata_org/entity/Q3221958,Seamus Finnigan
http://www_wikidata_org/entity/Q3222624,Katie Bell
http://www_wikidata_org/entity/Q3224418,Vincent Crabbe
http://www_wikidata_org/entity/Q3224630,Meddling Monk
http://www_wikidata_org/entity/Q3225592,Le Piaf
http://www_wikidata_org/entity/Q3226215,Dean Thomas
http://www_wikidata_org/entity/Q3229514,Lens Larque
http://www_wikidata_org/entity/Q3229575,Hermia
http://www_wikidata_org/entity/Q3229606,Leo Valdez
http://www_wikidata_org/entity/Q3229651,Leon Vance
http://www_wikidata_org/entity/Q3229750,Leone Abbacchio
http://www_wikidata_org/entity/Q3231528,Barty Crouch Jr_
http://www_wikidata_org/entity/Q3234008,Fawkes
http://www_wikidata_org/entity/Q3234063,Frerin
http://www_wikidata_org/entity/Q3234134,Argon
http://www_wikidata_org/entity/Q3234744,Tar-Ancalimë
http://www_wikidata_org/entity/Q3234792,Tar-Míriel
http://www_wikidata_org/entity/Q3235807,Gram
http://www_wikidata_org/entity/Q3235811,Goldwine
http://www_wikidata_org/entity/Q3235815,Déor
http://www_wikidata_org/entity/Q3238254,Tar-Vanimeldë
http://www_wikidata_org/entity/Q3238692,Khamûl
http://www_wikidata_org/entity/Q3239993,Turgon of Gondor
http://www_wikidata_org/entity/Q3241392,Fíli
http://www_wikidata_org/entity/Q3241496,Azaghâl
http://www_wikidata_org/entity/Q3243369,Violet Parr
http://www_wikidata_org/entity/Q3244512,Harry Potter
http://www_wikidata_org/entity/Q3245060,Mîm
http://www_wikidata_org/entity/Q3246970,Léon Prunelle
http://www_wikidata_org/entity/Q3255012,Molly Weasley
http://www_wikidata_org/entity/Q3256600,Albus Severus Potter
http://www_wikidata_org/entity/Q3257000,Lavender Brown
http://www_wikidata_org/entity/Q3257751,Lockon Stratos
http://www_wikidata_org/entity/Q3259423,Lorelei
http://www_wikidata_org/entity/Q3264645,Lubin
http://www_wikidata_org/entity/Q3264984,Gosalyn Mallard
http://www_wikidata_org/entity/Q3265056,Q3265056
http://www_wikidata_org/entity/Q3265997,Sketch
http://www_wikidata_org/entity/Q3266102,Boldog
http://www_wikidata_org/entity/Q3266753,NZ-333 α Azieru
http://www_wikidata_org/entity/Q3267181,Voronwë
http://www_wikidata_org/entity/Q3268299,Lyam conDoin
http://www_wikidata_org/entity/Q3270044,Léandre
http://www_wikidata_org/entity/Q3270426,Kreacher
http://www_wikidata_org/entity/Q3270639,Pius Thicknesse
http://www_wikidata_org/entity/Q3271215,Inspector Gregson
http://www_wikidata_org/entity/Q3272719,Desdemona
http://www_wikidata_org/entity/Q3272904,Birdie
http://www_wikidata_org/entity/Q3275361,Madame de Sérisy
http://www_wikidata_org/entity/Q3275576,Q3275576
http://www_wikidata_org/entity/Q3276248,Sam
http://www_wikidata_org/entity/Q3276260,XXXG-00W0 Wing Gundam Zero
http://www_wikidata_org/entity/Q3276979,Magique
http://www_wikidata_org/entity/Q3277351,Magohamoth
http://www_wikidata_org/entity/Q3278363,Fenrir Greyback
http://www_wikidata_org/entity/Q3278529,Maisie Dobbs
http://www_wikidata_org/entity/Q3278614,Andromeda Tonks
http://www_wikidata_org/entity/Q3278733,Poppy Pomfrey
http://www_wikidata_org/entity/Q3279605,Fréawine
http://www_wikidata_org/entity/Q3281728,Malcolm Tucker
http://www_wikidata_org/entity/Q3282003,Malice
http://www_wikidata_org/entity/Q3282067,Q3282067
http://www_wikidata_org/entity/Q3284690,Malygos
http://www_wikidata_org/entity/Q3284911,Percy Weasley
http://www_wikidata_org/entity/Q3284938,Black Mamba
http://www_wikidata_org/entity/Q3285045,Mamoru Izawa
http://www_wikidata_org/entity/Q3286529,Madam Rosmerta
http://www_wikidata_org/entity/Q3287326,Q3287326
http://www_wikidata_org/entity/Q3288192,Q3288192
http://www_wikidata_org/entity/Q3289920,Darryl Morris
http://www_wikidata_org/entity/Q3291040,Maria Saverhagen
http://www_wikidata_org/entity/Q3291810,Mundungus Fletcher
http://www_wikidata_org/entity/Q3293072,Jolyon Wagg
http://www_wikidata_org/entity/Q3293190,Marin Eagle
http://www_wikidata_org/entity/Q3294090,Invincible
http://www_wikidata_org/entity/Q3296202,Q3296202
http://www_wikidata_org/entity/Q3296369,Maryweather Hargreaves
http://www_wikidata_org/entity/Q3296719,Firenze
http://www_wikidata_org/entity/Q3297224,Mascarille
http://www_wikidata_org/entity/Q3297949,Tauriel
http://www_wikidata_org/entity/Q3298204,Q3298204
http://www_wikidata_org/entity/Q3298963,Bianca di Angelo
http://www_wikidata_org/entity/Q3300728,Jack Wade
http://www_wikidata_org/entity/Q3301173,Benjamin Willis
http://www_wikidata_org/entity/Q3301231,Carnacki
http://www_wikidata_org/entity/Q3301884,Thalia Grace
http://www_wikidata_org/entity/Q3302112,Max Evans
http://www_wikidata_org/entity/Q3303240,Maître Cruchot
http://www_wikidata_org/entity/Q3303618,Chocolove McDonell
http://www_wikidata_org/entity/Q3304898,Melanie Hamilton
http://www_wikidata_org/entity/Q33057912,Karass
http://www_wikidata_org/entity/Q3306068,Oliver Wood
http://www_wikidata_org/entity/Q3306379,Owzat
http://www_wikidata_org/entity/Q3306444,Merry Gentry
http://www_wikidata_org/entity/Q3307136,Angelina Johnson
http://www_wikidata_org/entity/Q3308890,Michel Ardan
http://www_wikidata_org/entity/Q33104253,Alex Drake
http://www_wikidata_org/entity/Q3310938,Michel Tanguy
http://www_wikidata_org/entity/Q3311857,Winky
http://www_wikidata_org/entity/Q3312219,Jack
http://www_wikidata_org/entity/Q3312925,Miguel Alvarez
http://www_wikidata_org/entity/Q3313159,Teru Mikami
http://www_wikidata_org/entity/Q331393,Superwoman
http://www_wikidata_org/entity/Q3314580,Colonel Sponsz
http://www_wikidata_org/entity/Q3316552,Ms_ Marvel
http://www_wikidata_org/entity/Q3317969,Glóin
http://www_wikidata_org/entity/Q3319866,My Priest
http://www_wikidata_org/entity/Q3320009,Miraz
http://www_wikidata_org/entity/Q3320063,Apalpador
http://www_wikidata_org/entity/Q3321121,Bra
http://www_wikidata_org/entity/Q3321476,Monsieur Tranquille
http://www_wikidata_org/entity/Q3322787,Elfhild
http://www_wikidata_org/entity/Q3325153,Android 19
http://www_wikidata_org/entity/Q3325243,Grimbold
http://www_wikidata_org/entity/Q3327194,Mr_ Sowerberry
http://www_wikidata_org/entity/Q332885,Faust
http://www_wikidata_org/entity/Q3331625,Myrrhine
http://www_wikidata_org/entity/Q3332071,Q3332071
http://www_wikidata_org/entity/Q33328077,Kiki the Cyber Squirrel
http://www_wikidata_org/entity/Q3335636,Nanèsse
http://www_wikidata_org/entity/Q3337733,Nefarian
http://www_wikidata_org/entity/Q3337857,Alonso
http://www_wikidata_org/entity/Q3338502,Netan
http://www_wikidata_org/entity/Q3340693,Nicolas Popin
http://www_wikidata_org/entity/Q3340761,Nikolai Rostov
http://www_wikidata_org/entity/Q3341927,Nimloth
http://www_wikidata_org/entity/Q3342031,Q3342031
http://www_wikidata_org/entity/Q3342685,Nog
http://www_wikidata_org/entity/Q3348577,Q3348577
http://www_wikidata_org/entity/Q3349480,Godric Gryffindor
http://www_wikidata_org/entity/Q3350144,Padma Patil
http://www_wikidata_org/entity/Q3352865,Onyxia
http://www_wikidata_org/entity/Q3355246,Izumi Kanai
http://www_wikidata_org/entity/Q3355922,Emeldir
http://www_wikidata_org/entity/Q3356368,Óin
http://www_wikidata_org/entity/Q3356430,Q3356430
http://www_wikidata_org/entity/Q3356553,Aerin
http://www_wikidata_org/entity/Q3356710,Fréa
http://www_wikidata_org/entity/Q3357409,Bombur
http://www_wikidata_org/entity/Q3361767,Pamela Barnes
http://www_wikidata_org/entity/Q3366587,Azog
http://www_wikidata_org/entity/Q3368555,Pat Magnum
http://www_wikidata_org/entity/Q3371486,Paul Hédiard
http://www_wikidata_org/entity/Q3372718,Pauline Gaudin de Witschnau
http://www_wikidata_org/entity/Q3374211,Peg Leg Joe
http://www_wikidata_org/entity/Q3374722,Pengolodh
http://www_wikidata_org/entity/Q3376898,Peter Stillman
http://www_wikidata_org/entity/Q338182,Sandman
http://www_wikidata_org/entity/Q338430,Wonder Woman
http://www_wikidata_org/entity/Q3388040,Cepparello da Prato
http://www_wikidata_org/entity/Q3388592,Pinako Rockbell
http://www_wikidata_org/entity/Q3389024,Piper McLean
http://www_wikidata_org/entity/Q3401100,Tiffany Aching
http://www_wikidata_org/entity/Q3403490,Princesse de Blamont-Chauvry
http://www_wikidata_org/entity/Q3403514,Principal Figgins
http://www_wikidata_org/entity/Q3407468,Hitar Petar
http://www_wikidata_org/entity/Q3410711,Ceorl
http://www_wikidata_org/entity/Q3416772,Rita Skeeter
http://www_wikidata_org/entity/Q3418024,Q3418024
http://www_wikidata_org/entity/Q3422924,Moaning Myrtle
http://www_wikidata_org/entity/Q3423546,Aerandir
http://www_wikidata_org/entity/Q3423799,Náin I
http://www_wikidata_org/entity/Q3423808,Durin VI
http://www_wikidata_org/entity/Q3423924,Náin II
http://www_wikidata_org/entity/Q3423926,Telchar
http://www_wikidata_org/entity/Q3424055,Bofur
http://www_wikidata_org/entity/Q3429138,Dirty Duck
http://www_wikidata_org/entity/Q3430468,Richard Ames
http://www_wikidata_org/entity/Q3430858,Charlie Weasley
http://www_wikidata_org/entity/Q3431590,Rick O'Connell
http://www_wikidata_org/entity/Q3432058,Pansy Parkinson
http://www_wikidata_org/entity/Q3432139,Rina
http://www_wikidata_org/entity/Q3432612,Kingsley Shacklebolt
http://www_wikidata_org/entity/Q3432987,"Koushirou ""Izzy"" Izumi"
http://www_wikidata_org/entity/Q3433994,Pundi rice
http://www_wikidata_org/entity/Q34358,The Doctor
http://www_wikidata_org/entity/Q3440554,Rom
http://www_wikidata_org/entity/Q3442788,Ross Tanner
http://www_wikidata_org/entity/Q3454034,Ryuuga
http://www_wikidata_org/entity/Q3461122,Q3461122
http://www_wikidata_org/entity/Q3461343,Sagamore Noonan
http://www_wikidata_org/entity/Q3470799,Q3470799
http://www_wikidata_org/entity/Q3473445,Sarah MacKenzie
http://www_wikidata_org/entity/Q3475189,Scarmiglione
http://www_wikidata_org/entity/Q3475523,Q3475523
http://www_wikidata_org/entity/Q3476761,Sean Murphy
http://www_wikidata_org/entity/Q3481106,Q3481106
http://www_wikidata_org/entity/Q3481335,Shan'auc
http://www_wikidata_org/entity/Q3483137,Sidewinder
http://www_wikidata_org/entity/Q3489075,Sol
http://www_wikidata_org/entity/Q3490425,Q3490425
http://www_wikidata_org/entity/Q3490915,Sophie Devereaux
http://www_wikidata_org/entity/Q3494301,Spy Smasher
http://www_wikidata_org/entity/Q3496842,Stanley Kowalski
http://www_wikidata_org/entity/Q3496918,Star-Lord
http://www_wikidata_org/entity/Q3498060,Stegron
http://www_wikidata_org/entity/Q3498133,Stella Hazelberg
http://www_wikidata_org/entity/Q3498140,Stella Kowalski
http://www_wikidata_org/entity/Q3498877,Steve Carella
http://www_wikidata_org/entity/Q3499153,Steve Warson
http://www_wikidata_org/entity/Q3499539,Q3499539
http://www_wikidata_org/entity/Q3499868,Semir Gerkhan
http://www_wikidata_org/entity/Q3506060,Suzanne Walter
http://www_wikidata_org/entity/Q3510295,Q3510295
http://www_wikidata_org/entity/Q3512006,Alice Longbottom
http://www_wikidata_org/entity/Q3515808,Tars Tarkas
http://www_wikidata_org/entity/Q3518879,Terrorsaur
http://www_wikidata_org/entity/Q3525681,Thomas Wächter
http://www_wikidata_org/entity/Q3527337,Q3527337
http://www_wikidata_org/entity/Q3528157,Crocodile
http://www_wikidata_org/entity/Q3530139,Tobias Hankel
http://www_wikidata_org/entity/Q3530173,Toby Esterhase
http://www_wikidata_org/entity/Q3530185,Toby Tortoise
http://www_wikidata_org/entity/Q3531374,Yun
http://www_wikidata_org/entity/Q3531813,Tony Manero
http://www_wikidata_org/entity/Q3539301,Q3539301
http://www_wikidata_org/entity/Q3539725,Triumvirate of Rubanis
http://www_wikidata_org/entity/Q3541215,Isane Kotetsu
http://www_wikidata_org/entity/Q3541842,Tucker McCall
http://www_wikidata_org/entity/Q3541978,Tortuous Convolvulus
http://www_wikidata_org/entity/Q3542241,Turak
http://www_wikidata_org/entity/Q3543851,Dorma
http://www_wikidata_org/entity/Q3545005,Harlequin
http://www_wikidata_org/entity/Q3545027,Hercules
http://www_wikidata_org/entity/Q3545295,Fandral
http://www_wikidata_org/entity/Q3545344,Holiday
http://www_wikidata_org/entity/Q3545617,Firebrand
http://www_wikidata_org/entity/Q3546371,Yukari Tanizaki
http://www_wikidata_org/entity/Q3547662,Ubu
http://www_wikidata_org/entity/Q3547695,Mirage
http://www_wikidata_org/entity/Q3548010,Minister Blizzard
http://www_wikidata_org/entity/Q3549354,Destroyer
http://www_wikidata_org/entity/Q3549602,Tigress
http://www_wikidata_org/entity/Q3551916,Uno Nomesta
http://www_wikidata_org/entity/Q3553593,Q3553593
http://www_wikidata_org/entity/Q3554205,Valerian
http://www_wikidata_org/entity/Q3554709,Q3554709
http://www_wikidata_org/entity/Q3554802,Varimathras
http://www_wikidata_org/entity/Q3556853,Q3556853
http://www_wikidata_org/entity/Q3556982,Vicomte de Valmont
http://www_wikidata_org/entity/Q3559533,Vincent Chase
http://www_wikidata_org/entity/Q3561758,Wallace
http://www_wikidata_org/entity/Q3563913,Visser Three
http://www_wikidata_org/entity/Q3565068,Sam Hawkens
http://www_wikidata_org/entity/Q3565491,Q3565491
http://www_wikidata_org/entity/Q3566309,René Artois
http://www_wikidata_org/entity/Q3566632,Gregor Samsa
http://www_wikidata_org/entity/Q3569383,Winston
http://www_wikidata_org/entity/Q3573069,Yu Fa An
http://www_wikidata_org/entity/Q36029,caganer
http://www_wikidata_org/entity/Q3603385,Professor Abdullah Nightingale
http://www_wikidata_org/entity/Q3604059,Child Catcher
http://www_wikidata_org/entity/Q3607023,Ahren Elessedil
http://www_wikidata_org/entity/Q3607818,Alatiel
http://www_wikidata_org/entity/Q3609058,Aldarion
http://www_wikidata_org/entity/Q3610657,Alex Delaware
http://www_wikidata_org/entity/Q3612348,Allanon
http://www_wikidata_org/entity/Q3613767,Amberle Elessedil
http://www_wikidata_org/entity/Q3615329,Ander Elessedil
http://www_wikidata_org/entity/Q3620951,Dwalin
http://www_wikidata_org/entity/Q3621382,Arca Jeth
http://www_wikidata_org/entity/Q3621455,Fréaláf
http://www_wikidata_org/entity/Q3622567,Supergirl
http://www_wikidata_org/entity/Q3623207,Arcturus Mengsk
http://www_wikidata_org/entity/Q3623211,Magrat Garlick
http://www_wikidata_org/entity/Q3626577,Charity Burbage
http://www_wikidata_org/entity/Q3627869,Atanatar II
http://www_wikidata_org/entity/Q3630765,The Authority
http://www_wikidata_org/entity/Q3631012,Avelyn Desbris
http://www_wikidata_org/entity/Q3634502,Barahir of Gondor
http://www_wikidata_org/entity/Q3636199,Batman
http://www_wikidata_org/entity/Q3637166,Bean the Dynamite
http://www_wikidata_org/entity/Q3637878,Beltrame
http://www_wikidata_org/entity/Q3638491,Beren of Gondor
http://www_wikidata_org/entity/Q3639005,D_A_V_E_
http://www_wikidata_org/entity/Q3639999,Bill Sikes
http://www_wikidata_org/entity/Q3640014,Bill the Lizard
http://www_wikidata_org/entity/Q3640057,Billy Miles
http://www_wikidata_org/entity/Q3642707,Boromir of Gondor
http://www_wikidata_org/entity/Q3642708,Borondir
http://www_wikidata_org/entity/Q3643663,Bandobras Took
http://www_wikidata_org/entity/Q3644178,Breetai
http://www_wikidata_org/entity/Q3644527,Brianna
http://www_wikidata_org/entity/Q3644796,Brin Ohmsford
http://www_wikidata_org/entity/Q3646608,Buffetto
http://www_wikidata_org/entity/Q3646886,Bullwinkle J_ Moose
http://www_wikidata_org/entity/Q3646910,Bum Bum Ghigno
http://www_wikidata_org/entity/Q3647418,Burnout
http://www_wikidata_org/entity/Q3649955,Caitlin Fairchild
http://www_wikidata_org/entity/Q3650084,Calcabrina
http://www_wikidata_org/entity/Q3655995,Truffaldino
http://www_wikidata_org/entity/Q3656721,Aurora Sinistra
http://www_wikidata_org/entity/Q3656945,Captain Spaventa
http://www_wikidata_org/entity/Q3658016,Captain Blue SquarePants
http://www_wikidata_org/entity/Q3658129,Septima Vector
http://www_wikidata_org/entity/Q3658325,Carbucketty
http://www_wikidata_org/entity/Q3658853,Verin Mathwin
http://www_wikidata_org/entity/Q3658912,Ivan Bezdomniy
http://www_wikidata_org/entity/Q3676180,Chōjirō Sasakibe
http://www_wikidata_org/entity/Q3676365,Cicciobello
http://www_wikidata_org/entity/Q3678204,Ciryandil
http://www_wikidata_org/entity/Q3678980,Margaret SquarePants
http://www_wikidata_org/entity/Q3680493,Cleo
http://www_wikidata_org/entity/Q3680949,Bushroot
http://www_wikidata_org/entity/Q3682552,Cole MacGrath
http://www_wikidata_org/entity/Q3687082,Ratonhnaké꞉ton
http://www_wikidata_org/entity/Q3687815,Count Paris
http://www_wikidata_org/entity/Q3700779,Daegon
http://www_wikidata_org/entity/Q3701030,Dalebert Markwart
http://www_wikidata_org/entity/Q3702746,Dark trooper
http://www_wikidata_org/entity/Q3703821,Dayel Elessedil
http://www_wikidata_org/entity/Q3704274,Deanna Dunn
http://www_wikidata_org/entity/Q3704842,Dejiko
http://www_wikidata_org/entity/Q3705853,Derfel Cadarn
http://www_wikidata_org/entity/Q3712411,Dobraine Taborwin
http://www_wikidata_org/entity/Q3712520,Doesine Alwain
http://www_wikidata_org/entity/Q3713898,Donna Troy
http://www_wikidata_org/entity/Q3714982,Falkor
http://www_wikidata_org/entity/Q3715412,Krath war droid
http://www_wikidata_org/entity/Q371774,Nero Wolfe
http://www_wikidata_org/entity/Q3718779,Ecthelion I
http://www_wikidata_org/entity/Q3718895,Edain Elessedil
http://www_wikidata_org/entity/Q3719954,Edward Ferrars
http://www_wikidata_org/entity/Q3722888,Eli Marrion
http://www_wikidata_org/entity/Q3723586,Elmo
http://www_wikidata_org/entity/Q3726255,Q3726255
http://www_wikidata_org/entity/Q3732051,Q3732051
http://www_wikidata_org/entity/Q3734251,Eugene Tooms
http://www_wikidata_org/entity/Q3735046,Nearly Headless Nick
http://www_wikidata_org/entity/Q3735406,Eventine Elessedil
http://www_wikidata_org/entity/Q3735941,Exsedol Folmo
http://www_wikidata_org/entity/Q3736451,Eärendur
http://www_wikidata_org/entity/Q3739424,Fantomallard
http://www_wikidata_org/entity/Q3739454,Faquarl
http://www_wikidata_org/entity/Q3739996,Fastback
http://www_wikidata_org/entity/Q3740882,Ted Tonks
http://www_wikidata_org/entity/Q3740888,Ted Lupin
http://www_wikidata_org/entity/Q3741059,Hugo Granger-Weasley
http://www_wikidata_org/entity/Q3741980,Q3741980
http://www_wikidata_org/entity/Q3742222,Q3742222
http://www_wikidata_org/entity/Q3742499,Ferane Neheran
http://www_wikidata_org/entity/Q3743029,Rodolphus Lestrange
http://www_wikidata_org/entity/Q3744404,Rose Granger-Weasley
http://www_wikidata_org/entity/Q3745681,Lily Luna Potter
http://www_wikidata_org/entity/Q3750313,Tar-Telperiën
http://www_wikidata_org/entity/Q3752259,Erendis
http://www_wikidata_org/entity/Q3752723,Frederica Potter
http://www_wikidata_org/entity/Q3752935,Freefall
http://www_wikidata_org/entity/Q3754051,Elrohir
http://www_wikidata_org/entity/Q3755565,Gilramos Libkath
http://www_wikidata_org/entity/Q3755567,G0-T0
http://www_wikidata_org/entity/Q3757411,Galador
http://www_wikidata_org/entity/Q3757426,Galaphile
http://www_wikidata_org/entity/Q3758143,Gantoris
http://www_wikidata_org/entity/Q3758309,Garet Jax
http://www_wikidata_org/entity/Q3758573,Garzhvog
http://www_wikidata_org/entity/Q3761758,Ghim
http://www_wikidata_org/entity/Q3761852,Ghân-buri-Ghân
http://www_wikidata_org/entity/Q3769132,Judge Turpin
http://www_wikidata_org/entity/Q3769818,Ox-King
http://www_wikidata_org/entity/Q3772233,Q3772233
http://www_wikidata_org/entity/Q3772417,Gloria
http://www_wikidata_org/entity/Q3772823,Wang Xifeng
http://www_wikidata_org/entity/Q3772935,Golden Eagle
http://www_wikidata_org/entity/Q3773227,Taven
http://www_wikidata_org/entity/Q3773470,Gorc
http://www_wikidata_org/entity/Q3773542,Gorhendad Brandybuck
http://www_wikidata_org/entity/Q377529,Perry Mason
http://www_wikidata_org/entity/Q3776290,Greed
http://www_wikidata_org/entity/Q3776797,Grimbeorn
http://www_wikidata_org/entity/Q3776893,Grom the Paunch
http://www_wikidata_org/entity/Q3777261,Grunge
http://www_wikidata_org/entity/Q3778878,Guglielmo Borsiere
http://www_wikidata_org/entity/Q3782356,Hachigen Ushouda
http://www_wikidata_org/entity/Q3783425,Harold Button
http://www_wikidata_org/entity/Q3783451,Harold SquarePants
http://www_wikidata_org/entity/Q3784080,Hector
http://www_wikidata_org/entity/Q3784794,Hendel
http://www_wikidata_org/entity/Q3785158,Hercules
http://www_wikidata_org/entity/Q3787661,Hunter Predd
http://www_wikidata_org/entity/Q3787771,Hyarmendacil I
http://www_wikidata_org/entity/Q3788221,Húrin I
http://www_wikidata_org/entity/Q3788224,Húrin II
http://www_wikidata_org/entity/Q3792888,Q3792888
http://www_wikidata_org/entity/Q37944768,Q37944768
http://www_wikidata_org/entity/Q37944779,Q37944779
http://www_wikidata_org/entity/Q37946609,Kokki
http://www_wikidata_org/entity/Q3799063,Q3799063
http://www_wikidata_org/entity/Q3801710,Hippolyta
http://www_wikidata_org/entity/Q3801948,Iridia Eleri
http://www_wikidata_org/entity/Q3802233,Isabel Evans
http://www_wikidata_org/entity/Q3802511,Isilmo
http://www_wikidata_org/entity/Q3806978,Noce di Benevento
http://www_wikidata_org/entity/Q3807065,Janov Pelorat
http://www_wikidata_org/entity/Q3807322,Jaret Byar
http://www_wikidata_org/entity/Q3807981,Jerle Shannara
http://www_wikidata_org/entity/Q3808296,"Jilseponie ""Pony"" Wyndon Ursal"
http://www_wikidata_org/entity/Q3808620,Joclad Danva
http://www_wikidata_org/entity/Q3809092,John Bigman Jones
http://www_wikidata_org/entity/Q3812476,Kai Opaka
http://www_wikidata_org/entity/Q3812585,Kalevipoeg
http://www_wikidata_org/entity/Q3813485,Nuitari
http://www_wikidata_org/entity/Q3814359,Kelden Amadiro
http://www_wikidata_org/entity/Q3814640,Kensei Muguruma
http://www_wikidata_org/entity/Q3814675,Kenth Hamner
http://www_wikidata_org/entity/Q3815024,Khyber Elessedil
http://www_wikidata_org/entity/Q3815592,Kirio Hikifune
http://www_wikidata_org/entity/Q3817383,Frank Poole
http://www_wikidata_org/entity/Q3818431,Sun Zhong
http://www_wikidata_org/entity/Q3822715,Q3822715
http://www_wikidata_org/entity/Q3822977,Wicked Witch of the East
http://www_wikidata_org/entity/Q3823123,Hidy and Howdy
http://www_wikidata_org/entity/Q38246164,John Worthing
http://www_wikidata_org/entity/Q38246462,Algernon Moncrieff
http://www_wikidata_org/entity/Q38246643,Augusta Bracknell
http://www_wikidata_org/entity/Q38257993,Ushikawa
http://www_wikidata_org/entity/Q3829419,Leeta
http://www_wikidata_org/entity/Q3830204,Q3830204
http://www_wikidata_org/entity/Q3831369,Levular Mandamus
http://www_wikidata_org/entity/Q3831491,Li Nalas
http://www_wikidata_org/entity/Q3831546,Liandrin
http://www_wikidata_org/entity/Q3833041,Q3833041
http://www_wikidata_org/entity/Q3833285,The Liquidator
http://www_wikidata_org/entity/Q3833366,Lisa Yadoumaru
http://www_wikidata_org/entity/Q3836779,Osmund Saddler
http://www_wikidata_org/entity/Q3838005,Luca
http://www_wikidata_org/entity/Q3838768,Candlewick
http://www_wikidata_org/entity/Q3839048,Lucy
http://www_wikidata_org/entity/Q3840586,Q3840586
http://www_wikidata_org/entity/Q3840856,Lone Wolf
http://www_wikidata_org/entity/Q3840906,Lust
http://www_wikidata_org/entity/Q3840999,Lyla Lee
http://www_wikidata_org/entity/Q3842013,Macchietta
http://www_wikidata_org/entity/Q3843425,Maharet
http://www_wikidata_org/entity/Q3844025,Malva Brandybuck
http://www_wikidata_org/entity/Q3844047,Malvolio
http://www_wikidata_org/entity/Q384430,Malbeth the Seer
http://www_wikidata_org/entity/Q3844557,Mangiafuoco
http://www_wikidata_org/entity/Q384546,Gurney Halleck
http://www_wikidata_org/entity/Q3845975,Q3845975
http://www_wikidata_org/entity/Q3846609,Q3846609
http://www_wikidata_org/entity/Q3846707,Marcus Reed
http://www_wikidata_org/entity/Q3846756,Marechiyo Ōmaeda
http://www_wikidata_org/entity/Q3846836,Marfisa
http://www_wikidata_org/entity/Q3847943,Mariko Kurama
http://www_wikidata_org/entity/Q384828,Lucilla
http://www_wikidata_org/entity/Q3850785,Mashiro Kuna
http://www_wikidata_org/entity/Q3851671,Masuri Sokawa
http://www_wikidata_org/entity/Q3851720,Matelda
http://www_wikidata_org/entity/Q3853092,Q3853092
http://www_wikidata_org/entity/Q3855390,Q3855390
http://www_wikidata_org/entity/Q3856143,Mickey Shea
http://www_wikidata_org/entity/Q3857877,Mili Skane
http://www_wikidata_org/entity/Q3857942,Q3857942
http://www_wikidata_org/entity/Q385831,Pavel Chekov
http://www_wikidata_org/entity/Q3858454,Q3858454
http://www_wikidata_org/entity/Q3859330,Mister Terrific
http://www_wikidata_org/entity/Q3866197,Gill-man
http://www_wikidata_org/entity/Q3868941,Medusoid Mycelium
http://www_wikidata_org/entity/Q3870075,Nana
http://www_wikidata_org/entity/Q3874236,Negaduck
http://www_wikidata_org/entity/Q3874681,Neon
http://www_wikidata_org/entity/Q3874707,Nephren-Ka
http://www_wikidata_org/entity/Q3875992,Nick Armstrong
http://www_wikidata_org/entity/Q3876819,Nihal
http://www_wikidata_org/entity/Q3877289,Nirrti
http://www_wikidata_org/entity/Q38805060,Bhallaladeva
http://www_wikidata_org/entity/Q3880872,Q3880872
http://www_wikidata_org/entity/Q3880931,Odoardo
http://www_wikidata_org/entity/Q3881324,OK Quack
http://www_wikidata_org/entity/Q388271,Simon Templar
http://www_wikidata_org/entity/Q3882806,Opal Koboi
http://www_wikidata_org/entity/Q3884321,Orana
http://www_wikidata_org/entity/Q3885913,Orl Fane
http://www_wikidata_org/entity/Q3886140,Orodreth of Gondor
http://www_wikidata_org/entity/Q3886966,Ostoher
http://www_wikidata_org/entity/Q3888747,Padishar Creel
http://www_wikidata_org/entity/Q3888787,Father Felice Casati
http://www_wikidata_org/entity/Q389206,Heiji Hattori
http://www_wikidata_org/entity/Q3892911,Pampinea
http://www_wikidata_org/entity/Q3894712,Red Bat
http://www_wikidata_org/entity/Q3894948,Par Ohmsford
http://www_wikidata_org/entity/Q3898287,Q3898287
http://www_wikidata_org/entity/Q3899725,Percy Jackson
http://www_wikidata_org/entity/Q390046,Amandil
http://www_wikidata_org/entity/Q3900999,Petya Rostov
http://www_wikidata_org/entity/Q3901204,Pevara Tazanovni
http://www_wikidata_org/entity/Q3902519,Picaroon C_ Boodle
http://www_wikidata_org/entity/Q39076521,The General
http://www_wikidata_org/entity/Q3911377,Selim Bradley
http://www_wikidata_org/entity/Q391557,Agaton Sax
http://www_wikidata_org/entity/Q3919041,Magtheridon
http://www_wikidata_org/entity/Q3919046,Mal'Ganis
http://www_wikidata_org/entity/Q3919057,Sen'jin
http://www_wikidata_org/entity/Q3919068,Tichondrius
http://www_wikidata_org/entity/Q3922002,Q3922002
http://www_wikidata_org/entity/Q3924215,Q3924215
http://www_wikidata_org/entity/Q3924361,Proty
http://www_wikidata_org/entity/Q3926478,Qfwfq
http://www_wikidata_org/entity/Q3926539,Quacula
http://www_wikidata_org/entity/Q3931444,Q3931444
http://www_wikidata_org/entity/Q3937946,Reginald Cattermole
http://www_wikidata_org/entity/Q3939864,Rodel Ituralde
http://www_wikidata_org/entity/Q3941223,Roron Corobb
http://www_wikidata_org/entity/Q3941811,Rotta the Huttlet
http://www_wikidata_org/entity/Q3942117,Rubberduck
http://www_wikidata_org/entity/Q3942316,Rue Meridian
http://www_wikidata_org/entity/Q3942944,Q3942944
http://www_wikidata_org/entity/Q3943232,Rómendacil I
http://www_wikidata_org/entity/Q3944192,Saba Sebatyne
http://www_wikidata_org/entity/Q3944750,Saerin Asnobar
http://www_wikidata_org/entity/Q3944892,Saguru Hakuba
http://www_wikidata_org/entity/Q3945152,Sajin Komamura
http://www_wikidata_org/entity/Q3950326,Sarah Essen
http://www_wikidata_org/entity/Q3950595,Sarto
http://www_wikidata_org/entity/Q3950809,Mr_ Satterthwaite
http://www_wikidata_org/entity/Q3955157,Sen Dunsidan
http://www_wikidata_org/entity/Q3955323,Senjumaru Shutara
http://www_wikidata_org/entity/Q3958933,Shadea a'Ru
http://www_wikidata_org/entity/Q3959300,Shea Ohmsford
http://www_wikidata_org/entity/Q3959376,Shenar
http://www_wikidata_org/entity/Q3960813,Q3960813
http://www_wikidata_org/entity/Q3962596,Skuld
http://www_wikidata_org/entity/Q3963103,Raoul de Bragelonne
http://www_wikidata_org/entity/Q3963182,Q3963182
http://www_wikidata_org/entity/Q3965102,Sorilea
http://www_wikidata_org/entity/Q3966701,Spider-Man Noir
http://www_wikidata_org/entity/Q3966728,Spike
http://www_wikidata_org/entity/Q3966844,Ghost of Christmas Present
http://www_wikidata_org/entity/Q3968238,Stanley S_ SquarePants
http://www_wikidata_org/entity/Q3972923,Truly Scrumptious
http://www_wikidata_org/entity/Q3973861,Stor Gendibal
http://www_wikidata_org/entity/Q3978798,Swerting
http://www_wikidata_org/entity/Q3980078,Tael Riverine
http://www_wikidata_org/entity/Q3980139,Tagwen
http://www_wikidata_org/entity/Q3980156,Thais
http://www_wikidata_org/entity/Q3980629,Tamith Kai
http://www_wikidata_org/entity/Q3980758,Tancredi Falconeri
http://www_wikidata_org/entity/Q3981063,Tarannon Falastur
http://www_wikidata_org/entity/Q3981520,Tatsuhiro Satō
http://www_wikidata_org/entity/Q3983401,Tenchi Masaki
http://www_wikidata_org/entity/Q3984240,Terek Molt
http://www_wikidata_org/entity/Q3989247,Shield
http://www_wikidata_org/entity/Q3990554,Tholme
http://www_wikidata_org/entity/Q3990825,Thorondir
http://www_wikidata_org/entity/Q3992105,Tobias Ragg
http://www_wikidata_org/entity/Q39955866,Q39955866
http://www_wikidata_org/entity/Q3996926,Toveine Gazal
http://www_wikidata_org/entity/Q3999859,Truls Rohk
http://www_wikidata_org/entity/Q4001317,Túrin I
http://www_wikidata_org/entity/Q4001326,Túrin II
http://www_wikidata_org/entity/Q40022762,Q40022762
http://www_wikidata_org/entity/Q40023383,Q40023383
http://www_wikidata_org/entity/Q40023725,Q40023725
http://www_wikidata_org/entity/Q40023887,Q40023887
http://www_wikidata_org/entity/Q40023904,Q40023904
http://www_wikidata_org/entity/Q40023928,Q40023928
http://www_wikidata_org/entity/Q40023965,Q40023965
http://www_wikidata_org/entity/Q40024012,Q40024012
http://www_wikidata_org/entity/Q40024060,Q40024060
http://www_wikidata_org/entity/Q40024076,Q40024076
http://www_wikidata_org/entity/Q40024101,Q40024101
http://www_wikidata_org/entity/Q40024120,Q40024120
http://www_wikidata_org/entity/Q40024149,Q40024149
http://www_wikidata_org/entity/Q40024172,Q40024172
http://www_wikidata_org/entity/Q40024194,Q40024194
http://www_wikidata_org/entity/Q40024222,Q40024222
http://www_wikidata_org/entity/Q40024245,Q40024245
http://www_wikidata_org/entity/Q40024267,Q40024267
http://www_wikidata_org/entity/Q40024293,Q40024293
http://www_wikidata_org/entity/Q40024314,Q40024314
http://www_wikidata_org/entity/Q40024341,Q40024341
http://www_wikidata_org/entity/Q40024369,Q40024369
http://www_wikidata_org/entity/Q40024405,Q40024405
http://www_wikidata_org/entity/Q40024429,Q40024429
http://www_wikidata_org/entity/Q40024452,Q40024452
http://www_wikidata_org/entity/Q40024479,Q40024479
http://www_wikidata_org/entity/Q40024509,Q40024509
http://www_wikidata_org/entity/Q40024531,Q40024531
http://www_wikidata_org/entity/Q40024561,Q40024561
http://www_wikidata_org/entity/Q40024581,Q40024581
http://www_wikidata_org/entity/Q40024604,Q40024604
http://www_wikidata_org/entity/Q40024629,Q40024629
http://www_wikidata_org/entity/Q40024658,Q40024658
http://www_wikidata_org/entity/Q40024695,Q40024695
http://www_wikidata_org/entity/Q40024723,Q40024723
http://www_wikidata_org/entity/Q40024761,Q40024761
http://www_wikidata_org/entity/Q40024810,Q40024810
http://www_wikidata_org/entity/Q40024829,Q40024829
http://www_wikidata_org/entity/Q40024847,Q40024847
http://www_wikidata_org/entity/Q40024867,Q40024867
http://www_wikidata_org/entity/Q40024897,Q40024897
http://www_wikidata_org/entity/Q40024925,Q40024925
http://www_wikidata_org/entity/Q40024951,Q40024951
http://www_wikidata_org/entity/Q40024979,Stadtrat Rau
http://www_wikidata_org/entity/Q40024997,Q40024997
http://www_wikidata_org/entity/Q40025035,Q40025035
http://www_wikidata_org/entity/Q40025058,Wilhelm Voigt
http://www_wikidata_org/entity/Q40025081,Q40025081
http://www_wikidata_org/entity/Q40025107,Q40025107
http://www_wikidata_org/entity/Q40025128,Q40025128
http://www_wikidata_org/entity/Q40025173,Q40025173
http://www_wikidata_org/entity/Q4002980,Uhl Belk
http://www_wikidata_org/entity/Q4003547,Umperio Bogarto
http://www_wikidata_org/entity/Q4004524,Griphook
http://www_wikidata_org/entity/Q4006160,Bald Man with the Long Nose
http://www_wikidata_org/entity/Q4006166,Toothpick Man
http://www_wikidata_org/entity/Q4006848,Uzeta
http://www_wikidata_org/entity/Q4008575,Vango
http://www_wikidata_org/entity/Q4010091,Verna Sauventreen
http://www_wikidata_org/entity/Q40131748,Clarisse La Rue
http://www_wikidata_org/entity/Q4014553,Quickening
http://www_wikidata_org/entity/Q4018330,Wart
http://www_wikidata_org/entity/Q4019195,Westley
http://www_wikidata_org/entity/Q4022389,Q4022389
http://www_wikidata_org/entity/Q4023213,Yukiri
http://www_wikidata_org/entity/Q4023801,Zankou
http://www_wikidata_org/entity/Q4024090,Zekk
http://www_wikidata_org/entity/Q4024385,Aunt Em
http://www_wikidata_org/entity/Q4024386,Q4024386
http://www_wikidata_org/entity/Q4025243,Æschere
http://www_wikidata_org/entity/Q4025401,Éomund
http://www_wikidata_org/entity/Q40342067,The Dowager
http://www_wikidata_org/entity/Q4058093,Azazello
http://www_wikidata_org/entity/Q4060906,Aleksandr Chatsky
http://www_wikidata_org/entity/Q4062421,Alisa Selezneva
http://www_wikidata_org/entity/Q4066184,Angélique de Sancé de Monteloup
http://www_wikidata_org/entity/Q4067182,Q4067182
http://www_wikidata_org/entity/Q4070114,Artabanus I of Parthia
http://www_wikidata_org/entity/Q40704557,Bob the Tomato
http://www_wikidata_org/entity/Q40706529,Larry the Cucumber
http://www_wikidata_org/entity/Q40707636,Laura Carrot
http://www_wikidata_org/entity/Q4074123,Q4074123
http://www_wikidata_org/entity/Q4081374,Becky Thatcher
http://www_wikidata_org/entity/Q4083902,Benya Krik
http://www_wikidata_org/entity/Q40889214,Izumi Akazawa
http://www_wikidata_org/entity/Q4088979,God
http://www_wikidata_org/entity/Q4115515,Silas
http://www_wikidata_org/entity/Q4115688,Courtney Chetwynde
http://www_wikidata_org/entity/Q4120008,Mike Teavee
http://www_wikidata_org/entity/Q4121392,Joruus C'baoth
http://www_wikidata_org/entity/Q4127228,Captain Vrungel
http://www_wikidata_org/entity/Q4131362,Gagana
http://www_wikidata_org/entity/Q4152259,Hurvínek
http://www_wikidata_org/entity/Q4154168,Dahlia Lynley-Chivers
http://www_wikidata_org/entity/Q4160353,Joe Alex
http://www_wikidata_org/entity/Q4163355,GAT-X252 Forbidden Gundam
http://www_wikidata_org/entity/Q41641637,Relg
http://www_wikidata_org/entity/Q41706528,Aurelio Casillas
http://www_wikidata_org/entity/Q4172845,Q4172845
http://www_wikidata_org/entity/Q41792196,Bernarda Alba
http://www_wikidata_org/entity/Q41794756,Alex Fierro
http://www_wikidata_org/entity/Q4183324,Zabulon
http://www_wikidata_org/entity/Q41848808,Javier Esposito
http://www_wikidata_org/entity/Q41904127,Q41904127
http://www_wikidata_org/entity/Q4193075,Zoich
http://www_wikidata_org/entity/Q4193290,Gold Fish
http://www_wikidata_org/entity/Q4194090,Zosya Sinitskaya
http://www_wikidata_org/entity/Q4195541,Ivan Khlestakov
http://www_wikidata_org/entity/Q4195615,Ivan Karamazov
http://www_wikidata_org/entity/Q4199479,Alicia Spinnet
http://www_wikidata_org/entity/Q4199500,Lee Jordan
http://www_wikidata_org/entity/Q4200823,Jimmy Peakes
http://www_wikidata_org/entity/Q4205826,Yennefer of Vengerberg
http://www_wikidata_org/entity/Q4207133,Kaggi-Karr
http://www_wikidata_org/entity/Q4207513,Cossack Vasyl
http://www_wikidata_org/entity/Q4214077,Pencil
http://www_wikidata_org/entity/Q42268330,Korg
http://www_wikidata_org/entity/Q42270632,Actor Sif
http://www_wikidata_org/entity/Q42293665,Martin Hristov (Pod prikritie)
http://www_wikidata_org/entity/Q42293682,Silvia Valeva
http://www_wikidata_org/entity/Q42298327,Petar Tudzharov
http://www_wikidata_org/entity/Q42302957,Emil Popov
http://www_wikidata_org/entity/Q42309653,Zdravko Kiselov
http://www_wikidata_org/entity/Q42324824,Gerda Buddenbrook
http://www_wikidata_org/entity/Q42324852,Kai von Mölln
http://www_wikidata_org/entity/Q42324887,Mrs_ Möllendorpf
http://www_wikidata_org/entity/Q42324893,Anna Iwersen
http://www_wikidata_org/entity/Q42324900,Gosch
http://www_wikidata_org/entity/Q42324904,Doctor Grabow
http://www_wikidata_org/entity/Q42324913,Friedrich Wilhelm Marcus
http://www_wikidata_org/entity/Q42324951,Sievert Tiburtius
http://www_wikidata_org/entity/Q42324982,Erika Weinschenk
http://www_wikidata_org/entity/Q4235896,Matroskin the Cat
http://www_wikidata_org/entity/Q4241555,Krokodil
http://www_wikidata_org/entity/Q42424738,Elisabeth Weinschenk
http://www_wikidata_org/entity/Q42430065,Meta Schwarzkopf
http://www_wikidata_org/entity/Q42430209,Köppen
http://www_wikidata_org/entity/Q42433862,Silvia Veleva
http://www_wikidata_org/entity/Q4251176,Catherine Linton
http://www_wikidata_org/entity/Q42609781,Tina Seabrook
http://www_wikidata_org/entity/Q426144,Kahless
http://www_wikidata_org/entity/Q426338,Brytta
http://www_wikidata_org/entity/Q4274689,Q4274689
http://www_wikidata_org/entity/Q42764207,Theuerdank
http://www_wikidata_org/entity/Q4279606,Malchish-Kibalchish
http://www_wikidata_org/entity/Q4286297,Mayura
http://www_wikidata_org/entity/Q4301091,Alexey Stepanovich Molchalin
http://www_wikidata_org/entity/Q4312355,Naina Kiyevna Gorynych
http://www_wikidata_org/entity/Q431704,Amras
http://www_wikidata_org/entity/Q4319923,Nikifor Lyapis-Trubetskoy
http://www_wikidata_org/entity/Q4321422,Q4321422
http://www_wikidata_org/entity/Q43245462,Demogorgon
http://www_wikidata_org/entity/Q43374491,Wikipede
http://www_wikidata_org/entity/Q4339528,Father Fyodor
http://www_wikidata_org/entity/Q4341260,Pavel Afanasyevich Famusov
http://www_wikidata_org/entity/Q4349300,Grimsley
http://www_wikidata_org/entity/Q4352671,Mordred Deschain
http://www_wikidata_org/entity/Q4353329,Great Unknown
http://www_wikidata_org/entity/Q43549752,Johan Flemming
http://www_wikidata_org/entity/Q4363836,Peter Blood
http://www_wikidata_org/entity/Q43655286,Vera Bilewski
http://www_wikidata_org/entity/Q4375428,ZGMF-X10A Freedom Gundam
http://www_wikidata_org/entity/Q4382530,Zhang Qing
http://www_wikidata_org/entity/Q4382965,Q4382965
http://www_wikidata_org/entity/Q4386140,Beldin
http://www_wikidata_org/entity/Q4388204,Yusuke Urameshi
http://www_wikidata_org/entity/Q4389777,XXXG-01S Shenlong Gundam
http://www_wikidata_org/entity/Q4389787,OZ-13MS Gundam Epyon
http://www_wikidata_org/entity/Q4389963,OZ-00MS Tallgeese
http://www_wikidata_org/entity/Q4389967,XXXG-01W Wing Gundam
http://www_wikidata_org/entity/Q4421503,Sergey Sergeyevich Skalozub
http://www_wikidata_org/entity/Q4430994,Spejbl
http://www_wikidata_org/entity/Q4448415,Samuel Pickwick
http://www_wikidata_org/entity/Q4450438,"Leopard, Bely Mishka, and Zaika"
http://www_wikidata_org/entity/Q445461,Jakob Maria Mierscheid
http://www_wikidata_org/entity/Q44569965,Ash Tyler
http://www_wikidata_org/entity/Q44681,Hélène Kuragin
http://www_wikidata_org/entity/Q449198,Vučko
http://www_wikidata_org/entity/Q4496007,Harley Warren
http://www_wikidata_org/entity/Q4500407,Khottabych
http://www_wikidata_org/entity/Q4516121,Cipollino
http://www_wikidata_org/entity/Q4530918,Electronic
http://www_wikidata_org/entity/Q4531326,Ellochka Shchukina
http://www_wikidata_org/entity/Q45361162,Fang La
http://www_wikidata_org/entity/Q4542341,Kamen Rider Beast
http://www_wikidata_org/entity/Q45433624,Song Jiang
http://www_wikidata_org/entity/Q4586018,Askeladden
http://www_wikidata_org/entity/Q4590243,Baragund
http://www_wikidata_org/entity/Q4590852,Fastred
http://www_wikidata_org/entity/Q4590977,Ornendil
http://www_wikidata_org/entity/Q462760,Watcher in the Water
http://www_wikidata_org/entity/Q46285,Thorin Oakenshield
http://www_wikidata_org/entity/Q46302,Smaug
http://www_wikidata_org/entity/Q4653,Sherlock Holmes
http://www_wikidata_org/entity/Q46992778,Jelly Hermes
http://www_wikidata_org/entity/Q46993551,Ava
http://www_wikidata_org/entity/Q46996148,Floria Tosca
http://www_wikidata_org/entity/Q46996160,Mario Cavaradossi
http://www_wikidata_org/entity/Q46996285,Baron Scarpia
http://www_wikidata_org/entity/Q46996323,Cesare Angelotti
http://www_wikidata_org/entity/Q46996363,Spoletta
http://www_wikidata_org/entity/Q46996378,Schiarrone
http://www_wikidata_org/entity/Q47101043,The Arrow
http://www_wikidata_org/entity/Q47101196,The Big
http://www_wikidata_org/entity/Q47101198,The Bubbles
http://www_wikidata_org/entity/Q47101201,The Change
http://www_wikidata_org/entity/Q47101204,The Cloud
http://www_wikidata_org/entity/Q47101205,The Create
http://www_wikidata_org/entity/Q47101207,The Dark
http://www_wikidata_org/entity/Q47101254,The Dash
http://www_wikidata_org/entity/Q47101257,The Dream
http://www_wikidata_org/entity/Q47101260,The Earthy
http://www_wikidata_org/entity/Q47101262,The Erase
http://www_wikidata_org/entity/Q47101265,The Fight
http://www_wikidata_org/entity/Q47101267,The Firey
http://www_wikidata_org/entity/Q47101269,The Float
http://www_wikidata_org/entity/Q47101272,The Flower
http://www_wikidata_org/entity/Q47101277,The Fly
http://www_wikidata_org/entity/Q47101279,The Freeze
http://www_wikidata_org/entity/Q47101281,The Glow
http://www_wikidata_org/entity/Q47101283,The Hope
http://www_wikidata_org/entity/Q47101285,The Illusion
http://www_wikidata_org/entity/Q47101286,The Jump
http://www_wikidata_org/entity/Q47101288,The Libra
http://www_wikidata_org/entity/Q47101289,The Light
http://www_wikidata_org/entity/Q47101293,The Little
http://www_wikidata_org/entity/Q47101297,The Lock
http://www_wikidata_org/entity/Q47101299,The Loop
http://www_wikidata_org/entity/Q47101300,The Maze
http://www_wikidata_org/entity/Q47101303,The Mirror
http://www_wikidata_org/entity/Q47101304,The Mist
http://www_wikidata_org/entity/Q47101307,The Move
http://www_wikidata_org/entity/Q47101309,The Nameless Card
http://www_wikidata_org/entity/Q47101311,The Nothing
http://www_wikidata_org/entity/Q47101312,The Power
http://www_wikidata_org/entity/Q47101314,The Rain
http://www_wikidata_org/entity/Q47101317,The Return
http://www_wikidata_org/entity/Q47101318,The Sand
http://www_wikidata_org/entity/Q47101321,The Shadow
http://www_wikidata_org/entity/Q47101324,The Shield
http://www_wikidata_org/entity/Q47101327,The Shot
http://www_wikidata_org/entity/Q47101330,The Silent
http://www_wikidata_org/entity/Q47101333,The Sleep
http://www_wikidata_org/entity/Q47101335,The Snow
http://www_wikidata_org/entity/Q47101338,The Song
http://www_wikidata_org/entity/Q47101341,The Storm
http://www_wikidata_org/entity/Q47101342,The Sweet
http://www_wikidata_org/entity/Q47101344,The Sword
http://www_wikidata_org/entity/Q47101346,The Through
http://www_wikidata_org/entity/Q47101348,The Thunder
http://www_wikidata_org/entity/Q47101351,The Time
http://www_wikidata_org/entity/Q47101353,The Twin
http://www_wikidata_org/entity/Q47101356,The Voice
http://www_wikidata_org/entity/Q47101357,The Watery
http://www_wikidata_org/entity/Q47101359,The Wave
http://www_wikidata_org/entity/Q47101361,The Windy
http://www_wikidata_org/entity/Q47101364,The Wood
http://www_wikidata_org/entity/Q471234,Amik
http://www_wikidata_org/entity/Q471696,Mañjuśrī
http://www_wikidata_org/entity/Q4734688,Aloysius
http://www_wikidata_org/entity/Q47465486,Stanel VI
http://www_wikidata_org/entity/Q47488838,John Farlow
http://www_wikidata_org/entity/Q47493168,Badger
http://www_wikidata_org/entity/Q47501876,Q47501876
http://www_wikidata_org/entity/Q47507784,Moro
http://www_wikidata_org/entity/Q4756185,Andrew Aguecheek
http://www_wikidata_org/entity/Q4758338,Andrew Quick
http://www_wikidata_org/entity/Q4762047,Angel
http://www_wikidata_org/entity/Q4762821,Angelo
http://www_wikidata_org/entity/Q4765676,Aniu
http://www_wikidata_org/entity/Q4766052,Ankhtepot
http://www_wikidata_org/entity/Q47711902,Q47711902
http://www_wikidata_org/entity/Q4775712,Anton Chigurh
http://www_wikidata_org/entity/Q4776379,Antonio
http://www_wikidata_org/entity/Q4779338,Apemantus
http://www_wikidata_org/entity/Q4779728,Aphrodite Aperyi
http://www_wikidata_org/entity/Q4782683,Aqualad
http://www_wikidata_org/entity/Q478507,Skynet
http://www_wikidata_org/entity/Q4789253,Argent
http://www_wikidata_org/entity/Q4790146,Aria Montgomery
http://www_wikidata_org/entity/Q4790380,Ariel
http://www_wikidata_org/entity/Q4790754,Arion
http://www_wikidata_org/entity/Q47917680,Yokian Fleet Commander
http://www_wikidata_org/entity/Q479308,Renji Abarai
http://www_wikidata_org/entity/Q4798659,Arthur Fancy
http://www_wikidata_org/entity/Q4806134,Kumamon
http://www_wikidata_org/entity/Q48078634,T'Kuvma
http://www_wikidata_org/entity/Q48081407,L'Rell
http://www_wikidata_org/entity/Q4810732,Ignotus Peverell
http://www_wikidata_org/entity/Q4811337,Frank Zhang
http://www_wikidata_org/entity/Q4817216,Atom Eve
http://www_wikidata_org/entity/Q4822547,Flattus Maximus
http://www_wikidata_org/entity/Q4822615,Aurora Teagarden
http://www_wikidata_org/entity/Q4822617,Habbakuk
http://www_wikidata_org/entity/Q4822633,Gilean
http://www_wikidata_org/entity/Q4827730,Stephen Colbert
http://www_wikidata_org/entity/Q4829445,Avranc
http://www_wikidata_org/entity/Q48369358,Lele
http://www_wikidata_org/entity/Q4837400,Baba Yaga
http://www_wikidata_org/entity/Q4838163,Baby-Face Mouse
http://www_wikidata_org/entity/Q4840712,Bade and Chote
http://www_wikidata_org/entity/Q48477,Aulë
http://www_wikidata_org/entity/Q4850817,Balhannoth
http://www_wikidata_org/entity/Q4850880,Baligant
http://www_wikidata_org/entity/Q4851781,Ballistic
http://www_wikidata_org/entity/Q4853000,Balto
http://www_wikidata_org/entity/Q4857415,Bao Daoyi
http://www_wikidata_org/entity/Q4857433,Bao Xu
http://www_wikidata_org/entity/Q485953,Ananse
http://www_wikidata_org/entity/Q4862102,Baron Ambrosia
http://www_wikidata_org/entity/Q4868457,Bat Boy
http://www_wikidata_org/entity/Q4869384,Batman
http://www_wikidata_org/entity/Q48744328,Minmin
http://www_wikidata_org/entity/Q48754745,Kitekero-kun
http://www_wikidata_org/entity/Q48766688,Q48766688
http://www_wikidata_org/entity/Q4877641,Beautie
http://www_wikidata_org/entity/Q4878804,Becky Bloomwood
http://www_wikidata_org/entity/Q4878872,Becky Sharp
http://www_wikidata_org/entity/Q4879785,Beegle Beagle
http://www_wikidata_org/entity/Q488159,Ded Moroz
http://www_wikidata_org/entity/Q48833172,Batwoman
http://www_wikidata_org/entity/Q488875,Ali Baba
http://www_wikidata_org/entity/Q48927861,Duan Zhengming (fictional)
http://www_wikidata_org/entity/Q48927919,Wang Chongyang
http://www_wikidata_org/entity/Q489314,Odradek
http://www_wikidata_org/entity/Q4895504,Bertha Mason
http://www_wikidata_org/entity/Q4895666,Bertie the Bus
http://www_wikidata_org/entity/Q48961416,Set
http://www_wikidata_org/entity/Q4896907,Rangiku Matsumoto
http://www_wikidata_org/entity/Q48975762,Charlotte Abelfreyja Drossel
http://www_wikidata_org/entity/Q48975764,Damian Baldur Flugel
http://www_wikidata_org/entity/Q48975865,Airin Kizaki
http://www_wikidata_org/entity/Q4901314,Bharthari
http://www_wikidata_org/entity/Q4902480,Bianca
http://www_wikidata_org/entity/Q4902502,Bianca Minola
http://www_wikidata_org/entity/Q4911898,Billina
http://www_wikidata_org/entity/Q49139223,Q49139223
http://www_wikidata_org/entity/Q4919299,Kamen Rider Den-O
http://www_wikidata_org/entity/Q4919528,ZGMF-X23S Saviour Gundam
http://www_wikidata_org/entity/Q4919546,ZGMF-X88S Gaia Gundam
http://www_wikidata_org/entity/Q4919725,GNW-001 Gundam Throne Eins
http://www_wikidata_org/entity/Q4919883,Rin Tohsaka
http://www_wikidata_org/entity/Q4919895,GN-000 0 Gundam
http://www_wikidata_org/entity/Q4920363,Cheng Kuang
http://www_wikidata_org/entity/Q4921260,ZGMF-X31S Abyss Gundam
http://www_wikidata_org/entity/Q4921415,Black Owl
http://www_wikidata_org/entity/Q4921823,Kamen Rider Skull
http://www_wikidata_org/entity/Q4922072,MSA-0011 S Gundam
http://www_wikidata_org/entity/Q4922275,MRX-009 Psyco Gundam
http://www_wikidata_org/entity/Q4922380,GN-0000 00 Gundam
http://www_wikidata_org/entity/Q4922686,ORB-01 Akatsuki Gundam
http://www_wikidata_org/entity/Q4922880,Blackford Oakes
http://www_wikidata_org/entity/Q4922886,XXXG-01SR Gundam Sandrock
http://www_wikidata_org/entity/Q4923101,Blacklight
http://www_wikidata_org/entity/Q4923233,ZGMF-X56S Impulse Gundam
http://www_wikidata_org/entity/Q4923440,GAT-X131 Calamity Gundam
http://www_wikidata_org/entity/Q4924618,ZGMF-X42S Destiny Gundam
http://www_wikidata_org/entity/Q4924748,GN-002 Gundam Dynames
http://www_wikidata_org/entity/Q4924874,XXXG-01H Gundam Heavy Arms
http://www_wikidata_org/entity/Q4925309,Berserker
http://www_wikidata_org/entity/Q4925445,ZGMF-X24S Chaos Gundam
http://www_wikidata_org/entity/Q4926841,Bliss
http://www_wikidata_org/entity/Q4927051,Bloat
http://www_wikidata_org/entity/Q4927927,Bloodfang
http://www_wikidata_org/entity/Q4931616,Bob
http://www_wikidata_org/entity/Q4934608,Bobbi Harlow
http://www_wikidata_org/entity/Q4935415,Bobby Newmark
http://www_wikidata_org/entity/Q4938352,Boilerplate
http://www_wikidata_org/entity/Q495163,Hodori
http://www_wikidata_org/entity/Q4953161,Brabantio
http://www_wikidata_org/entity/Q4957115,Rolanda Hooch
http://www_wikidata_org/entity/Q4960649,Brenda Chenowith
http://www_wikidata_org/entity/Q4969203,Britai Kridanik
http://www_wikidata_org/entity/Q4973187,Brody Davis
http://www_wikidata_org/entity/Q49803287,Q49803287
http://www_wikidata_org/entity/Q4982905,Buck Mulligan
http://www_wikidata_org/entity/Q4983930,Bud Roberts
http://www_wikidata_org/entity/Q4994754,Blinky
http://www_wikidata_org/entity/Q4997654,Bungle
http://www_wikidata_org/entity/Q5002851,Butterball Cenobite
http://www_wikidata_org/entity/Q5003041,Butterworth Stavely
http://www_wikidata_org/entity/Q5017485,Cai Fu
http://www_wikidata_org/entity/Q5018155,Cal Langley
http://www_wikidata_org/entity/Q50291150,Bhaduri Moshai
http://www_wikidata_org/entity/Q5036526,Captain Aardvark
http://www_wikidata_org/entity/Q5036534,Alexander Smollett
http://www_wikidata_org/entity/Q5036594,Captain Compass
http://www_wikidata_org/entity/Q5036723,Captain Macheath
http://www_wikidata_org/entity/Q5036806,Captain Spaulding
http://www_wikidata_org/entity/Q50380089,Chopper
http://www_wikidata_org/entity/Q50421806,Livingston
http://www_wikidata_org/entity/Q50430610,Ooblar
http://www_wikidata_org/entity/Q5047185,Carter Kane
http://www_wikidata_org/entity/Q50487085,Jacob Frye
http://www_wikidata_org/entity/Q50529038,Thrax
http://www_wikidata_org/entity/Q5057966,Celia
http://www_wikidata_org/entity/Q5070282,Chan
http://www_wikidata_org/entity/Q5071411,Chandramukhi
http://www_wikidata_org/entity/Q507241,Riot
http://www_wikidata_org/entity/Q5076722,Charles Darnay
http://www_wikidata_org/entity/Q50805108,Zim
http://www_wikidata_org/entity/Q50808057,Almighty Tallest Red
http://www_wikidata_org/entity/Q50808061,Almighty Tallest Purple
http://www_wikidata_org/entity/Q50808700,Boris the Animal
http://www_wikidata_org/entity/Q50809724,Gabriel de Araceli
http://www_wikidata_org/entity/Q5083317,Charles Wallace Murry
http://www_wikidata_org/entity/Q5084282,Charley Bates
http://www_wikidata_org/entity/Q50846939,Edgar the Bug
http://www_wikidata_org/entity/Q5086611,Charon
http://www_wikidata_org/entity/Q5087926,Chatterer
http://www_wikidata_org/entity/Q50891165,Invader Tak
http://www_wikidata_org/entity/Q5092792,Cheryl West
http://www_wikidata_org/entity/Q5094118,Chet Morton
http://www_wikidata_org/entity/Q509741,Shaddam Corrino IV
http://www_wikidata_org/entity/Q5101513,Chip Hilton
http://www_wikidata_org/entity/Q51078937,Sizz-Lorr
http://www_wikidata_org/entity/Q51078968,Scaramouche the Merciless
http://www_wikidata_org/entity/Q5109142,Baldor
http://www_wikidata_org/entity/Q5110112,Dís
http://www_wikidata_org/entity/Q5110973,Fundin
http://www_wikidata_org/entity/Q5114253,Chronos
http://www_wikidata_org/entity/Q5115402,Bifur
http://www_wikidata_org/entity/Q5120897,Omega
http://www_wikidata_org/entity/Q5122244,Cissie and Ada
http://www_wikidata_org/entity/Q5122545,Citizen Chauvelin
http://www_wikidata_org/entity/Q5126680,Clarence Odbody
http://www_wikidata_org/entity/Q5129199,Claudia Joy Holden
http://www_wikidata_org/entity/Q5129212,Claudia Leigh
http://www_wikidata_org/entity/Q5129635,Clavileño
http://www_wikidata_org/entity/Q51297934,Doctor Jonathan Jacobo
http://www_wikidata_org/entity/Q51298104,Emile Mondavarious
http://www_wikidata_org/entity/Q5131743,Cleopatra Wong
http://www_wikidata_org/entity/Q51325757,Luna Ghost
http://www_wikidata_org/entity/Q51339216,Arpeggio
http://www_wikidata_org/entity/Q51339481,The Contessa
http://www_wikidata_org/entity/Q5134251,Dexter Fortescue
http://www_wikidata_org/entity/Q5134275,Clinton Tyree
http://www_wikidata_org/entity/Q5153269,Merope Gaunt
http://www_wikidata_org/entity/Q5161828,Connie Blair
http://www_wikidata_org/entity/Q5162245,Conor Larkin
http://www_wikidata_org/entity/Q516231,Minilla
http://www_wikidata_org/entity/Q5165820,Control
http://www_wikidata_org/entity/Q51666,historical Jesus
http://www_wikidata_org/entity/Q51671,biblical Magi
http://www_wikidata_org/entity/Q5169921,Cordelia
http://www_wikidata_org/entity/Q51735,Kyle Katarn
http://www_wikidata_org/entity/Q51746,Luke Skywalker
http://www_wikidata_org/entity/Q51748,Mara Jade
http://www_wikidata_org/entity/Q5175033,Costard
http://www_wikidata_org/entity/Q51759,Xanatos
http://www_wikidata_org/entity/Q51786,HK-47
http://www_wikidata_org/entity/Q51787,C-3PO
http://www_wikidata_org/entity/Q51788,R2-D2
http://www_wikidata_org/entity/Q51789,Padmé Amidala
http://www_wikidata_org/entity/Q51792,General Grievous
http://www_wikidata_org/entity/Q51793,Jar Jar Binks
http://www_wikidata_org/entity/Q51795,Jango Fett
http://www_wikidata_org/entity/Q51797,Princess Leia
http://www_wikidata_org/entity/Q51799,Lando Calrissian
http://www_wikidata_org/entity/Q51801,Watto
http://www_wikidata_org/entity/Q51845852,Voq
http://www_wikidata_org/entity/Q51884737,Evie Frye
http://www_wikidata_org/entity/Q5190539,Cryonax
http://www_wikidata_org/entity/Q5192511,Cuddles the Monkey
http://www_wikidata_org/entity/Q5194388,Cunégonde
http://www_wikidata_org/entity/Q51954374,Mikhailo Balzaminov
http://www_wikidata_org/entity/Q51954409,Pavla Balzaminova
http://www_wikidata_org/entity/Q51954417,Akulina Krasavina
http://www_wikidata_org/entity/Q51954435,Lukyan Chebakov
http://www_wikidata_org/entity/Q5197284,Cy
http://www_wikidata_org/entity/Q5197885,Cyblade
http://www_wikidata_org/entity/Q5201430,Cyäegha
http://www_wikidata_org/entity/Q5214842,Dana Sterling
http://www_wikidata_org/entity/Q52157964,Wonder Woman
http://www_wikidata_org/entity/Q52243515,La Luchadora
http://www_wikidata_org/entity/Q5235350,David Innes
http://www_wikidata_org/entity/Q52446145,Heather Jasper Howe
http://www_wikidata_org/entity/Q5252546,Deirdre 'Dash' McKinley
http://www_wikidata_org/entity/Q5252641,Dejah Thoris
http://www_wikidata_org/entity/Q5256585,Elfhelm
http://www_wikidata_org/entity/Q5256934,Deng Yuanjue
http://www_wikidata_org/entity/Q5256936,Deng Zhong
http://www_wikidata_org/entity/Q5257257,Ohtar
http://www_wikidata_org/entity/Q5258918,Dennis Ryland
http://www_wikidata_org/entity/Q5262248,Derek Pander
http://www_wikidata_org/entity/Q52712160,Belle Duck
http://www_wikidata_org/entity/Q5271330,Diana Villiers
http://www_wikidata_org/entity/Q52733938,Marcela
http://www_wikidata_org/entity/Q52734852,Dorotea
http://www_wikidata_org/entity/Q5273497,Dick Ballantine
http://www_wikidata_org/entity/Q5288312,Dogberry
http://www_wikidata_org/entity/Q5290957,Dominie Sampson
http://www_wikidata_org/entity/Q5293903,Donalbain
http://www_wikidata_org/entity/Q52947928,Carina
http://www_wikidata_org/entity/Q5297444,Dora Spenlow
http://www_wikidata_org/entity/Q5304113,Dr_ Gangrene
http://www_wikidata_org/entity/Q5304209,Dr_ Johnny Fever
http://www_wikidata_org/entity/Q5304635,Draco
http://www_wikidata_org/entity/Q5306025,Drawcansir
http://www_wikidata_org/entity/Q5306216,Dread Pirate Roberts
http://www_wikidata_org/entity/Q5310419,Duanmu Rong
http://www_wikidata_org/entity/Q5312999,Duke of Deception
http://www_wikidata_org/entity/Q5314359,Duncan Freeman
http://www_wikidata_org/entity/Q5325395,Eaglet
http://www_wikidata_org/entity/Q5329877,Easter Bilby
http://www_wikidata_org/entity/Q533120,Caliban
http://www_wikidata_org/entity/Q5338647,Edith Prickley
http://www_wikidata_org/entity/Q5339222,Edmund
http://www_wikidata_org/entity/Q5350835,El Borak
http://www_wikidata_org/entity/Q5357226,Electra
http://www_wikidata_org/entity/Q53578209,MC Pee Pants
http://www_wikidata_org/entity/Q5357903,Electro-Wave Human Tackle
http://www_wikidata_org/entity/Q536204,Zilla
http://www_wikidata_org/entity/Q5364973,Ellen Parsons
http://www_wikidata_org/entity/Q5366713,Elmer the Great Dane
http://www_wikidata_org/entity/Q5368303,Elwin Ransom
http://www_wikidata_org/entity/Q5369990,MSN-06S Sinanju
http://www_wikidata_org/entity/Q5371628,Emilia
http://www_wikidata_org/entity/Q5372025,Emily
http://www_wikidata_org/entity/Q5372399,Emily Thorne
http://www_wikidata_org/entity/Q5372843,Emma Hollis
http://www_wikidata_org/entity/Q5374844,Emu
http://www_wikidata_org/entity/Q53765874,Marigold Gamgee
http://www_wikidata_org/entity/Q53869491,Pink Diamond
http://www_wikidata_org/entity/Q5392492,Q5392492
http://www_wikidata_org/entity/Q5401769,Estragon
http://www_wikidata_org/entity/Q5404944,Zombozo
http://www_wikidata_org/entity/Q5409748,Eunice Harper Higgins
http://www_wikidata_org/entity/Q5410665,Aro
http://www_wikidata_org/entity/Q5411138,Eureka
http://www_wikidata_org/entity/Q5418489,Evinlea
http://www_wikidata_org/entity/Q5419956,Exedore
http://www_wikidata_org/entity/Q54216677,Tobias Beckett
http://www_wikidata_org/entity/Q54217296,L3-37
http://www_wikidata_org/entity/Q5423334,Berúthiel
http://www_wikidata_org/entity/Q5430941,Fairy
http://www_wikidata_org/entity/Q5430978,Fairy Queen
http://www_wikidata_org/entity/Q5433785,Fang Jie
http://www_wikidata_org/entity/Q5433800,Fang Tianding
http://www_wikidata_org/entity/Q5437962,Fatso the Fat-Arsed Wombat
http://www_wikidata_org/entity/Q5439488,Fearless Photog
http://www_wikidata_org/entity/Q5443792,Ferdinand
http://www_wikidata_org/entity/Q5445659,Feste
http://www_wikidata_org/entity/Q5447253,beast fiend
http://www_wikidata_org/entity/Q5447934,Fighting Yank
http://www_wikidata_org/entity/Q5448302,Filburt
http://www_wikidata_org/entity/Q545043,Leo Belgicus
http://www_wikidata_org/entity/Q545044,Ganon
http://www_wikidata_org/entity/Q54599188,Q54599188
http://www_wikidata_org/entity/Q54599223,Q54599223
http://www_wikidata_org/entity/Q5461920,Florizel
http://www_wikidata_org/entity/Q5464257,Folcwald
http://www_wikidata_org/entity/Q546616,Gertrude
http://www_wikidata_org/entity/Q5476384,Fowl family
http://www_wikidata_org/entity/Q5479137,Pájara Peggy
http://www_wikidata_org/entity/Q54829314,Stuart McElroy
http://www_wikidata_org/entity/Q54858191,Camomile
http://www_wikidata_org/entity/Q548759,Ecthelion of the Fountain
http://www_wikidata_org/entity/Q54896805,Atreus
http://www_wikidata_org/entity/Q549148,Persephone
http://www_wikidata_org/entity/Q5492474,Frantisek Markov
http://www_wikidata_org/entity/Q54963462,mevrouw De Bok
http://www_wikidata_org/entity/Q54963519,meneer De Bok
http://www_wikidata_org/entity/Q54999685,Waldvogel (the woodbird)
http://www_wikidata_org/entity/Q55004466,Q55004466
http://www_wikidata_org/entity/Q55004468,Q55004468
http://www_wikidata_org/entity/Q55004471,Q55004471
http://www_wikidata_org/entity/Q55026579,Q55026579
http://www_wikidata_org/entity/Q55029353,Minotaur
http://www_wikidata_org/entity/Q55030180,The Dwarf
http://www_wikidata_org/entity/Q5503354,Friar Laurence
http://www_wikidata_org/entity/Q5504844,Fritz
http://www_wikidata_org/entity/Q55054242,Q55054242
http://www_wikidata_org/entity/Q55058182,Q55058182
http://www_wikidata_org/entity/Q55060115,Q55060115
http://www_wikidata_org/entity/Q5506944,Fuchsia Groan
http://www_wikidata_org/entity/Q55075160,Lucas the Spider
http://www_wikidata_org/entity/Q5512059,G_I_ Robot
http://www_wikidata_org/entity/Q5515286,Gabbar Singh
http://www_wikidata_org/entity/Q5516180,Gachapin
http://www_wikidata_org/entity/Q5516964,Gaia
http://www_wikidata_org/entity/Q551747,Clayface
http://www_wikidata_org/entity/Q55187547,Green Loontern
http://www_wikidata_org/entity/Q55191,Katherine Pulaski
http://www_wikidata_org/entity/Q5520817,Ganesh
http://www_wikidata_org/entity/Q55219997,Bernard Lowe
http://www_wikidata_org/entity/Q55220134,Teddy Flood
http://www_wikidata_org/entity/Q5523627,Garnet
http://www_wikidata_org/entity/Q55315727,Brunt
http://www_wikidata_org/entity/Q55315851,Whitley Gilbert-Wayne
http://www_wikidata_org/entity/Q55339811,Flip the Frog
http://www_wikidata_org/entity/Q5535612,Geordie Sharp
http://www_wikidata_org/entity/Q5535902,George
http://www_wikidata_org/entity/Q55386240,Orphan Annie
http://www_wikidata_org/entity/Q5539393,George Fox-Selwyn
http://www_wikidata_org/entity/Q55402307,Guardian of Forever
http://www_wikidata_org/entity/Q5541396,George Knightley
http://www_wikidata_org/entity/Q55415310,Olvikan
http://www_wikidata_org/entity/Q554163,Sōsuke Aizen
http://www_wikidata_org/entity/Q5541755,George Liquor
http://www_wikidata_org/entity/Q554230,Ajak
http://www_wikidata_org/entity/Q55430142,Tobias Behm
http://www_wikidata_org/entity/Q55456469,Mayor Tortoise John
http://www_wikidata_org/entity/Q55460470,Komodo Joe
http://www_wikidata_org/entity/Q55460509,Komodo Moe
http://www_wikidata_org/entity/Q55511137,#Pandi
http://www_wikidata_org/entity/Q55526413,Nerimaru
http://www_wikidata_org/entity/Q55528181,Ikazukins
http://www_wikidata_org/entity/Q55570469,Omnidroid 08
http://www_wikidata_org/entity/Q55570517,Omnidroid 09
http://www_wikidata_org/entity/Q55570571,Omnidroid 10
http://www_wikidata_org/entity/Q55595474,Q55595474
http://www_wikidata_org/entity/Q55602674,Miraitowa and Someity
http://www_wikidata_org/entity/Q55611818,Flowey
http://www_wikidata_org/entity/Q55618383,"Maximilian, Count von Moor"
http://www_wikidata_org/entity/Q55618403,Karl Moor
http://www_wikidata_org/entity/Q5562067,Si Wang-mu
http://www_wikidata_org/entity/Q5563337,Ginés de Pasamonte
http://www_wikidata_org/entity/Q55634033,Stinkor
http://www_wikidata_org/entity/Q55636044,Toriel Dreemurr
http://www_wikidata_org/entity/Q5567035,Glass Cat
http://www_wikidata_org/entity/Q55685164,Archibald Asparagus
http://www_wikidata_org/entity/Q55685339,Mr_ Nezzer
http://www_wikidata_org/entity/Q5569519,John Dawlish
http://www_wikidata_org/entity/Q55719638,Q55719638
http://www_wikidata_org/entity/Q55719645,Q55719645
http://www_wikidata_org/entity/Q55767521,Sjogg
http://www_wikidata_org/entity/Q5582168,Gonzalo
http://www_wikidata_org/entity/Q55823799,Taltos
http://www_wikidata_org/entity/Q5585033,Gordon Cresswell
http://www_wikidata_org/entity/Q558508,Al Neri
http://www_wikidata_org/entity/Q5591036,Grace Choi
http://www_wikidata_org/entity/Q5591247,Grace Kingston
http://www_wikidata_org/entity/Q559524,Witch-king of Angmar
http://www_wikidata_org/entity/Q55955335,Mike Lowrey
http://www_wikidata_org/entity/Q55955371,Marcus Burnett
http://www_wikidata_org/entity/Q5597811,Gravedigger
http://www_wikidata_org/entity/Q5600324,Great and Powerful Turtle
http://www_wikidata_org/entity/Q56014931,Story
http://www_wikidata_org/entity/Q5606173,Greg Rathbone
http://www_wikidata_org/entity/Q5606691,Gregor Vorbarra
http://www_wikidata_org/entity/Q56159606,Mania (symbiote)
http://www_wikidata_org/entity/Q5623605,Gwildor
http://www_wikidata_org/entity/Q56289605,Q56289605
http://www_wikidata_org/entity/Q56300070,donestre
http://www_wikidata_org/entity/Q56300111,Amy Santiago
http://www_wikidata_org/entity/Q56304505,Q56304505
http://www_wikidata_org/entity/Q56320146,Indoraptor
http://www_wikidata_org/entity/Q56345611,The Oriole Bird
http://www_wikidata_org/entity/Q56351943,Nyango Star
http://www_wikidata_org/entity/Q5638494,Malagard
http://www_wikidata_org/entity/Q5641169,Zedar
http://www_wikidata_org/entity/Q56415501,OOM-9
http://www_wikidata_org/entity/Q56419306,Cardenio
http://www_wikidata_org/entity/Q56419440,Luscinda
http://www_wikidata_org/entity/Q5645791,Tikkes
http://www_wikidata_org/entity/Q56469807,Peter Abernathy
http://www_wikidata_org/entity/Q56473790,Herbert
http://www_wikidata_org/entity/Q5651141,Borat Sagdiyev
http://www_wikidata_org/entity/Q5652159,Biomateria
http://www_wikidata_org/entity/Q5653092,8t88
http://www_wikidata_org/entity/Q5655678,Hardang
http://www_wikidata_org/entity/Q5658230,Harkon Lukas
http://www_wikidata_org/entity/Q56604079,Harry Kipper
http://www_wikidata_org/entity/Q56634053,Teresa Panza
http://www_wikidata_org/entity/Q5664499,Harriman Nelson
http://www_wikidata_org/entity/Q56648546,Seymour Krelborn
http://www_wikidata_org/entity/Q56648551,Audrey
http://www_wikidata_org/entity/Q56648557,Mr_ Mushnik
http://www_wikidata_org/entity/Q56648616,Orin Scrivello
http://www_wikidata_org/entity/Q56648636,Chiffon
http://www_wikidata_org/entity/Q56648639,Crystal
http://www_wikidata_org/entity/Q56648648,Ronette
http://www_wikidata_org/entity/Q56648987,Henri IV
http://www_wikidata_org/entity/Q5672729,Amlach
http://www_wikidata_org/entity/Q5675276,Andreth
http://www_wikidata_org/entity/Q5676863,Angus Mengsk
http://www_wikidata_org/entity/Q5679534,Juan Carlos Bodoque
http://www_wikidata_org/entity/Q5681145,Hatchii
http://www_wikidata_org/entity/Q5681781,Mr_ Noodle
http://www_wikidata_org/entity/Q56818571,Ana
http://www_wikidata_org/entity/Q568470,Meg Giry
http://www_wikidata_org/entity/Q568553,Link
http://www_wikidata_org/entity/Q568587,Viking
http://www_wikidata_org/entity/Q56886188,Theseus Scamander
http://www_wikidata_org/entity/Q56886256,Leta Lestrange
http://www_wikidata_org/entity/Q56886323,Credence Barebone
http://www_wikidata_org/entity/Q5697359,Antioch Peverell
http://www_wikidata_org/entity/Q5700415,Dudley Dursley
http://www_wikidata_org/entity/Q5702097,Helen Crump
http://www_wikidata_org/entity/Q5703079,Helen Roper
http://www_wikidata_org/entity/Q5706959,Hellawes
http://www_wikidata_org/entity/Q5709712,Astoria Greengrass
http://www_wikidata_org/entity/Q5715096,Azonia
http://www_wikidata_org/entity/Q572434,Túrin Turambar
http://www_wikidata_org/entity/Q573197,Waldi
http://www_wikidata_org/entity/Q5732450,Hera Agathon
http://www_wikidata_org/entity/Q5733607,Bregor
http://www_wikidata_org/entity/Q5734168,Brodda
http://www_wikidata_org/entity/Q5735653,Bupu
http://www_wikidata_org/entity/Q5738985,Cadmus Peverell
http://www_wikidata_org/entity/Q57394134,Wonder Woman
http://www_wikidata_org/entity/Q5749885,Heywood R_ Floyd
http://www_wikidata_org/entity/Q5760069,Celeborn
http://www_wikidata_org/entity/Q5761471,Hilda Spellman
http://www_wikidata_org/entity/Q5764991,Sinterklaas
http://www_wikidata_org/entity/Q576524,Baron Strucker
http://www_wikidata_org/entity/Q5765519,Himu
http://www_wikidata_org/entity/Q5771156,Clara del Valle
http://www_wikidata_org/entity/Q57742983,Crush
http://www_wikidata_org/entity/Q5782594,Condorito
http://www_wikidata_org/entity/Q5789648,Skinbark
http://www_wikidata_org/entity/Q5791754,Gauchito
http://www_wikidata_org/entity/Q5795217,Marco Pacella
http://www_wikidata_org/entity/Q5797472,Daggoth
http://www_wikidata_org/entity/Q5801201,Dedalus Diggle
http://www_wikidata_org/entity/Q5803547,Éofor
http://www_wikidata_org/entity/Q58057393,Chitti
http://www_wikidata_org/entity/Q580761,Bart McQueen
http://www_wikidata_org/entity/Q58099617,Engywook
http://www_wikidata_org/entity/Q581031,Amanda Young
http://www_wikidata_org/entity/Q5813201,Don Hilarión
http://www_wikidata_org/entity/Q5814364,Q5814364
http://www_wikidata_org/entity/Q58184506,Dame Eyola
http://www_wikidata_org/entity/Q58185595,the rose
http://www_wikidata_org/entity/Q5820435,Q5820435
http://www_wikidata_org/entity/Q58211848,Morla
http://www_wikidata_org/entity/Q582234,Edmund Pevensie
http://www_wikidata_org/entity/Q58229056,Whooshwoozool
http://www_wikidata_org/entity/Q58283646,Koloth
http://www_wikidata_org/entity/Q5829273,Elentir
http://www_wikidata_org/entity/Q5829967,Elphias Doge
http://www_wikidata_org/entity/Q5830836,Q5830836
http://www_wikidata_org/entity/Q5831413,Emily Charlton
http://www_wikidata_org/entity/Q58345896,Q58345896
http://www_wikidata_org/entity/Q583958,Q583958
http://www_wikidata_org/entity/Q58416525,Max Caulfield
http://www_wikidata_org/entity/Q5852772,Everard
http://www_wikidata_org/entity/Q5862032,"Sukki, Nokki, Lekki, and Tsukki"
http://www_wikidata_org/entity/Q5864615,The Fat Friar
http://www_wikidata_org/entity/Q5869718,Frogger
http://www_wikidata_org/entity/Q587036,Enchantress
http://www_wikidata_org/entity/Q5873815,Chomp
http://www_wikidata_org/entity/Q587387,Chris Redfield
http://www_wikidata_org/entity/Q5876648,Gelmir of Nargothrond
http://www_wikidata_org/entity/Q58806340,Zero Two
http://www_wikidata_org/entity/Q588135,Ar-Adûnakhôr
http://www_wikidata_org/entity/Q5881551,Glóin
http://www_wikidata_org/entity/Q5885882,Grogan Stump
http://www_wikidata_org/entity/Q5890847,Håkon and Kristin
http://www_wikidata_org/entity/Q5891802,Hannah Abbott
http://www_wikidata_org/entity/Q589193,Oswald Bastable
http://www_wikidata_org/entity/Q589198,Snork
http://www_wikidata_org/entity/Q5892976,Falcon
http://www_wikidata_org/entity/Q5893672,Helena Ravenclaw
http://www_wikidata_org/entity/Q5894700,Herbert Beery
http://www_wikidata_org/entity/Q5898668,Hoot Kloot
http://www_wikidata_org/entity/Q5898707,Hooterville Cannonball
http://www_wikidata_org/entity/Q590350,Doctor Mabuse
http://www_wikidata_org/entity/Q59055594,Asgore Dreemurr
http://www_wikidata_org/entity/Q59073255,Lirr
http://www_wikidata_org/entity/Q5913448,Hourman
http://www_wikidata_org/entity/Q59134590,Sheerek
http://www_wikidata_org/entity/Q5914640,Impulse
http://www_wikidata_org/entity/Q59184941,Ragnar Ragnarson
http://www_wikidata_org/entity/Q59185400,Mildrith
http://www_wikidata_org/entity/Q59186058,Sven Kjartanson
http://www_wikidata_org/entity/Q59208366,Cnut
http://www_wikidata_org/entity/Q59208964,Cormoran Strike
http://www_wikidata_org/entity/Q5922045,Howie Kemp
http://www_wikidata_org/entity/Q5925531,Huang Gun
http://www_wikidata_org/entity/Q5926059,Jane
http://www_wikidata_org/entity/Q59282162,Iseult
http://www_wikidata_org/entity/Q592909,Brainiac
http://www_wikidata_org/entity/Q59306964,Q59306964
http://www_wikidata_org/entity/Q5931628,Evan Rosier
http://www_wikidata_org/entity/Q59325815,Grail
http://www_wikidata_org/entity/Q593531,Eärendil
http://www_wikidata_org/entity/Q5935687,Q5935687
http://www_wikidata_org/entity/Q5937095,Joseph Schwartz
http://www_wikidata_org/entity/Q59385725,Q59385725
http://www_wikidata_org/entity/Q59417226,Coraline Jones
http://www_wikidata_org/entity/Q5943551,Hungry Tiger
http://www_wikidata_org/entity/Q5943999,Hunt Stockwell
http://www_wikidata_org/entity/Q59505484,●●|●●●●●|●●|●
http://www_wikidata_org/entity/Q59505974,Claire the Stalker
http://www_wikidata_org/entity/Q59528,Guy Gardner
http://www_wikidata_org/entity/Q5956830,Justin Finch-Fletchley
http://www_wikidata_org/entity/Q5957753,Kaloth
http://www_wikidata_org/entity/Q595793,Fred Figglehorn
http://www_wikidata_org/entity/Q5959014,Kendra Dumbledore
http://www_wikidata_org/entity/Q59594047,SCP-682
http://www_wikidata_org/entity/Q5963339,Håkan Bråkan
http://www_wikidata_org/entity/Q597213,Dino Ortolani
http://www_wikidata_org/entity/Q5973010,Lenwë
http://www_wikidata_org/entity/Q5976681,Aphoom-Zhah
http://www_wikidata_org/entity/Q5976775,Alexander Rozhenko
http://www_wikidata_org/entity/Q59785232,Jim Scuttleson
http://www_wikidata_org/entity/Q59785241,Lucas Dark
http://www_wikidata_org/entity/Q59785289,Helmuth von Gluck
http://www_wikidata_org/entity/Q59785893,Thomas Hinkle
http://www_wikidata_org/entity/Q5989590,Mafalda Hopkirk
http://www_wikidata_org/entity/Q5991680,Iggwilv
http://www_wikidata_org/entity/Q5994557,Óin
http://www_wikidata_org/entity/Q59966534,Felicity Joyeuse
http://www_wikidata_org/entity/Q59966960,Steffi Trottier
http://www_wikidata_org/entity/Q5996771,Marcus Flint
http://www_wikidata_org/entity/Q599685,Kogoro Mori
http://www_wikidata_org/entity/Q5999233,Bill Ferny
http://www_wikidata_org/entity/Q59996,Robin
http://www_wikidata_org/entity/Q6007037,Imperious Leader
http://www_wikidata_org/entity/Q6011348,Evenstar
http://www_wikidata_org/entity/Q6012014,Nori
http://www_wikidata_org/entity/Q6016534,Millicent Bulstrode
http://www_wikidata_org/entity/Q6016714,Marietta Edgecombe
http://www_wikidata_org/entity/Q60172355,Jaiden Bruenig
http://www_wikidata_org/entity/Q60172386,Earl E_ DeMise
http://www_wikidata_org/entity/Q60181285,Therapist
http://www_wikidata_org/entity/Q60181362,Social Bunny
http://www_wikidata_org/entity/Q60181780,Mr_ Vanderseaux
http://www_wikidata_org/entity/Q60181904,Allison Bersowitz
http://www_wikidata_org/entity/Q601836,Bree Van de Kamp
http://www_wikidata_org/entity/Q6018962,Q6018962
http://www_wikidata_org/entity/Q601978,Kyon
http://www_wikidata_org/entity/Q602142,Araglas
http://www_wikidata_org/entity/Q6022103,Kabraxis
http://www_wikidata_org/entity/Q60227542,Mrs_ Vanderseaux
http://www_wikidata_org/entity/Q60227544,Carmen Eggers
http://www_wikidata_org/entity/Q60227545,Greg McPear
http://www_wikidata_org/entity/Q60227546,Natalia Crenshaw
http://www_wikidata_org/entity/Q6024003,Blaise Zabini
http://www_wikidata_org/entity/Q6024530,Morwen Steelsheen
http://www_wikidata_org/entity/Q6024751,Indigo
http://www_wikidata_org/entity/Q6025629,Q6025629
http://www_wikidata_org/entity/Q6027457,Snaga
http://www_wikidata_org/entity/Q60293409,Itchy
http://www_wikidata_org/entity/Q60322667,Lrrr
http://www_wikidata_org/entity/Q6035594,Reyna Avila Ramírez-Arellano
http://www_wikidata_org/entity/Q6036812,Dírhael
http://www_wikidata_org/entity/Q6037770,Q6037770
http://www_wikidata_org/entity/Q6037941,Froggy
http://www_wikidata_org/entity/Q6039569,Q6039569
http://www_wikidata_org/entity/Q6042054,Thorin III
http://www_wikidata_org/entity/Q6042850,Nigel Wolpert
http://www_wikidata_org/entity/Q60429863,Ndnd
http://www_wikidata_org/entity/Q60438802,Kang
http://www_wikidata_org/entity/Q6044518,Nolondil
http://www_wikidata_org/entity/Q60458881,Hildur Bock
http://www_wikidata_org/entity/Q60464795,John Blake
http://www_wikidata_org/entity/Q60466817,Patrick Wisely
http://www_wikidata_org/entity/Q60466994,Mary Jane
http://www_wikidata_org/entity/Q60467043,N'Goo Tuana
http://www_wikidata_org/entity/Q60467085,Zarkos
http://www_wikidata_org/entity/Q6047337,Náin
http://www_wikidata_org/entity/Q6049339,Ogg
http://www_wikidata_org/entity/Q605125,GLaDOS
http://www_wikidata_org/entity/Q60529062,Crane
http://www_wikidata_org/entity/Q6052969,Orion Black
http://www_wikidata_org/entity/Q6053282,Orophin
http://www_wikidata_org/entity/Q60541561,Thing 1
http://www_wikidata_org/entity/Q60542386,The Fish
http://www_wikidata_org/entity/Q6055107,Grishnakh
http://www_wikidata_org/entity/Q6055231,Ozzik Sturn
http://www_wikidata_org/entity/Q60582256,Alice Quinn
http://www_wikidata_org/entity/Q60582344,Pearl Sunderland
http://www_wikidata_org/entity/Q60596726,Eleanor of Aquitaine
http://www_wikidata_org/entity/Q60596792,Geoffrey
http://www_wikidata_org/entity/Q60596827,Richard
http://www_wikidata_org/entity/Q60596843,Philip II of France
http://www_wikidata_org/entity/Q60596876,John
http://www_wikidata_org/entity/Q6060437,Q6060437
http://www_wikidata_org/entity/Q60607447,Q60607447
http://www_wikidata_org/entity/Q60607448,Q60607448
http://www_wikidata_org/entity/Q60607449,Q60607449
http://www_wikidata_org/entity/Q60607451,Q60607451
http://www_wikidata_org/entity/Q60607452,Medea
http://www_wikidata_org/entity/Q60607454,Trofos
http://www_wikidata_org/entity/Q60607455,Coryphaia chorus
http://www_wikidata_org/entity/Q60607457,Jason
http://www_wikidata_org/entity/Q60607458,Creon
http://www_wikidata_org/entity/Q60607459,Aegeus
http://www_wikidata_org/entity/Q60607461,Davies
http://www_wikidata_org/entity/Q60607463,Mick
http://www_wikidata_org/entity/Q60607466,Willie
http://www_wikidata_org/entity/Q60607467,Martha
http://www_wikidata_org/entity/Q60607468,Honey
http://www_wikidata_org/entity/Q60607469,Nick
http://www_wikidata_org/entity/Q60607470,George
http://www_wikidata_org/entity/Q60607472,Debbie
http://www_wikidata_org/entity/Q60607473,Barry
http://www_wikidata_org/entity/Q60607475,Mary Cavan Tyrone
http://www_wikidata_org/entity/Q60607476,James Tyrone
http://www_wikidata_org/entity/Q60607477,James Tyrone Jr_
http://www_wikidata_org/entity/Q60607478,Edmund
http://www_wikidata_org/entity/Q60607479,Cathleen
http://www_wikidata_org/entity/Q60607480,Frances Beale
http://www_wikidata_org/entity/Q60607481,Madeleine Palmer
http://www_wikidata_org/entity/Q60607482,Miss Margarida
http://www_wikidata_org/entity/Q60607483,student
http://www_wikidata_org/entity/Q60607484,Miss Julie
http://www_wikidata_org/entity/Q60607485,Christine
http://www_wikidata_org/entity/Q60607488,Q60607488
http://www_wikidata_org/entity/Q60607489,Q60607489
http://www_wikidata_org/entity/Q60607490,Q60607490
http://www_wikidata_org/entity/Q60607491,Q60607491
http://www_wikidata_org/entity/Q60607493,Q60607493
http://www_wikidata_org/entity/Q60607495,Ray
http://www_wikidata_org/entity/Q60607496,Una
http://www_wikidata_org/entity/Q60607497,girl
http://www_wikidata_org/entity/Q60607498,dealer
http://www_wikidata_org/entity/Q60607499,client
http://www_wikidata_org/entity/Q60607500,Petey
http://www_wikidata_org/entity/Q60607501,McCann
http://www_wikidata_org/entity/Q60607502,Stanley
http://www_wikidata_org/entity/Q60607503,Meg
http://www_wikidata_org/entity/Q60607504,Lulu
http://www_wikidata_org/entity/Q60607505,Goldberg
http://www_wikidata_org/entity/Q60607506,Regina Engstrand
http://www_wikidata_org/entity/Q60607508,Pastor Manders
http://www_wikidata_org/entity/Q60607509,Mrs_ Helen Alving
http://www_wikidata_org/entity/Q60607510,Oswald Alving
http://www_wikidata_org/entity/Q60607511,Q60607511
http://www_wikidata_org/entity/Q60607512,Q60607512
http://www_wikidata_org/entity/Q60607513,Manus
http://www_wikidata_org/entity/Q60607515,Sarah
http://www_wikidata_org/entity/Q60607516,Jimmy Jack
http://www_wikidata_org/entity/Q60607517,Máire
http://www_wikidata_org/entity/Q60607518,Doalty
http://www_wikidata_org/entity/Q60607519,Bridget
http://www_wikidata_org/entity/Q60607520,Hugh
http://www_wikidata_org/entity/Q60607521,Owen
http://www_wikidata_org/entity/Q60607522,Captain Lancey
http://www_wikidata_org/entity/Q60607523,Lieutenant Yolland
http://www_wikidata_org/entity/Q60607524,Q60607524
http://www_wikidata_org/entity/Q60607525,Vasili Svietlovidoff
http://www_wikidata_org/entity/Q60607526,Nikita Ivanitch
http://www_wikidata_org/entity/Q60607527,Krapp
http://www_wikidata_org/entity/Q60607528,Q60607528
http://www_wikidata_org/entity/Q60607529,Q60607529
http://www_wikidata_org/entity/Q60607530,Q60607530
http://www_wikidata_org/entity/Q60607531,Christopher
http://www_wikidata_org/entity/Q60607532,Bruce
http://www_wikidata_org/entity/Q60607533,Robert
http://www_wikidata_org/entity/Q60607534,Lambert
http://www_wikidata_org/entity/Q60607535,Matt
http://www_wikidata_org/entity/Q60607536,Prue
http://www_wikidata_org/entity/Q60607537,Russell
http://www_wikidata_org/entity/Q60607538,Suki
http://www_wikidata_org/entity/Q60607539,Richard
http://www_wikidata_org/entity/Q60607540,Sonia
http://www_wikidata_org/entity/Q60607541,Waiter
http://www_wikidata_org/entity/Q60607542,Waitress
http://www_wikidata_org/entity/Q60607543,Francis Hardy
http://www_wikidata_org/entity/Q60607544,Grace
http://www_wikidata_org/entity/Q60607545,Teddy
http://www_wikidata_org/entity/Q60607546,Poseidon
http://www_wikidata_org/entity/Q60607547,Andromache
http://www_wikidata_org/entity/Q60607548,Athena
http://www_wikidata_org/entity/Q60607549,Q60607549
http://www_wikidata_org/entity/Q60607550,Menelaus
http://www_wikidata_org/entity/Q60607552,Cassandra
http://www_wikidata_org/entity/Q60607553,Helen of Troy
http://www_wikidata_org/entity/Q60607554,Talthybius
http://www_wikidata_org/entity/Q60607555,Hecuba
http://www_wikidata_org/entity/Q60607556,Q60607556
http://www_wikidata_org/entity/Q60607557,Hirst
http://www_wikidata_org/entity/Q60607558,Briggs
http://www_wikidata_org/entity/Q60607559,Spooner
http://www_wikidata_org/entity/Q60607560,Foster
http://www_wikidata_org/entity/Q60607561,Robert
http://www_wikidata_org/entity/Q60607562,John
http://www_wikidata_org/entity/Q60607563,Uncle Peck
http://www_wikidata_org/entity/Q60607564,Li'l Bit
http://www_wikidata_org/entity/Q60607565,Grandmother
http://www_wikidata_org/entity/Q60607566,Sali
http://www_wikidata_org/entity/Q60607568,Mother
http://www_wikidata_org/entity/Q60607569,Aunt Mary
http://www_wikidata_org/entity/Q60607570,Kathy
http://www_wikidata_org/entity/Q60607571,Big Pap
http://www_wikidata_org/entity/Q60607572,Waiter
http://www_wikidata_org/entity/Q60607573,Barman
http://www_wikidata_org/entity/Q60607574,Student
http://www_wikidata_org/entity/Q60607575,Q60607575
http://www_wikidata_org/entity/Q60607576,Josie Hogan
http://www_wikidata_org/entity/Q60607577,Phil Hogan
http://www_wikidata_org/entity/Q60607578,Mike Hogan
http://www_wikidata_org/entity/Q60607580,James Tyrone
http://www_wikidata_org/entity/Q60607581,T_ Steadman Harder
http://www_wikidata_org/entity/Q60607582,Molly Sweeney
http://www_wikidata_org/entity/Q60607583,Mr_ Rice
http://www_wikidata_org/entity/Q60607584,Frank Sweeney
http://www_wikidata_org/entity/Q60607585,Robert
http://www_wikidata_org/entity/Q60607586,Emma
http://www_wikidata_org/entity/Q60607587,Waiter
http://www_wikidata_org/entity/Q60607588,Bridget
http://www_wikidata_org/entity/Q60607589,Andy
http://www_wikidata_org/entity/Q60607590,Bel
http://www_wikidata_org/entity/Q60607591,Jake
http://www_wikidata_org/entity/Q60607592,Ralf
http://www_wikidata_org/entity/Q60607593,Fred
http://www_wikidata_org/entity/Q60607594,Maria
http://www_wikidata_org/entity/Q60607595,Q60607595
http://www_wikidata_org/entity/Q60607596,Q60607596
http://www_wikidata_org/entity/Q60607597,Q60607597
http://www_wikidata_org/entity/Q60607598,Q60607598
http://www_wikidata_org/entity/Q60607599,Q60607599
http://www_wikidata_org/entity/Q60607600,Q60607600
http://www_wikidata_org/entity/Q60607601,Q60607601
http://www_wikidata_org/entity/Q60607603,Q60607603
http://www_wikidata_org/entity/Q60607604,John
http://www_wikidata_org/entity/Q60607605,Carol
http://www_wikidata_org/entity/Q60607606,Q60607606
http://www_wikidata_org/entity/Q60607607,Q60607607
http://www_wikidata_org/entity/Q60607608,Q60607608
http://www_wikidata_org/entity/Q60607609,Q60607609
http://www_wikidata_org/entity/Q60607610,Q60607610
http://www_wikidata_org/entity/Q60607611,Q60607611
http://www_wikidata_org/entity/Q60607612,Q60607612
http://www_wikidata_org/entity/Q60607613,Q60607613
http://www_wikidata_org/entity/Q60607614,Q60607614
http://www_wikidata_org/entity/Q60607615,Q60607615
http://www_wikidata_org/entity/Q60607616,Rebecca West
http://www_wikidata_org/entity/Q60607617,Mrs_ Helseth
http://www_wikidata_org/entity/Q60607618,Professor Kroll
http://www_wikidata_org/entity/Q60607619,Johannes Rosmer
http://www_wikidata_org/entity/Q60607620,Ulrik Brendel
http://www_wikidata_org/entity/Q60607621,Peder Mortensgaard
http://www_wikidata_org/entity/Q60607622,Q60607622
http://www_wikidata_org/entity/Q60607623,Q60607623
http://www_wikidata_org/entity/Q60607624,Q60607624
http://www_wikidata_org/entity/Q60607625,Q60607625
http://www_wikidata_org/entity/Q60618084,Orlando
http://www_wikidata_org/entity/Q60618121,Q60618121
http://www_wikidata_org/entity/Q606202,Hikaru Sulu
http://www_wikidata_org/entity/Q60629269,Gizmo
http://www_wikidata_org/entity/Q60630166,Lyla Grunt
http://www_wikidata_org/entity/Q60646616,0718
http://www_wikidata_org/entity/Q60669478,Stacy Phelps
http://www_wikidata_org/entity/Q6068555,Pedro Crespo
http://www_wikidata_org/entity/Q6070295,Iris Wildthyme
http://www_wikidata_org/entity/Q6071337,Penlodh
http://www_wikidata_org/entity/Q6072130,Percival Dumbledore
http://www_wikidata_org/entity/Q6072772,Pero Perez
http://www_wikidata_org/entity/Q60728064,Citizen 1
http://www_wikidata_org/entity/Q60728065,Citizen 2
http://www_wikidata_org/entity/Q60728066,Mayor
http://www_wikidata_org/entity/Q60728067,Policeman
http://www_wikidata_org/entity/Q60728068,Citizen 3
http://www_wikidata_org/entity/Q60728070,Teacher
http://www_wikidata_org/entity/Q60728071,Citizen 4
http://www_wikidata_org/entity/Q60728072,Alfred Ill
http://www_wikidata_org/entity/Q60728073,Q60728073
http://www_wikidata_org/entity/Q60728078,Claire Zachanassian
http://www_wikidata_org/entity/Q60728079,Roby
http://www_wikidata_org/entity/Q60728080,Loby
http://www_wikidata_org/entity/Q60728081,Husband VII
http://www_wikidata_org/entity/Q60728083,Reporter I
http://www_wikidata_org/entity/Q60728084,Q60728084
http://www_wikidata_org/entity/Q60728085,Carl
http://www_wikidata_org/entity/Q60728086,Alfred's wife
http://www_wikidata_org/entity/Q60728087,Q60728087
http://www_wikidata_org/entity/Q60728090,Q60728090
http://www_wikidata_org/entity/Q60728091,Koby
http://www_wikidata_org/entity/Q60728092,Q60728092
http://www_wikidata_org/entity/Q60728093,Q60728093
http://www_wikidata_org/entity/Q60728094,Q60728094
http://www_wikidata_org/entity/Q60728096,Vassa Zheleznova
http://www_wikidata_org/entity/Q60728097,Q60728097
http://www_wikidata_org/entity/Q60728098,Q60728098
http://www_wikidata_org/entity/Q60728099,Q60728099
http://www_wikidata_org/entity/Q60728102,Q60728102
http://www_wikidata_org/entity/Q60728103,Q60728103
http://www_wikidata_org/entity/Q60728104,Q60728104
http://www_wikidata_org/entity/Q60728105,Q60728105
http://www_wikidata_org/entity/Q60728107,Q60728107
http://www_wikidata_org/entity/Q60728110,Q60728110
http://www_wikidata_org/entity/Q60728111,Q60728111
http://www_wikidata_org/entity/Q60728112,Q60728112
http://www_wikidata_org/entity/Q60728113,Q60728113
http://www_wikidata_org/entity/Q60728114,Manos
http://www_wikidata_org/entity/Q60728115,Q60728115
http://www_wikidata_org/entity/Q60728117,Q60728117
http://www_wikidata_org/entity/Q60728118,Trivelino
http://www_wikidata_org/entity/Q60728119,Silvia
http://www_wikidata_org/entity/Q60728120,Prince
http://www_wikidata_org/entity/Q60728121,Romeo Daddi
http://www_wikidata_org/entity/Q60728122,Bice Daddi
http://www_wikidata_org/entity/Q60728123,Giorgio Vanzi
http://www_wikidata_org/entity/Q60728128,Ginevra
http://www_wikidata_org/entity/Q60728129,Nicola Respi
http://www_wikidata_org/entity/Q60728130,Q60728130
http://www_wikidata_org/entity/Q60728132,Q60728132
http://www_wikidata_org/entity/Q60728134,Q60728134
http://www_wikidata_org/entity/Q60728135,Q60728135
http://www_wikidata_org/entity/Q60728136,Q60728136
http://www_wikidata_org/entity/Q60728137,Q60728137
http://www_wikidata_org/entity/Q60728138,Q60728138
http://www_wikidata_org/entity/Q60728142,Q60728142
http://www_wikidata_org/entity/Q60728143,Q60728143
http://www_wikidata_org/entity/Q60728144,Q60728144
http://www_wikidata_org/entity/Q60728145,Q60728145
http://www_wikidata_org/entity/Q60728147,Q60728147
http://www_wikidata_org/entity/Q60728148,Q60728148
http://www_wikidata_org/entity/Q60728149,Q60728149
http://www_wikidata_org/entity/Q60728150,Lieutenant Emma Stein
http://www_wikidata_org/entity/Q60728151,Colonel Johns
http://www_wikidata_org/entity/Q60728153,Lieutenant Travis Freud
http://www_wikidata_org/entity/Q60728154,Lieutenant Studdard
http://www_wikidata_org/entity/Q60728155,Filippo
http://www_wikidata_org/entity/Q60728156,Myrtle
http://www_wikidata_org/entity/Q60728157,Q60728157
http://www_wikidata_org/entity/Q60728158,Q60728158
http://www_wikidata_org/entity/Q60728159,Q60728159
http://www_wikidata_org/entity/Q60728160,Q60728160
http://www_wikidata_org/entity/Q60728161,Q60728161
http://www_wikidata_org/entity/Q60728163,Q60728163
http://www_wikidata_org/entity/Q60728164,Q60728164
http://www_wikidata_org/entity/Q60728165,Q60728165
http://www_wikidata_org/entity/Q60728166,Q60728166
http://www_wikidata_org/entity/Q60728167,Q60728167
http://www_wikidata_org/entity/Q60728168,Lyngstrand
http://www_wikidata_org/entity/Q60728169,Ballestad
http://www_wikidata_org/entity/Q60728170,Bolette
http://www_wikidata_org/entity/Q60728171,Hilde Wangel
http://www_wikidata_org/entity/Q60728172,Doctor Edvard Wangel
http://www_wikidata_org/entity/Q60728173,Arnholm
http://www_wikidata_org/entity/Q60728174,Ellida Wangel
http://www_wikidata_org/entity/Q60728175,The Stranger
http://www_wikidata_org/entity/Q60728176,Q60728176
http://www_wikidata_org/entity/Q60728178,Q60728178
http://www_wikidata_org/entity/Q60728179,Q60728179
http://www_wikidata_org/entity/Q60728180,Q60728180
http://www_wikidata_org/entity/Q60728181,Q60728181
http://www_wikidata_org/entity/Q60728183,Q60728183
http://www_wikidata_org/entity/Q60728184,Q60728184
http://www_wikidata_org/entity/Q60728185,Q60728185
http://www_wikidata_org/entity/Q60728186,Q60728186
http://www_wikidata_org/entity/Q60728187,Q60728187
http://www_wikidata_org/entity/Q60728188,Q60728188
http://www_wikidata_org/entity/Q60728189,Q60728189
http://www_wikidata_org/entity/Q60728190,Q60728190
http://www_wikidata_org/entity/Q60728191,Q60728191
http://www_wikidata_org/entity/Q60728192,Q60728192
http://www_wikidata_org/entity/Q60728193,Q60728193
http://www_wikidata_org/entity/Q60728194,Q60728194
http://www_wikidata_org/entity/Q60728195,Q60728195
http://www_wikidata_org/entity/Q60728196,Q60728196
http://www_wikidata_org/entity/Q60728197,Estelle Rigault
http://www_wikidata_org/entity/Q60728198,Inès Serrano
http://www_wikidata_org/entity/Q60728199,Joseph Garcin
http://www_wikidata_org/entity/Q60728200,Q60728200
http://www_wikidata_org/entity/Q60728202,Z
http://www_wikidata_org/entity/Q60728203,F
http://www_wikidata_org/entity/Q60728204,Q60728204
http://www_wikidata_org/entity/Q60728205,Q60728205
http://www_wikidata_org/entity/Q60728206,Sostrata
http://www_wikidata_org/entity/Q60728207,Callimaco
http://www_wikidata_org/entity/Q60728208,Siro
http://www_wikidata_org/entity/Q60728209,Nicia
http://www_wikidata_org/entity/Q60728210,Ligurio
http://www_wikidata_org/entity/Q60728211,Friar Timoteo
http://www_wikidata_org/entity/Q60728212,Q60728212
http://www_wikidata_org/entity/Q60728213,Lucrezia
http://www_wikidata_org/entity/Q60728214,Mary Stuart
http://www_wikidata_org/entity/Q60728215,Hanna Kennedy
http://www_wikidata_org/entity/Q60728216,Mortimer
http://www_wikidata_org/entity/Q60728217,Amias Paulet
http://www_wikidata_org/entity/Q60728218,Lord Burleigh
http://www_wikidata_org/entity/Q60728219,Count L'Aubespine
http://www_wikidata_org/entity/Q60728220,Wilhelm Davison
http://www_wikidata_org/entity/Q60728221,Earl of Leicester
http://www_wikidata_org/entity/Q60728222,George Talbot
http://www_wikidata_org/entity/Q60728223,Elisabeth
http://www_wikidata_org/entity/Q60728224,Q60728224
http://www_wikidata_org/entity/Q60728225,Q60728225
http://www_wikidata_org/entity/Q60728226,Q60728226
http://www_wikidata_org/entity/Q60728227,Q60728227
http://www_wikidata_org/entity/Q60728228,Q60728228
http://www_wikidata_org/entity/Q60728230,Q60728230
http://www_wikidata_org/entity/Q60728231,Lyubov Andreievna Ranevskaya
http://www_wikidata_org/entity/Q60728232,Anya
http://www_wikidata_org/entity/Q60728233,Varya
http://www_wikidata_org/entity/Q60728234,Dunyasha
http://www_wikidata_org/entity/Q60728235,Charlotta Ivanovna
http://www_wikidata_org/entity/Q60728236,Yasha
http://www_wikidata_org/entity/Q60728237,Leonid Andreieveitch Gayev
http://www_wikidata_org/entity/Q60728238,Lopakhin Yermolai Alexeievitch
http://www_wikidata_org/entity/Q60728240,Trofimov
http://www_wikidata_org/entity/Q60728241,Boris Borisovich Simeonov -Pishchik
http://www_wikidata_org/entity/Q60728242,Yepikhodov
http://www_wikidata_org/entity/Q60728243,Firs
http://www_wikidata_org/entity/Q60728255,Q60728255
http://www_wikidata_org/entity/Q60728256,Q60728256
http://www_wikidata_org/entity/Q60728257,Q60728257
http://www_wikidata_org/entity/Q60728258,Q60728258
http://www_wikidata_org/entity/Q60728260,Edgar
http://www_wikidata_org/entity/Q60728261,Kurt
http://www_wikidata_org/entity/Q60728262,Alice
http://www_wikidata_org/entity/Q60728263,Q60728263
http://www_wikidata_org/entity/Q60728264,Q60728264
http://www_wikidata_org/entity/Q60728265,Q60728265
http://www_wikidata_org/entity/Q60728267,Q60728267
http://www_wikidata_org/entity/Q60728268,Q60728268
http://www_wikidata_org/entity/Q60728269,Q60728269
http://www_wikidata_org/entity/Q60728270,Q60728270
http://www_wikidata_org/entity/Q60728271,Q60728271
http://www_wikidata_org/entity/Q60728272,Q60728272
http://www_wikidata_org/entity/Q60728273,Adolph
http://www_wikidata_org/entity/Q60728274,Gustav
http://www_wikidata_org/entity/Q60728275,Tekla
http://www_wikidata_org/entity/Q60728276,Claire
http://www_wikidata_org/entity/Q60728277,Solange
http://www_wikidata_org/entity/Q60728278,Madame
http://www_wikidata_org/entity/Q60728280,Treat
http://www_wikidata_org/entity/Q60728281,Phillip
http://www_wikidata_org/entity/Q60728282,Harold
http://www_wikidata_org/entity/Q60728283,Deeley
http://www_wikidata_org/entity/Q60728284,Q60728284
http://www_wikidata_org/entity/Q60728285,Q60728285
http://www_wikidata_org/entity/Q60728286,Q60728286
http://www_wikidata_org/entity/Q60728287,Susan
http://www_wikidata_org/entity/Q60728288,Marie Bashkirtseff
http://www_wikidata_org/entity/Q60728289,Aris
http://www_wikidata_org/entity/Q60728290,Katerina
http://www_wikidata_org/entity/Q60728291,Stephanie
http://www_wikidata_org/entity/Q60728292,Petra von Kant
http://www_wikidata_org/entity/Q60728293,Sidonie von Grasenabb
http://www_wikidata_org/entity/Q60728294,Gabriel von Kant
http://www_wikidata_org/entity/Q60728295,Valerie von Kant
http://www_wikidata_org/entity/Q60728296,Karin Thimm
http://www_wikidata_org/entity/Q60728297,Marlene
http://www_wikidata_org/entity/Q60728298,Q60728298
http://www_wikidata_org/entity/Q60728299,Q60728299
http://www_wikidata_org/entity/Q60728300,Leone Gala
http://www_wikidata_org/entity/Q60728301,Silia Gala
http://www_wikidata_org/entity/Q60728302,Miglioriti
http://www_wikidata_org/entity/Q60728303,Clara
http://www_wikidata_org/entity/Q60728304,Guido Venanzi
http://www_wikidata_org/entity/Q60728305,Barelli
http://www_wikidata_org/entity/Q60728306,drunker
http://www_wikidata_org/entity/Q60728307,Filippo
http://www_wikidata_org/entity/Q60728308,Doctor Spiga
http://www_wikidata_org/entity/Q60728309,María Josefa
http://www_wikidata_org/entity/Q60728310,Bernarda Alba
http://www_wikidata_org/entity/Q60728311,Magdalena
http://www_wikidata_org/entity/Q60728312,Angustias
http://www_wikidata_org/entity/Q60728313,Amelia
http://www_wikidata_org/entity/Q60728314,Martirio
http://www_wikidata_org/entity/Q60728315,Adela
http://www_wikidata_org/entity/Q60728316,Poncia
http://www_wikidata_org/entity/Q60728317,Hamm
http://www_wikidata_org/entity/Q60728318,Clov
http://www_wikidata_org/entity/Q60728319,Gustav
http://www_wikidata_org/entity/Q60728320,Adolf
http://www_wikidata_org/entity/Q60728321,Sylvia
http://www_wikidata_org/entity/Q60728322,Q60728322
http://www_wikidata_org/entity/Q60728323,Q60728323
http://www_wikidata_org/entity/Q60728324,Q60728324
http://www_wikidata_org/entity/Q60728326,Q60728326
http://www_wikidata_org/entity/Q60728327,Q60728327
http://www_wikidata_org/entity/Q60728328,Q60728328
http://www_wikidata_org/entity/Q60728329,Q60728329
http://www_wikidata_org/entity/Q60728330,Q60728330
http://www_wikidata_org/entity/Q60728331,Q60728331
http://www_wikidata_org/entity/Q60728332,Q60728332
http://www_wikidata_org/entity/Q60728334,Q60728334
http://www_wikidata_org/entity/Q60728335,Q60728335
http://www_wikidata_org/entity/Q60728336,Q60728336
http://www_wikidata_org/entity/Q60749612,Anna Koljaiczek
http://www_wikidata_org/entity/Q60749625,Axel Mischke
http://www_wikidata_org/entity/Q60749654,Der alte Heilandt
http://www_wikidata_org/entity/Q60749704,Frau Kater
http://www_wikidata_org/entity/Q60749862,Kobyella
http://www_wikidata_org/entity/Q60749873,Laubschad
http://www_wikidata_org/entity/Q60749919,Meyn
http://www_wikidata_org/entity/Q60750063,Luzie Rennwand
http://www_wikidata_org/entity/Q6075233,Black Mercy
http://www_wikidata_org/entity/Q60753343,Jerry
http://www_wikidata_org/entity/Q60756408,Tom Clerc
http://www_wikidata_org/entity/Q60767504,Gertrud
http://www_wikidata_org/entity/Q60771092,Q60771092
http://www_wikidata_org/entity/Q6077369,Isaac and Miria
http://www_wikidata_org/entity/Q60773842,Kate
http://www_wikidata_org/entity/Q60774435,Anna
http://www_wikidata_org/entity/Q60774770,Th
http://www_wikidata_org/entity/Q60776871,Odysseus
http://www_wikidata_org/entity/Q60776883,Eurybates
http://www_wikidata_org/entity/Q60777589,Q60777589
http://www_wikidata_org/entity/Q6078290,Isabelle Tyler
http://www_wikidata_org/entity/Q6078491,Isaiah Crockett
http://www_wikidata_org/entity/Q60786802,Flaminia
http://www_wikidata_org/entity/Q60786917,Lisette
http://www_wikidata_org/entity/Q60786960,Nobleman
http://www_wikidata_org/entity/Q60788120,Arlequin
http://www_wikidata_org/entity/Q60803027,Polyxena
http://www_wikidata_org/entity/Q6080485,Ishmael
http://www_wikidata_org/entity/Q60808004,Peppino
http://www_wikidata_org/entity/Q60808314,Niccolo
http://www_wikidata_org/entity/Q60812304,Dr_ Feldman
http://www_wikidata_org/entity/Q60812646,Elli
http://www_wikidata_org/entity/Q60823017,Lesley
http://www_wikidata_org/entity/Q60823228,Ruddock
http://www_wikidata_org/entity/Q60823701,Girl
http://www_wikidata_org/entity/Q60834955,Rosalind
http://www_wikidata_org/entity/Q60839826,Alexios
http://www_wikidata_org/entity/Q60839828,Kassandra
http://www_wikidata_org/entity/Q60844647,Bianca
http://www_wikidata_org/entity/Q60844728,Pauline
http://www_wikidata_org/entity/Q60844757,Mother
http://www_wikidata_org/entity/Q60844759,Father
http://www_wikidata_org/entity/Q60844780,cook
http://www_wikidata_org/entity/Q60844819,Grandfather
http://www_wikidata_org/entity/Q60844867,Aunt
http://www_wikidata_org/entity/Q60844871,hunter
http://www_wikidata_org/entity/Q60844876,Benjamin
http://www_wikidata_org/entity/Q60844883,Felix
http://www_wikidata_org/entity/Q60854516,Ersilia Drei
http://www_wikidata_org/entity/Q60857138,Emma
http://www_wikidata_org/entity/Q60857405,Onoria
http://www_wikidata_org/entity/Q60857717,Grotti
http://www_wikidata_org/entity/Q60857892,Alfredo Cantavalle
http://www_wikidata_org/entity/Q60858007,Franco Laspiga
http://www_wikidata_org/entity/Q60858426,Ludovico Nota
http://www_wikidata_org/entity/Q60859900,Fay
http://www_wikidata_org/entity/Q60860012,McLeavy
http://www_wikidata_org/entity/Q60860083,Meadows
http://www_wikidata_org/entity/Q60860155,Truscott
http://www_wikidata_org/entity/Q60860297,Hal
http://www_wikidata_org/entity/Q60860415,Dennis
http://www_wikidata_org/entity/Q60864829,Marina
http://www_wikidata_org/entity/Q60864933,Anna
http://www_wikidata_org/entity/Q6086588,Princess Shroob
http://www_wikidata_org/entity/Q60879625,Melvin Doo
http://www_wikidata_org/entity/Q60880179,Amanda Wingfield
http://www_wikidata_org/entity/Q60880409,Tom Wingfield
http://www_wikidata_org/entity/Q60880621,Laura Wingfield
http://www_wikidata_org/entity/Q60880733,Jim O'Connor
http://www_wikidata_org/entity/Q60885696,Charles Marlow
http://www_wikidata_org/entity/Q60886129,George Hastings
http://www_wikidata_org/entity/Q60886409,Mr_ Hardcastle
http://www_wikidata_org/entity/Q60886653,Mrs_ Hardcastle
http://www_wikidata_org/entity/Q60886796,Miss Kate Hardcastle
http://www_wikidata_org/entity/Q60886985,Miss Constance Neville
http://www_wikidata_org/entity/Q60887184,Sir Charles Marlow
http://www_wikidata_org/entity/Q60888522,Diggory
http://www_wikidata_org/entity/Q60888662,servant
http://www_wikidata_org/entity/Q60888779,maid
http://www_wikidata_org/entity/Q60920235,Marcos
http://www_wikidata_org/entity/Q60920343,Helen
http://www_wikidata_org/entity/Q60922244,Q60922244
http://www_wikidata_org/entity/Q60922619,Swanwhite
http://www_wikidata_org/entity/Q60922735,Tova
http://www_wikidata_org/entity/Q60922881,Stepmother
http://www_wikidata_org/entity/Q60924143,Elsa
http://www_wikidata_org/entity/Q60924546,Signe
http://www_wikidata_org/entity/Q60925222,Prince
http://www_wikidata_org/entity/Q60925361,Gardener
http://www_wikidata_org/entity/Q60926053,Mother of Swanwhite
http://www_wikidata_org/entity/Q60926329,Mother of the Prince
http://www_wikidata_org/entity/Q60934916,Nagg
http://www_wikidata_org/entity/Q60935059,Nell
http://www_wikidata_org/entity/Q60948581,Sad
http://www_wikidata_org/entity/Q60950609,Patrick
http://www_wikidata_org/entity/Q60950749,Migel
http://www_wikidata_org/entity/Q60950911,Joe
http://www_wikidata_org/entity/Q60951128,Mrs Sigma
http://www_wikidata_org/entity/Q60951341,Director
http://www_wikidata_org/entity/Q6097123,Ivan Orav
http://www_wikidata_org/entity/Q60976899,Henri Diverine
http://www_wikidata_org/entity/Q60976954,Comtesse Diverine
http://www_wikidata_org/entity/Q60976985,Angora Diverine
http://www_wikidata_org/entity/Q60977034,Ladislas Diverine
http://www_wikidata_org/entity/Q60977111,Vladimir Demisof
http://www_wikidata_org/entity/Q60979592,Dr_ Prentice
http://www_wikidata_org/entity/Q60979821,Mrs_ Prentice
http://www_wikidata_org/entity/Q60979988,Geraldine Barclay
http://www_wikidata_org/entity/Q60980115,Dr_ Rance
http://www_wikidata_org/entity/Q60980248,Nicholas Beckett
http://www_wikidata_org/entity/Q60980348,Sergeant Match
http://www_wikidata_org/entity/Q60983778,Nikos
http://www_wikidata_org/entity/Q60983834,Vaso
http://www_wikidata_org/entity/Q60983872,Stavros
http://www_wikidata_org/entity/Q60983963,Thymios
http://www_wikidata_org/entity/Q60984055,Old woman
http://www_wikidata_org/entity/Q60984183,Dimos
http://www_wikidata_org/entity/Q60984277,Mikros
http://www_wikidata_org/entity/Q60985809,Mikri
http://www_wikidata_org/entity/Q6098819,Bella Goth
http://www_wikidata_org/entity/Q609971,Erlendur Sveinsson
http://www_wikidata_org/entity/Q60997987,Sloane
http://www_wikidata_org/entity/Q60997992,Ed
http://www_wikidata_org/entity/Q60997997,Kemp
http://www_wikidata_org/entity/Q60998021,Kath
http://www_wikidata_org/entity/Q60998265,Barney
http://www_wikidata_org/entity/Q60998289,Eleanor
http://www_wikidata_org/entity/Q60998330,Charles
http://www_wikidata_org/entity/Q60998368,Myra
http://www_wikidata_org/entity/Q60999045,Belisa
http://www_wikidata_org/entity/Q60999162,Perlimplín
http://www_wikidata_org/entity/Q60999230,Mother of Belisa
http://www_wikidata_org/entity/Q60999330,Marcolfa
http://www_wikidata_org/entity/Q61000093,goblin
http://www_wikidata_org/entity/Q61001782,Claudine
http://www_wikidata_org/entity/Q61006435,Edward II
http://www_wikidata_org/entity/Q61006780,Gaveston
http://www_wikidata_org/entity/Q61006958,Mortimer
http://www_wikidata_org/entity/Q61007133,Lancaster
http://www_wikidata_org/entity/Q61008231,Queen Isabella
http://www_wikidata_org/entity/Q61008457,John Maltravers
http://www_wikidata_org/entity/Q61008727,Spenser
http://www_wikidata_org/entity/Q61008882,Edmund Earl of Kent
http://www_wikidata_org/entity/Q61009088,Bishop of Coventry
http://www_wikidata_org/entity/Q61009247,Mayor of Bristow
http://www_wikidata_org/entity/Q61009390,Archbishop of Canterbury
http://www_wikidata_org/entity/Q61009565,Leicester
http://www_wikidata_org/entity/Q61009745,Arundel
http://www_wikidata_org/entity/Q6103204,Izzy
http://www_wikidata_org/entity/Q61041096,Caligula
http://www_wikidata_org/entity/Q61041101,Drusilla
http://www_wikidata_org/entity/Q61041104,Cherea
http://www_wikidata_org/entity/Q61041113,Scipio
http://www_wikidata_org/entity/Q61041118,Mucius’ wife
http://www_wikidata_org/entity/Q61041128,Caesonia
http://www_wikidata_org/entity/Q61041155,Helicon
http://www_wikidata_org/entity/Q61041163,Mucius
http://www_wikidata_org/entity/Q61041176,Octavius
http://www_wikidata_org/entity/Q61041188,Lucius
http://www_wikidata_org/entity/Q61043695,George Sand
http://www_wikidata_org/entity/Q61044679,Yakov
http://www_wikidata_org/entity/Q610528,Atze Schröder
http://www_wikidata_org/entity/Q6105861,J_ H_ Brodie
http://www_wikidata_org/entity/Q61068536,Clare Anne Abshire
http://www_wikidata_org/entity/Q61072581,Q61072581
http://www_wikidata_org/entity/Q6107327,King Goobot
http://www_wikidata_org/entity/Q6111976,Roni
http://www_wikidata_org/entity/Q611295,Evil Queen
http://www_wikidata_org/entity/Q6115085,Jack Shaftoe
http://www_wikidata_org/entity/Q6115729,Jack West Jr
http://www_wikidata_org/entity/Q6115940,Jack and Holly
http://www_wikidata_org/entity/Q6115981,Rôg
http://www_wikidata_org/entity/Q611963,Zeratul
http://www_wikidata_org/entity/Q6122433,Schneemann
http://www_wikidata_org/entity/Q6123430,Jiao Ting
http://www_wikidata_org/entity/Q6124291,Selendis
http://www_wikidata_org/entity/Q6125543,Q6125543
http://www_wikidata_org/entity/Q6126959,Q6126959
http://www_wikidata_org/entity/Q61283867,Q61283867
http://www_wikidata_org/entity/Q61283888,Q61283888
http://www_wikidata_org/entity/Q6128436,Silvanus Kettleburn
http://www_wikidata_org/entity/Q6132087,Yue Lingshan
http://www_wikidata_org/entity/Q613241,Kirby
http://www_wikidata_org/entity/Q613245,Lauren Branning
http://www_wikidata_org/entity/Q6133527,Mr_ Granger
http://www_wikidata_org/entity/Q6134288,Lin Pingzhi
http://www_wikidata_org/entity/Q6135375,Y'golonac
http://www_wikidata_org/entity/Q6136284,Susan Bones
http://www_wikidata_org/entity/Q6142240,Gorkon
http://www_wikidata_org/entity/Q614330,Holly Harper
http://www_wikidata_org/entity/Q61436536,Aris
http://www_wikidata_org/entity/Q61436910,Zoi
http://www_wikidata_org/entity/Q61437425,Helen
http://www_wikidata_org/entity/Q61438109,Danny
http://www_wikidata_org/entity/Q61438323,Liam
http://www_wikidata_org/entity/Q61442385,Cora
http://www_wikidata_org/entity/Q61442405,Mikey
http://www_wikidata_org/entity/Q61442407,Dr_ Cloughasy
http://www_wikidata_org/entity/Q6147312,Ithaqua
http://www_wikidata_org/entity/Q615226,Uatu
http://www_wikidata_org/entity/Q6159398,Jaques
http://www_wikidata_org/entity/Q6160294,The Great Deku Tree
http://www_wikidata_org/entity/Q61607370,Gria
http://www_wikidata_org/entity/Q61607406,Mimis
http://www_wikidata_org/entity/Q61607426,Sofia
http://www_wikidata_org/entity/Q61607496,Kimon
http://www_wikidata_org/entity/Q61607523,Photographer
http://www_wikidata_org/entity/Q61607564,Elisavet
http://www_wikidata_org/entity/Q61635995,Gratiano
http://www_wikidata_org/entity/Q61636041,Lodovico
http://www_wikidata_org/entity/Q61636065,Montano
http://www_wikidata_org/entity/Q61641775,Argyris
http://www_wikidata_org/entity/Q61641794,Third man
http://www_wikidata_org/entity/Q61641817,First man
http://www_wikidata_org/entity/Q61641841,Second man
http://www_wikidata_org/entity/Q616454,SpaceGodzilla
http://www_wikidata_org/entity/Q616658,Mr_ Incredible
http://www_wikidata_org/entity/Q61667882,Q61667882
http://www_wikidata_org/entity/Q61671705,Butler
http://www_wikidata_org/entity/Q61671876,Toby
http://www_wikidata_org/entity/Q61671888,Son of Il
http://www_wikidata_org/entity/Q61674999,Doctor
http://www_wikidata_org/entity/Q61675396,Citizen I
http://www_wikidata_org/entity/Q61675617,Citizen II
http://www_wikidata_org/entity/Q61675713,Citizen III
http://www_wikidata_org/entity/Q61675885,First woman
http://www_wikidata_org/entity/Q61676156,Q61676156
http://www_wikidata_org/entity/Q61676245,Q61676245
http://www_wikidata_org/entity/Q61676429,Reporter II
http://www_wikidata_org/entity/Q61676531,Q61676531
http://www_wikidata_org/entity/Q6170180,Yoggl
http://www_wikidata_org/entity/Q6170194,Q6170194
http://www_wikidata_org/entity/Q61709249,Luise
http://www_wikidata_org/entity/Q61709297,Citizen IV
http://www_wikidata_org/entity/Q61709398,Cameraman
http://www_wikidata_org/entity/Q61709440,Husband VIII
http://www_wikidata_org/entity/Q61709469,Husband IX
http://www_wikidata_org/entity/Q61709686,daughter of Il
http://www_wikidata_org/entity/Q61709769,Painter
http://www_wikidata_org/entity/Q61709888,Second woman
http://www_wikidata_org/entity/Q61709948,Q61709948
http://www_wikidata_org/entity/Q61710205,Sazed
http://www_wikidata_org/entity/Q6171290,Jean Passepartout
http://www_wikidata_org/entity/Q61712954,Hammond
http://www_wikidata_org/entity/Q61715519,Katurian
http://www_wikidata_org/entity/Q61715530,Tupolski
http://www_wikidata_org/entity/Q61715554,Michal
http://www_wikidata_org/entity/Q61715579,Ariel
http://www_wikidata_org/entity/Q61716184,Maria
http://www_wikidata_org/entity/Q6171868,Zsinj
http://www_wikidata_org/entity/Q61719684,Hans
http://www_wikidata_org/entity/Q61719764,Sofia
http://www_wikidata_org/entity/Q61719869,Ivan
http://www_wikidata_org/entity/Q61719927,Maria
http://www_wikidata_org/entity/Q61720053,Q61720053
http://www_wikidata_org/entity/Q61720175,Agis
http://www_wikidata_org/entity/Q61720290,Tzino
http://www_wikidata_org/entity/Q61720341,Elsa
http://www_wikidata_org/entity/Q61721011,Nikos
http://www_wikidata_org/entity/Q61721723,Marsh
http://www_wikidata_org/entity/Q61731586,brexit monster
http://www_wikidata_org/entity/Q61750323,Benjamin Bunny
http://www_wikidata_org/entity/Q61750335,Mr_ Jeremy Fisher
http://www_wikidata_org/entity/Q617685,Anthony Stracci
http://www_wikidata_org/entity/Q6179119,Jenny
http://www_wikidata_org/entity/Q61819348,Barney
http://www_wikidata_org/entity/Q61819349,Baby Bop
http://www_wikidata_org/entity/Q61819350,Riff
http://www_wikidata_org/entity/Q61819351,B_J_
http://www_wikidata_org/entity/Q6190310,Jezebelle
http://www_wikidata_org/entity/Q61933398,Little Girl
http://www_wikidata_org/entity/Q61933400,Mr_ Enfield
http://www_wikidata_org/entity/Q6194149,Jim Chee
http://www_wikidata_org/entity/Q61982935,Irisviel von Einzbern
http://www_wikidata_org/entity/Q62008066,Denna
http://www_wikidata_org/entity/Q620253,William Adama
http://www_wikidata_org/entity/Q62031830,Hester Eastman
http://www_wikidata_org/entity/Q6205794,Joanna Clore
http://www_wikidata_org/entity/Q62090298,John Frick
http://www_wikidata_org/entity/Q62090310,Karen Frick
http://www_wikidata_org/entity/Q62090316,Leroy Hamilton
http://www_wikidata_org/entity/Q62090317,Patricia Hamilton
http://www_wikidata_org/entity/Q621358,Lee Adama
http://www_wikidata_org/entity/Q621413,Yog-Sothoth
http://www_wikidata_org/entity/Q622143,Edmond Wells
http://www_wikidata_org/entity/Q62273026,Q62273026
http://www_wikidata_org/entity/Q62273678,Q62273678
http://www_wikidata_org/entity/Q62274298,Q62274298
http://www_wikidata_org/entity/Q62391616,Ichabod Specter
http://www_wikidata_org/entity/Q6244140,John Law
http://www_wikidata_org/entity/Q6254425,John Redcorn
http://www_wikidata_org/entity/Q625731,Deanna Troi
http://www_wikidata_org/entity/Q62578963,Steve's mom
http://www_wikidata_org/entity/Q62593789,Olga
http://www_wikidata_org/entity/Q62593790,Vasiliki
http://www_wikidata_org/entity/Q62593791,Geros
http://www_wikidata_org/entity/Q62593792,Gynaika
http://www_wikidata_org/entity/Q62593793,Michalis
http://www_wikidata_org/entity/Q62593795,Makis
http://www_wikidata_org/entity/Q62593796,Giorgos
http://www_wikidata_org/entity/Q62593798,Anna
http://www_wikidata_org/entity/Q62593799,Eirini
http://www_wikidata_org/entity/Q62593801,Sonia
http://www_wikidata_org/entity/Q62593803,Antzelo
http://www_wikidata_org/entity/Q62593804,Nikos
http://www_wikidata_org/entity/Q62593805,Eleni
http://www_wikidata_org/entity/Q62593806,Dimitra
http://www_wikidata_org/entity/Q62593807,Myrto
http://www_wikidata_org/entity/Q62593808,Agis
http://www_wikidata_org/entity/Q62593810,Korina
http://www_wikidata_org/entity/Q62593811,Kosmas
http://www_wikidata_org/entity/Q62593813,Tasos
http://www_wikidata_org/entity/Q62593814,Stelios
http://www_wikidata_org/entity/Q62593815,Michalis
http://www_wikidata_org/entity/Q62593816,Fani
http://www_wikidata_org/entity/Q62593817,Giannoukos
http://www_wikidata_org/entity/Q62593818,Katia
http://www_wikidata_org/entity/Q62593819,Marika
http://www_wikidata_org/entity/Q62593821,Ilias
http://www_wikidata_org/entity/Q62593822,Archontia
http://www_wikidata_org/entity/Q62593826,Roza
http://www_wikidata_org/entity/Q62593827,Erganis
http://www_wikidata_org/entity/Q62593828,Antigoni
http://www_wikidata_org/entity/Q62593830,Amforeas
http://www_wikidata_org/entity/Q62593831,Mourgos
http://www_wikidata_org/entity/Q62593841,Mairi
http://www_wikidata_org/entity/Q62593848,Kazanovas
http://www_wikidata_org/entity/Q62593853,Giagkos
http://www_wikidata_org/entity/Q62630053,Rex Brandon
http://www_wikidata_org/entity/Q626393,Arash
http://www_wikidata_org/entity/Q626939,Jack Frost
http://www_wikidata_org/entity/Q62707823,Lilith
http://www_wikidata_org/entity/Q627820,Reginald Barclay
http://www_wikidata_org/entity/Q628248,Varg Veum
http://www_wikidata_org/entity/Q628608,Uncle Sam
http://www_wikidata_org/entity/Q6301946,Jubjub bird
http://www_wikidata_org/entity/Q6302437,Judex
http://www_wikidata_org/entity/Q63049228,Anora Mac Tir
http://www_wikidata_org/entity/Q630823,Sancho Panza
http://www_wikidata_org/entity/Q6308910,Juliet Shaw
http://www_wikidata_org/entity/Q63115870,Doge of Venice
http://www_wikidata_org/entity/Q63116731,Aline Solness
http://www_wikidata_org/entity/Q63116732,Halvard Solness
http://www_wikidata_org/entity/Q63116733,Doctor Herdal
http://www_wikidata_org/entity/Q63116734,Knut Brovik
http://www_wikidata_org/entity/Q63116735,Ragnar Brovik
http://www_wikidata_org/entity/Q63116737,Kaia Fosli
http://www_wikidata_org/entity/Q63116738,Carl Salter
http://www_wikidata_org/entity/Q63116739,Greta or Mop
http://www_wikidata_org/entity/Q63116740,The stranger
http://www_wikidata_org/entity/Q63116745,Boffi
http://www_wikidata_org/entity/Q63116746,Lena Cucchi
http://www_wikidata_org/entity/Q63116747,Salestio Nobili
http://www_wikidata_org/entity/Q63116748,Bruno Pieri
http://www_wikidata_org/entity/Q63116749,Ines Masperi
http://www_wikidata_org/entity/Q63116751,Silvio Masperi
http://www_wikidata_org/entity/Q63116752,The madwoman
http://www_wikidata_org/entity/Q63116753,Doctor Hinkfuss / director
http://www_wikidata_org/entity/Q63116754,Rico Verri
http://www_wikidata_org/entity/Q63116756,Signor Palmiro
http://www_wikidata_org/entity/Q63116757,Signora Ignazia
http://www_wikidata_org/entity/Q63116758,Mommina
http://www_wikidata_org/entity/Q63116759,Q63116759
http://www_wikidata_org/entity/Q63116760,Q63116760
http://www_wikidata_org/entity/Q63116761,Q63116761
http://www_wikidata_org/entity/Q63116762,Q63116762
http://www_wikidata_org/entity/Q63116763,Q63116763
http://www_wikidata_org/entity/Q63116764,Q63116764
http://www_wikidata_org/entity/Q63116770,Q63116770
http://www_wikidata_org/entity/Q63116771,Q63116771
http://www_wikidata_org/entity/Q63116772,Q63116772
http://www_wikidata_org/entity/Q63116773,Q63116773
http://www_wikidata_org/entity/Q63116774,Jenny
http://www_wikidata_org/entity/Q63116775,Old Woman
http://www_wikidata_org/entity/Q63116776,Allan
http://www_wikidata_org/entity/Q63116777,Judith
http://www_wikidata_org/entity/Q63116778,Lieutenant
http://www_wikidata_org/entity/Q63116782,Hedda Tesman
http://www_wikidata_org/entity/Q63116784,George Tesman
http://www_wikidata_org/entity/Q63116785,Juliana Tesman
http://www_wikidata_org/entity/Q63116787,Thea Elvsted
http://www_wikidata_org/entity/Q63116788,Judge Brack
http://www_wikidata_org/entity/Q63116790,Eilert Lövborg
http://www_wikidata_org/entity/Q63116791,Bertha
http://www_wikidata_org/entity/Q63116792,Captain Adolph
http://www_wikidata_org/entity/Q63116793,Laura
http://www_wikidata_org/entity/Q63116795,Bertha
http://www_wikidata_org/entity/Q63116796,Nöjd
http://www_wikidata_org/entity/Q63116797,Margaret
http://www_wikidata_org/entity/Q63116798,Doctor Östermark
http://www_wikidata_org/entity/Q63116799,The Pastor
http://www_wikidata_org/entity/Q63116801,Svaird
http://www_wikidata_org/entity/Q6312248,June Cleaver
http://www_wikidata_org/entity/Q63143634,Earl of Kent
http://www_wikidata_org/entity/Q63143636,O'Kelly
http://www_wikidata_org/entity/Q63143637,Count Bellievre
http://www_wikidata_org/entity/Q63143638,Drue Drury
http://www_wikidata_org/entity/Q63143639,Andrew Melvil
http://www_wikidata_org/entity/Q63143640,Burgoyne
http://www_wikidata_org/entity/Q63143641,Margaret Curl
http://www_wikidata_org/entity/Q63143642,Bridegroom's Mother
http://www_wikidata_org/entity/Q63143643,Bridegroom
http://www_wikidata_org/entity/Q63143648,Bride
http://www_wikidata_org/entity/Q63143652,Leonardo
http://www_wikidata_org/entity/Q63143653,Death
http://www_wikidata_org/entity/Q63143654,Moon
http://www_wikidata_org/entity/Q63143655,Maid
http://www_wikidata_org/entity/Q63143656,Bride's Father
http://www_wikidata_org/entity/Q63143657,Leonardo's Wife
http://www_wikidata_org/entity/Q63143658,Leonardo's Mother-in-law
http://www_wikidata_org/entity/Q63143659,Woodcutter I
http://www_wikidata_org/entity/Q63143663,Woodcutter II
http://www_wikidata_org/entity/Q63143664,Woodcutter III
http://www_wikidata_org/entity/Q63143665,Young Man I
http://www_wikidata_org/entity/Q63143668,Young Man II
http://www_wikidata_org/entity/Q63143669,Little Girl
http://www_wikidata_org/entity/Q63143670,Girl I
http://www_wikidata_org/entity/Q63143671,Girl II
http://www_wikidata_org/entity/Q63143673,Girl III
http://www_wikidata_org/entity/Q63143674,Neighbour
http://www_wikidata_org/entity/Q63143676,Μ_ Roi
http://www_wikidata_org/entity/Q63143677,Paysage
http://www_wikidata_org/entity/Q63143679,Anne Marie
http://www_wikidata_org/entity/Q63143680,Agreable
http://www_wikidata_org/entity/Q63143681,Jοsty
http://www_wikidata_org/entity/Q63143683,Fram
http://www_wikidata_org/entity/Q63143684,Feroe
http://www_wikidata_org/entity/Q63143686,Dile
http://www_wikidata_org/entity/Q63143687,Joe Keller
http://www_wikidata_org/entity/Q63143689,Kate Keller
http://www_wikidata_org/entity/Q63143691,Chris Keller
http://www_wikidata_org/entity/Q63143692,Ann Deever
http://www_wikidata_org/entity/Q63143693,George Deever
http://www_wikidata_org/entity/Q63143695,Dr_ Jim Bayliss
http://www_wikidata_org/entity/Q63143696,Sue Bayliss
http://www_wikidata_org/entity/Q63143697,Frank Lubey
http://www_wikidata_org/entity/Q63143699,Lydia Lubey
http://www_wikidata_org/entity/Q63143700,Bert
http://www_wikidata_org/entity/Q63143703,Juno Boyle
http://www_wikidata_org/entity/Q63143704,Captain Jack Boyle
http://www_wikidata_org/entity/Q63143705,"""Joxer"" Daly"
http://www_wikidata_org/entity/Q63143706,Mary Boyle
http://www_wikidata_org/entity/Q63143707,Johnny Boyle
http://www_wikidata_org/entity/Q63143709,Maisie Madigan
http://www_wikidata_org/entity/Q63143711,Charles Bentham
http://www_wikidata_org/entity/Q63143712,Jerry Devine
http://www_wikidata_org/entity/Q63143713,Mrs Tancred
http://www_wikidata_org/entity/Q63143715,"""Needle"" Nugent"
http://www_wikidata_org/entity/Q63143716,Neighbour
http://www_wikidata_org/entity/Q63143717,Mesa
http://www_wikidata_org/entity/Q63143718,Amalric
http://www_wikidata_org/entity/Q63143719,De Ciz
http://www_wikidata_org/entity/Q63143721,Ysé
http://www_wikidata_org/entity/Q63143722,Antonis
http://www_wikidata_org/entity/Q63143723,Froso
http://www_wikidata_org/entity/Q63143724,Toula
http://www_wikidata_org/entity/Q63143726,Kyra Katina
http://www_wikidata_org/entity/Q63143728,Eva
http://www_wikidata_org/entity/Q63143729,Giagkos
http://www_wikidata_org/entity/Q63143731,Theios
http://www_wikidata_org/entity/Q63143732,Giavrousis
http://www_wikidata_org/entity/Q63143734,Oberon
http://www_wikidata_org/entity/Q63143736,George
http://www_wikidata_org/entity/Q63143737,Titania
http://www_wikidata_org/entity/Q63143738,Q63143738
http://www_wikidata_org/entity/Q63143740,Q63143740
http://www_wikidata_org/entity/Q63143741,Helma
http://www_wikidata_org/entity/Q63143742,girl I
http://www_wikidata_org/entity/Q63143743,boy I
http://www_wikidata_org/entity/Q63143745,Father
http://www_wikidata_org/entity/Q63143748,Mother
http://www_wikidata_org/entity/Q63143749,Stepdaughter
http://www_wikidata_org/entity/Q63143750,Son
http://www_wikidata_org/entity/Q63143752,Boy
http://www_wikidata_org/entity/Q63143754,Madame Pace
http://www_wikidata_org/entity/Q63143755,Leading Man
http://www_wikidata_org/entity/Q63143756,Leading Lady
http://www_wikidata_org/entity/Q63143757,L'ingenue
http://www_wikidata_org/entity/Q63143758,Juvenile Lead
http://www_wikidata_org/entity/Q63143759,Property man
http://www_wikidata_org/entity/Q63143760,scene shifter
http://www_wikidata_org/entity/Q63143761,Q63143761
http://www_wikidata_org/entity/Q63143762,Q63143762
http://www_wikidata_org/entity/Q63143765,Prompter
http://www_wikidata_org/entity/Q63143766,Second Lady
http://www_wikidata_org/entity/Q63143767,Door keeper
http://www_wikidata_org/entity/Q63143768,Mother Courage
http://www_wikidata_org/entity/Q63143770,Kattrin
http://www_wikidata_org/entity/Q63143771,Eilif
http://www_wikidata_org/entity/Q63143772,Schweizerkas
http://www_wikidata_org/entity/Q63143773,Recruiting Officer
http://www_wikidata_org/entity/Q63143774,Sergeant
http://www_wikidata_org/entity/Q63143776,Cook
http://www_wikidata_org/entity/Q63143777,Swedish Commander
http://www_wikidata_org/entity/Q63143778,Chaplain
http://www_wikidata_org/entity/Q63143779,Yvette Pottier
http://www_wikidata_org/entity/Q63143780,Man with the Bandage
http://www_wikidata_org/entity/Q63143781,Another Sergeant
http://www_wikidata_org/entity/Q63143782,Old Colonel
http://www_wikidata_org/entity/Q63143783,Clerk
http://www_wikidata_org/entity/Q63143784,Young Soldier
http://www_wikidata_org/entity/Q63143787,Older Soldier
http://www_wikidata_org/entity/Q63143788,Peasant
http://www_wikidata_org/entity/Q63143789,Peasant Woman
http://www_wikidata_org/entity/Q63143790,Young Man
http://www_wikidata_org/entity/Q63143791,Old Woman
http://www_wikidata_org/entity/Q63143793,Another Peasant
http://www_wikidata_org/entity/Q63143794,Another Peasant Woman
http://www_wikidata_org/entity/Q63143795,Lieutenant
http://www_wikidata_org/entity/Q63147952,Irregular
http://www_wikidata_org/entity/Q63148083,Irregular II
http://www_wikidata_org/entity/Q63152990,Q63152990
http://www_wikidata_org/entity/Q6316591,Elektra King
http://www_wikidata_org/entity/Q63166666,Kapelas
http://www_wikidata_org/entity/Q63166689,A Civil Servant
http://www_wikidata_org/entity/Q63168655,Titania's fable-son
http://www_wikidata_org/entity/Q63168676,Young Waiter
http://www_wikidata_org/entity/Q63168708,Death
http://www_wikidata_org/entity/Q63168734,boy II
http://www_wikidata_org/entity/Q63168755,boy III
http://www_wikidata_org/entity/Q63168774,girl II
http://www_wikidata_org/entity/Q63168796,Wolf
http://www_wikidata_org/entity/Q63168811,Cyprian
http://www_wikidata_org/entity/Q63168830,Black boy
http://www_wikidata_org/entity/Q63168982,Helen
http://www_wikidata_org/entity/Q63169427,Director
http://www_wikidata_org/entity/Q63169440,little girl
http://www_wikidata_org/entity/Q63197713,Ernie
http://www_wikidata_org/entity/Q63197749,Bernie
http://www_wikidata_org/entity/Q6320705,Robin the Frog
http://www_wikidata_org/entity/Q6320916,Nikabrik
http://www_wikidata_org/entity/Q63214649,Dr_ JK
http://www_wikidata_org/entity/Q63226087,Shevek
http://www_wikidata_org/entity/Q63240589,Agent Axis (DC Comics)
http://www_wikidata_org/entity/Q6324219,Anardil
http://www_wikidata_org/entity/Q63381107,Β
http://www_wikidata_org/entity/Q63381167,C
http://www_wikidata_org/entity/Q63381177,the boy
http://www_wikidata_org/entity/Q63413741,Peanuts-kun
http://www_wikidata_org/entity/Q634195,onryō
http://www_wikidata_org/entity/Q63437486,Marugori
http://www_wikidata_org/entity/Q63440613,Psycho
http://www_wikidata_org/entity/Q6344471,Kabumpo
http://www_wikidata_org/entity/Q63484484,Alkonost
http://www_wikidata_org/entity/Q63484485,Sirin
http://www_wikidata_org/entity/Q63484880,Frog child
http://www_wikidata_org/entity/Q63484884,Jay
http://www_wikidata_org/entity/Q63484897,Woodpecker
http://www_wikidata_org/entity/Q6349117,Kakababu
http://www_wikidata_org/entity/Q63492312,Argan
http://www_wikidata_org/entity/Q63492315,Béline
http://www_wikidata_org/entity/Q63492316,Angélique
http://www_wikidata_org/entity/Q63492318,Louison
http://www_wikidata_org/entity/Q63492320,Béralde
http://www_wikidata_org/entity/Q63492322,Cléante
http://www_wikidata_org/entity/Q63492323,Mr_ Diafoirus
http://www_wikidata_org/entity/Q63492326,Mr_ Purgon
http://www_wikidata_org/entity/Q63492327,Mr_ Fleurant
http://www_wikidata_org/entity/Q63492338,Mr_ de Bonnefoi
http://www_wikidata_org/entity/Q63492340,Toinette
http://www_wikidata_org/entity/Q63492341,Arnolphe
http://www_wikidata_org/entity/Q63492344,Agnès
http://www_wikidata_org/entity/Q63492345,Horace
http://www_wikidata_org/entity/Q63492347,Alain
http://www_wikidata_org/entity/Q63492348,Georgette
http://www_wikidata_org/entity/Q63492350,Chrysalde
http://www_wikidata_org/entity/Q63492351,Enrique
http://www_wikidata_org/entity/Q63492362,Oronte
http://www_wikidata_org/entity/Q63492364,A notary
http://www_wikidata_org/entity/Q63492366,Tartuffe
http://www_wikidata_org/entity/Q63492368,Orgon
http://www_wikidata_org/entity/Q63492369,Valère
http://www_wikidata_org/entity/Q63492371,Madame Pernelle
http://www_wikidata_org/entity/Q63492373,Elmire
http://www_wikidata_org/entity/Q63492374,Dorine
http://www_wikidata_org/entity/Q63492377,Cléante
http://www_wikidata_org/entity/Q63492388,Mariane
http://www_wikidata_org/entity/Q63492390,Laurent
http://www_wikidata_org/entity/Q63492392,Argas
http://www_wikidata_org/entity/Q63492394,Flipote
http://www_wikidata_org/entity/Q63492395,Monsieur Loyal
http://www_wikidata_org/entity/Q63492398,A King's Officer/The Exempt
http://www_wikidata_org/entity/Q63492399,Music Master
http://www_wikidata_org/entity/Q63492401,Dancing Master
http://www_wikidata_org/entity/Q63492403,Monsieur Jourdain
http://www_wikidata_org/entity/Q63492412,Fencing Master
http://www_wikidata_org/entity/Q63492413,Master of Philosophy
http://www_wikidata_org/entity/Q63492416,Tailor
http://www_wikidata_org/entity/Q63492418,Tailor's apprentice
http://www_wikidata_org/entity/Q63492420,Nicole
http://www_wikidata_org/entity/Q63492422,Madame Jourdain
http://www_wikidata_org/entity/Q63492423,Count Dorante
http://www_wikidata_org/entity/Q63492426,Cléonte
http://www_wikidata_org/entity/Q63492427,Covielle
http://www_wikidata_org/entity/Q63492438,Lucile
http://www_wikidata_org/entity/Q63492440,Marchioness Dorimène
http://www_wikidata_org/entity/Q63493543,Damis
http://www_wikidata_org/entity/Q63495504,Nico
http://www_wikidata_org/entity/Q63495603,Pedro
http://www_wikidata_org/entity/Q634983,Miranda
http://www_wikidata_org/entity/Q635121,Plo Koon
http://www_wikidata_org/entity/Q6356640,Kamelion
http://www_wikidata_org/entity/Q6356693,Kamen Rider Amazon
http://www_wikidata_org/entity/Q6356711,Kamen Rider Dark Kabuto
http://www_wikidata_org/entity/Q6356745,Kamen Rider KickHopper
http://www_wikidata_org/entity/Q6356749,Kamen Rider Meteor
http://www_wikidata_org/entity/Q6356753,Kamen Rider New Den-O
http://www_wikidata_org/entity/Q6356763,Kamen Rider Saga
http://www_wikidata_org/entity/Q6356768,Kamen Rider Stronger
http://www_wikidata_org/entity/Q6356784,Kamen Rider X
http://www_wikidata_org/entity/Q6356786,Kamen Rider Zanki
http://www_wikidata_org/entity/Q6356788,Kamen Rider Zeronos
http://www_wikidata_org/entity/Q63581338,Cal Kestis
http://www_wikidata_org/entity/Q636142,Kunta Kinte
http://www_wikidata_org/entity/Q63614741,The Voice of a Falcon
http://www_wikidata_org/entity/Q63644136,Chloe Decker
http://www_wikidata_org/entity/Q63649991,Håkon Werle
http://www_wikidata_org/entity/Q63649994,Gregers Werle
http://www_wikidata_org/entity/Q63649995,Old Ekdal
http://www_wikidata_org/entity/Q63649997,Hjalmar Ekdal
http://www_wikidata_org/entity/Q63649999,Gina Ekdal
http://www_wikidata_org/entity/Q63650003,Mrs_ Sørby
http://www_wikidata_org/entity/Q63650005,Doctor Relling
http://www_wikidata_org/entity/Q63650007,Molvik
http://www_wikidata_org/entity/Q63650014,Pettersen
http://www_wikidata_org/entity/Q63650015,Jensen
http://www_wikidata_org/entity/Q63650017,Mr_ Balle
http://www_wikidata_org/entity/Q63650019,Mr_ Flor
http://www_wikidata_org/entity/Q63650021,Voula
http://www_wikidata_org/entity/Q63650023,Giannis
http://www_wikidata_org/entity/Q63650024,Maria
http://www_wikidata_org/entity/Q63650026,Iordanis
http://www_wikidata_org/entity/Q63650027,Anneto
http://www_wikidata_org/entity/Q63650032,Asta
http://www_wikidata_org/entity/Q63650035,Ntora
http://www_wikidata_org/entity/Q63650037,Bampis
http://www_wikidata_org/entity/Q63650039,Stratos
http://www_wikidata_org/entity/Q63650041,Olga
http://www_wikidata_org/entity/Q63650043,Stelios
http://www_wikidata_org/entity/Q63650044,Andras
http://www_wikidata_org/entity/Q63650046,A' michanikos
http://www_wikidata_org/entity/Q63650047,Β' michanikos
http://www_wikidata_org/entity/Q63650053,Tachydromos
http://www_wikidata_org/entity/Q63650055,Astyfylakas
http://www_wikidata_org/entity/Q63650057,Yerma
http://www_wikidata_org/entity/Q63650059,Juan
http://www_wikidata_org/entity/Q63650060,The Fiddler
http://www_wikidata_org/entity/Q63650061,Victor
http://www_wikidata_org/entity/Q63650064,Maria
http://www_wikidata_org/entity/Q63650065,Dolores
http://www_wikidata_org/entity/Q63650067,Sister-in-law I
http://www_wikidata_org/entity/Q63650069,Sister-in-law II
http://www_wikidata_org/entity/Q63650075,Pagan Old Woman
http://www_wikidata_org/entity/Q63650077,Male
http://www_wikidata_org/entity/Q63650079,Female
http://www_wikidata_org/entity/Q63650081,Boy
http://www_wikidata_org/entity/Q63650083,Shepherd
http://www_wikidata_org/entity/Q63650085,Child
http://www_wikidata_org/entity/Q63650087,Washerwoman I
http://www_wikidata_org/entity/Q63650089,Washerwoman II
http://www_wikidata_org/entity/Q63650091,Washerwoman III
http://www_wikidata_org/entity/Q63650095,Washerwoman IV
http://www_wikidata_org/entity/Q63650098,Washerwoman V
http://www_wikidata_org/entity/Q63650108,Washerwoman VI
http://www_wikidata_org/entity/Q63650112,Girl I
http://www_wikidata_org/entity/Q63650114,Girl II
http://www_wikidata_org/entity/Q63650115,Woman I
http://www_wikidata_org/entity/Q63650117,Woman II
http://www_wikidata_org/entity/Q63650119,Old Woman I
http://www_wikidata_org/entity/Q63650120,Old Woman II
http://www_wikidata_org/entity/Q63650123,Man I
http://www_wikidata_org/entity/Q63650125,Man II
http://www_wikidata_org/entity/Q63650131,Man III
http://www_wikidata_org/entity/Q63650132,Doctor Thomas Stockmann
http://www_wikidata_org/entity/Q63650134,Peter Stockmann
http://www_wikidata_org/entity/Q63650153,Hovstad
http://www_wikidata_org/entity/Q63650154,Billing
http://www_wikidata_org/entity/Q63650156,Captain Horster
http://www_wikidata_org/entity/Q63650157,Aslaksen
http://www_wikidata_org/entity/Q63650160,Petra Stockmann
http://www_wikidata_org/entity/Q63650162,Ejlif Stockmann
http://www_wikidata_org/entity/Q63650164,Morten Stockmann
http://www_wikidata_org/entity/Q63650166,Morten Kiil
http://www_wikidata_org/entity/Q63650168,Ezra Mannon
http://www_wikidata_org/entity/Q63650171,Christine Mannon
http://www_wikidata_org/entity/Q63650176,Lavinia Mannon
http://www_wikidata_org/entity/Q63650178,Orin Mannon
http://www_wikidata_org/entity/Q63650179,Captain Adam Brant
http://www_wikidata_org/entity/Q63650181,Captain Peter Niles
http://www_wikidata_org/entity/Q63650184,Hazel Niles
http://www_wikidata_org/entity/Q63650185,Seth Beckwith
http://www_wikidata_org/entity/Q63650187,Eben
http://www_wikidata_org/entity/Q63650188,Simeon
http://www_wikidata_org/entity/Q63650191,Peter
http://www_wikidata_org/entity/Q63650207,Ephraim Cabot
http://www_wikidata_org/entity/Q63650210,Abbie Putnam
http://www_wikidata_org/entity/Q63650212,Girl I
http://www_wikidata_org/entity/Q63650213,Girl II
http://www_wikidata_org/entity/Q63650216,Farmer I
http://www_wikidata_org/entity/Q63650218,Farmer II
http://www_wikidata_org/entity/Q63650220,A Sheriff
http://www_wikidata_org/entity/Q63650222,Kontessa Valeraina
http://www_wikidata_org/entity/Q63650224,Konte Manolis
http://www_wikidata_org/entity/Q63650226,Kontessa Tasia
http://www_wikidata_org/entity/Q63650238,Tzortzis Papouzas
http://www_wikidata_org/entity/Q63650240,Orsola
http://www_wikidata_org/entity/Q63650242,Pavlakis
http://www_wikidata_org/entity/Q63650573,Mrs_ Katrine Stockmann
http://www_wikidata_org/entity/Q63659312,Washerwoman VII
http://www_wikidata_org/entity/Q63676837,Dan Espinoza
http://www_wikidata_org/entity/Q637202,Zaphod Beeblebrox
http://www_wikidata_org/entity/Q6373376,Karrin Murphy
http://www_wikidata_org/entity/Q6373543,Karthon the Quester
http://www_wikidata_org/entity/Q63736041,Agent Jones
http://www_wikidata_org/entity/Q63761182,Eddie Brock
http://www_wikidata_org/entity/Q63761189,Xabinaitor
http://www_wikidata_org/entity/Q63801325,"Walter ""Teach"" Cole"
http://www_wikidata_org/entity/Q63801332,Donny Dubrow
http://www_wikidata_org/entity/Q63801336,Bobby
http://www_wikidata_org/entity/Q6385536,Kelda
http://www_wikidata_org/entity/Q63870066,Queen of Hearts
http://www_wikidata_org/entity/Q63882131,Candide
http://www_wikidata_org/entity/Q63882135,Cunegonde
http://www_wikidata_org/entity/Q63882140,Cacambo
http://www_wikidata_org/entity/Q63882179,Simba
http://www_wikidata_org/entity/Q63882184,Sarabi
http://www_wikidata_org/entity/Q63882185,Nala
http://www_wikidata_org/entity/Q63882186,Rafiki
http://www_wikidata_org/entity/Q63882189,Pumbaa
http://www_wikidata_org/entity/Q63882190,Zazu
http://www_wikidata_org/entity/Q63882192,Banzai
http://www_wikidata_org/entity/Q63882193,Ed
http://www_wikidata_org/entity/Q63883966,Eugene Krabs
http://www_wikidata_org/entity/Q63887794,Lehman Engel
http://www_wikidata_org/entity/Q63888602,Anna
http://www_wikidata_org/entity/Q63888604,Elsa
http://www_wikidata_org/entity/Q63888605,Kristoff
http://www_wikidata_org/entity/Q63888607,Hans
http://www_wikidata_org/entity/Q63888610,Olaf
http://www_wikidata_org/entity/Q63888612,Pabbie
http://www_wikidata_org/entity/Q63888615,Weselton
http://www_wikidata_org/entity/Q63888617,Oaken
http://www_wikidata_org/entity/Q63888619,Sven
http://www_wikidata_org/entity/Q63888629,Queen Iduna
http://www_wikidata_org/entity/Q63888633,King Agnarr
http://www_wikidata_org/entity/Q63888635,Bulda
http://www_wikidata_org/entity/Q6391002,Kenny Chadway
http://www_wikidata_org/entity/Q63928429,Heinrich Faust
http://www_wikidata_org/entity/Q63928460,Mephistopheles
http://www_wikidata_org/entity/Q6394492,Kerry Chang
http://www_wikidata_org/entity/Q6395707,Cairne Bloodhoof
http://www_wikidata_org/entity/Q6395931,Kevin Burkhoff
http://www_wikidata_org/entity/Q63959465,Daedalus
http://www_wikidata_org/entity/Q63959487,Minos
http://www_wikidata_org/entity/Q63959495,Arachni
http://www_wikidata_org/entity/Q63961110,Dorothy the Dinosaur
http://www_wikidata_org/entity/Q63965133,Jan du Toit
http://www_wikidata_org/entity/Q63969165,Paul Malherbe
http://www_wikidata_org/entity/Q64019239,Charlotte Lucas
http://www_wikidata_org/entity/Q64019263,Mrs_ Younge
http://www_wikidata_org/entity/Q64022171,Kathy Kane
http://www_wikidata_org/entity/Q64023035,Lenara Kahn
http://www_wikidata_org/entity/Q64027362,Mr_ Dawson
http://www_wikidata_org/entity/Q6404551,Kid Supreme
http://www_wikidata_org/entity/Q640530,Gol-goroth
http://www_wikidata_org/entity/Q64141324,Teto
http://www_wikidata_org/entity/Q641424,Damon Salvatore
http://www_wikidata_org/entity/Q64145623,Rosencrantz
http://www_wikidata_org/entity/Q64145625,Guildenstern
http://www_wikidata_org/entity/Q64145627,Voltemand
http://www_wikidata_org/entity/Q64145629,Cornelius
http://www_wikidata_org/entity/Q64145631,Marcellus
http://www_wikidata_org/entity/Q64145633,Bernardo
http://www_wikidata_org/entity/Q64145634,Francisco
http://www_wikidata_org/entity/Q64145635,Reynaldo
http://www_wikidata_org/entity/Q64145638,First Player
http://www_wikidata_org/entity/Q64145639,Second Player
http://www_wikidata_org/entity/Q64145640,Third Player
http://www_wikidata_org/entity/Q64145642,Fourth Player
http://www_wikidata_org/entity/Q64145643,A Captain
http://www_wikidata_org/entity/Q64145644,Undertaker I
http://www_wikidata_org/entity/Q64145645,Undertaker II
http://www_wikidata_org/entity/Q64145646,Priest
http://www_wikidata_org/entity/Q64145647,Sailor I
http://www_wikidata_org/entity/Q64145653,Sailor II
http://www_wikidata_org/entity/Q64145659,Ross
http://www_wikidata_org/entity/Q64145662,Lennox
http://www_wikidata_org/entity/Q64145663,Angus
http://www_wikidata_org/entity/Q64145664,Menteith
http://www_wikidata_org/entity/Q64145665,Caithness
http://www_wikidata_org/entity/Q64145666,Seyton
http://www_wikidata_org/entity/Q64145668,Hecate
http://www_wikidata_org/entity/Q64145671,Captain
http://www_wikidata_org/entity/Q64145673,Murderer Ι
http://www_wikidata_org/entity/Q64145675,Murderer ΙΙ
http://www_wikidata_org/entity/Q64145677,Murderer ΙΙΙ
http://www_wikidata_org/entity/Q64145679,Porter
http://www_wikidata_org/entity/Q64145681,Doctor Ι
http://www_wikidata_org/entity/Q64145683,Doctor ΙI
http://www_wikidata_org/entity/Q64145684,Gentlewoman
http://www_wikidata_org/entity/Q64145685,Gratiano
http://www_wikidata_org/entity/Q64145686,Nerissa
http://www_wikidata_org/entity/Q64145687,Stephano
http://www_wikidata_org/entity/Q64145689,Tubal
http://www_wikidata_org/entity/Q64145690,Launcelot Gobbo
http://www_wikidata_org/entity/Q64145692,Old Gobbo
http://www_wikidata_org/entity/Q64145694,Leonardo
http://www_wikidata_org/entity/Q64145696,Duke of Venice
http://www_wikidata_org/entity/Q64145698,Prince of Morocco
http://www_wikidata_org/entity/Q64145703,Prince of Aragon
http://www_wikidata_org/entity/Q64145704,Salarino
http://www_wikidata_org/entity/Q64145705,Salanio
http://www_wikidata_org/entity/Q64145707,Balthazar
http://www_wikidata_org/entity/Q64149388,Prokopis Kolaouzos
http://www_wikidata_org/entity/Q64149466,Giannis
http://www_wikidata_org/entity/Q64149523,Riri
http://www_wikidata_org/entity/Q64149608,Pantelis
http://www_wikidata_org/entity/Q64149764,Thanasis
http://www_wikidata_org/entity/Q64149823,Panos
http://www_wikidata_org/entity/Q64149888,Vaggelis
http://www_wikidata_org/entity/Q64150082,Sailor
http://www_wikidata_org/entity/Q64151561,Lena Dervou
http://www_wikidata_org/entity/Q64151652,Alexandros Vranas
http://www_wikidata_org/entity/Q64151709,Aspasia Kalantzi
http://www_wikidata_org/entity/Q64151757,Ninon Kalantzi
http://www_wikidata_org/entity/Q64151799,General Stasinos
http://www_wikidata_org/entity/Q64151946,Angelos Karelis
http://www_wikidata_org/entity/Q64152288,Barber
http://www_wikidata_org/entity/Q64152312,Ntoroula
http://www_wikidata_org/entity/Q64152338,Tsalas
http://www_wikidata_org/entity/Q64152362,Mrs Kastali
http://www_wikidata_org/entity/Q64152389,Mrs Sgourou
http://www_wikidata_org/entity/Q64152399,Miss Sgourou
http://www_wikidata_org/entity/Q64152415,A Doctor
http://www_wikidata_org/entity/Q64152437,B Doctor
http://www_wikidata_org/entity/Q64152463,C Doctor
http://www_wikidata_org/entity/Q64152485,Μaid
http://www_wikidata_org/entity/Q64152510,Q64152510
http://www_wikidata_org/entity/Q64152575,Servant
http://www_wikidata_org/entity/Q6416001,Kirre
http://www_wikidata_org/entity/Q641682,Vindicator
http://www_wikidata_org/entity/Q6418761,Kivar
http://www_wikidata_org/entity/Q6432345,Korky the Cat
http://www_wikidata_org/entity/Q64349060,Harry Clifton
http://www_wikidata_org/entity/Q6436081,Krang
http://www_wikidata_org/entity/Q6439846,Kryten
http://www_wikidata_org/entity/Q64399745,Vlad the Drac
http://www_wikidata_org/entity/Q64410045,Mayor Wilberforce Cranklepot
http://www_wikidata_org/entity/Q644146,Q644146
http://www_wikidata_org/entity/Q6445100,Hrulgin
http://www_wikidata_org/entity/Q6447249,Kurtz
http://www_wikidata_org/entity/Q64487289,Grilka
http://www_wikidata_org/entity/Q64494845,Green Flu
http://www_wikidata_org/entity/Q64506833,Morrigan Lugus
http://www_wikidata_org/entity/Q6451058,Kyle Blueman
http://www_wikidata_org/entity/Q6451485,Kyle Valenti
http://www_wikidata_org/entity/Q64518359,maid
http://www_wikidata_org/entity/Q64518360,Prudencia
http://www_wikidata_org/entity/Q64518361,Beggar woman
http://www_wikidata_org/entity/Q64518362,Little girl
http://www_wikidata_org/entity/Q64518363,Girl
http://www_wikidata_org/entity/Q64518364,First woman
http://www_wikidata_org/entity/Q64518365,Second woman
http://www_wikidata_org/entity/Q64518366,Third woman
http://www_wikidata_org/entity/Q64518367,Fourth woman
http://www_wikidata_org/entity/Q64518370,Takis
http://www_wikidata_org/entity/Q64518371,Stamatina
http://www_wikidata_org/entity/Q64518372,Vangelis
http://www_wikidata_org/entity/Q64518374,Sofia
http://www_wikidata_org/entity/Q64518375,Mantalaina
http://www_wikidata_org/entity/Q64518376,Aliki
http://www_wikidata_org/entity/Q64518378,Fontas
http://www_wikidata_org/entity/Q64518379,Kolias
http://www_wikidata_org/entity/Q64518380,Kostas
http://www_wikidata_org/entity/Q64518383,Alekos
http://www_wikidata_org/entity/Q64518384,Vasilis
http://www_wikidata_org/entity/Q64518385,Tasos
http://www_wikidata_org/entity/Q64518386,Aleka
http://www_wikidata_org/entity/Q64518387,Ilektra
http://www_wikidata_org/entity/Q64518388,Foteini
http://www_wikidata_org/entity/Q64518389,Mitsos
http://www_wikidata_org/entity/Q64518390,Prokopis
http://www_wikidata_org/entity/Q64518391,Kostas
http://www_wikidata_org/entity/Q64518401,Maro
http://www_wikidata_org/entity/Q64532922,Klaang
http://www_wikidata_org/entity/Q64569547,Serafina Delle Rose
http://www_wikidata_org/entity/Q64569548,Alvaro Mangiacavallo
http://www_wikidata_org/entity/Q64569549,Man
http://www_wikidata_org/entity/Q64569550,The Strega
http://www_wikidata_org/entity/Q64569551,Father De Leo
http://www_wikidata_org/entity/Q64569552,Doctor
http://www_wikidata_org/entity/Q64569553,Teresa
http://www_wikidata_org/entity/Q64569554,Flora
http://www_wikidata_org/entity/Q64569555,Miss Yorke
http://www_wikidata_org/entity/Q64569556,Rosa Delle Rose
http://www_wikidata_org/entity/Q64569557,Peppina
http://www_wikidata_org/entity/Q64569558,Salvatore
http://www_wikidata_org/entity/Q64569560,Violetta
http://www_wikidata_org/entity/Q64569561,Vivi
http://www_wikidata_org/entity/Q64569562,Giuseppina
http://www_wikidata_org/entity/Q64569563,Mariella
http://www_wikidata_org/entity/Q64569564,Estelle Hohengarten
http://www_wikidata_org/entity/Q64569565,Bessie
http://www_wikidata_org/entity/Q64569566,Bruno
http://www_wikidata_org/entity/Q64569567,Assunta
http://www_wikidata_org/entity/Q64569568,Stage Manager
http://www_wikidata_org/entity/Q64569569,Mrs_ Myrtle Webb
http://www_wikidata_org/entity/Q64569570,Mr_ Charles Webb
http://www_wikidata_org/entity/Q64569571,Emily Webb
http://www_wikidata_org/entity/Q64569572,Joe Crowell Jr_
http://www_wikidata_org/entity/Q64569573,Mrs_ Julia Gibbs
http://www_wikidata_org/entity/Q64569574,Dr_ Frank Gibbs
http://www_wikidata_org/entity/Q64569575,Simon Stimson
http://www_wikidata_org/entity/Q64569576,Mrs_ Louella Soames
http://www_wikidata_org/entity/Q64569577,George Gibbs
http://www_wikidata_org/entity/Q64569578,Howie Newsome
http://www_wikidata_org/entity/Q64569579,Rebecca Gibbs
http://www_wikidata_org/entity/Q64569580,Wally Webb
http://www_wikidata_org/entity/Q64569581,Professor Willard
http://www_wikidata_org/entity/Q64569582,Woman in the Auditorium
http://www_wikidata_org/entity/Q64569583,Man in the Auditorium
http://www_wikidata_org/entity/Q64569584,Lady in the Box
http://www_wikidata_org/entity/Q64569585,Constable Warren
http://www_wikidata_org/entity/Q64569586,Si Crowell
http://www_wikidata_org/entity/Q64569587,Sam Craig
http://www_wikidata_org/entity/Q64569588,Joe Stoddard
http://www_wikidata_org/entity/Q64569589,Baseball Player I
http://www_wikidata_org/entity/Q64569590,Baseball Player II
http://www_wikidata_org/entity/Q64569592,Baseball Player III
http://www_wikidata_org/entity/Q64569593,Farmer McCarty
http://www_wikidata_org/entity/Q64569594,Dead Man
http://www_wikidata_org/entity/Q64569596,Dead Woman
http://www_wikidata_org/entity/Q64569597,Mr_ Carter
http://www_wikidata_org/entity/Q64569667,Salesman
http://www_wikidata_org/entity/Q64569668,Jack Hunter
http://www_wikidata_org/entity/Q6458947,Kludge
http://www_wikidata_org/entity/Q64615215,Beans
http://www_wikidata_org/entity/Q64616733,Snaggy
http://www_wikidata_org/entity/Q64620767,King Harkinian
http://www_wikidata_org/entity/Q6463179,La India María
http://www_wikidata_org/entity/Q646459,Doink the Clown
http://www_wikidata_org/entity/Q64658380,Carol Danvers
http://www_wikidata_org/entity/Q64658410,Batman
http://www_wikidata_org/entity/Q647236,Quinn Mallory
http://www_wikidata_org/entity/Q64729886,God
http://www_wikidata_org/entity/Q64737885,Dancer
http://www_wikidata_org/entity/Q64737892,Comet
http://www_wikidata_org/entity/Q64746542,Demetra
http://www_wikidata_org/entity/Q64785041,Ignacio de Loyola: sólo y a pie (biographical work)
http://www_wikidata_org/entity/Q6479408,GN-005 Gundam Virtue
http://www_wikidata_org/entity/Q64846584,Morshu
http://www_wikidata_org/entity/Q64846637,Gwonam
http://www_wikidata_org/entity/Q648642,Onufry Zagłoba
http://www_wikidata_org/entity/Q64877832,Kate the Cyber Woodpecker
http://www_wikidata_org/entity/Q64921705,Rosie
http://www_wikidata_org/entity/Q65016702,Korrd
http://www_wikidata_org/entity/Q65038208,Senketsu
http://www_wikidata_org/entity/Q65043332,Fader Bergström
http://www_wikidata_org/entity/Q65046085,Pan You'an
http://www_wikidata_org/entity/Q65050463,Chiitan
http://www_wikidata_org/entity/Q65054538,Q65054538
http://www_wikidata_org/entity/Q6516439,Folcred
http://www_wikidata_org/entity/Q65165633,Galathilion
http://www_wikidata_org/entity/Q6516809,Lóni
http://www_wikidata_org/entity/Q6516843,Q6516843
http://www_wikidata_org/entity/Q6520983,Lem Van Adams
http://www_wikidata_org/entity/Q652232,Ciacco
http://www_wikidata_org/entity/Q65234453,Kanagawa Kintarō
http://www_wikidata_org/entity/Q65236110,Mito-chan
http://www_wikidata_org/entity/Q6524875,Leon Sandcastle
http://www_wikidata_org/entity/Q65333329,Dooly
http://www_wikidata_org/entity/Q6534438,NZ-000 Queen Mansa
http://www_wikidata_org/entity/Q6538600,Li'l Jinx
http://www_wikidata_org/entity/Q6540044,Fistandantilus
http://www_wikidata_org/entity/Q65404146,Albert Boot
http://www_wikidata_org/entity/Q65404181,Archer Evermonde
http://www_wikidata_org/entity/Q65404218,Basil Flack
http://www_wikidata_org/entity/Q65404325,Dugald McPhail
http://www_wikidata_org/entity/Q65404337,Eldritch Diggory
http://www_wikidata_org/entity/Q65404368,Eugenia Jenkins
http://www_wikidata_org/entity/Q65404464,Harold Minchum
http://www_wikidata_org/entity/Q65404472,Hector Fawley
http://www_wikidata_org/entity/Q65404476,Hesphaestus Gore
http://www_wikidata_org/entity/Q65404480,Hortensia Milliphutt
http://www_wikidata_org/entity/Q65404483,Ignatius Tuft
http://www_wikidata_org/entity/Q65404520,Josephina Flint
http://www_wikidata_org/entity/Q65404545,Leonard Spencer-Moon
http://www_wikidata_org/entity/Q65404568,Lorcan McLaird
http://www_wikidata_org/entity/Q65404601,Maximilian Crowdy
http://www_wikidata_org/entity/Q65404660,Ottaline Gambol
http://www_wikidata_org/entity/Q65404692,Perseus Parkinson
http://www_wikidata_org/entity/Q65404719,Porteus Knatchbull
http://www_wikidata_org/entity/Q65404731,Priscilla Dupont
http://www_wikidata_org/entity/Q65404946,Ulick Gamp
http://www_wikidata_org/entity/Q65404948,Unctuous Osbert
http://www_wikidata_org/entity/Q65404959,Venusia Crickerly
http://www_wikidata_org/entity/Q65404968,Wilhelmina Tuft
http://www_wikidata_org/entity/Q6546286,Lightfoot
http://www_wikidata_org/entity/Q6550815,Lincoln Lee
http://www_wikidata_org/entity/Q6550,Donald Duck
http://www_wikidata_org/entity/Q65549595,Jan Klaassen
http://www_wikidata_org/entity/Q65561676,Q65561676
http://www_wikidata_org/entity/Q65620545,Jessie Navodny
http://www_wikidata_org/entity/Q656246,Sarah Rainmaker
http://www_wikidata_org/entity/Q65660823,Monokuma
http://www_wikidata_org/entity/Q65663126,Kyoko Kirigiri
http://www_wikidata_org/entity/Q6567,Godzilla
http://www_wikidata_org/entity/Q65683839,Q65683839
http://www_wikidata_org/entity/Q65683850,Q65683850
http://www_wikidata_org/entity/Q65683855,Jupiter
http://www_wikidata_org/entity/Q65683864,Q65683864
http://www_wikidata_org/entity/Q65683866,Q65683866
http://www_wikidata_org/entity/Q65684102,Q65684102
http://www_wikidata_org/entity/Q65684206,Q65684206
http://www_wikidata_org/entity/Q65684211,Q65684211
http://www_wikidata_org/entity/Q65684219,Q65684219
http://www_wikidata_org/entity/Q65684232,Q65684232
http://www_wikidata_org/entity/Q6579742,MA-08 Big Zam
http://www_wikidata_org/entity/Q658028,Ariel
http://www_wikidata_org/entity/Q65837239,Blake Belladonna
http://www_wikidata_org/entity/Q6586255,CB-0000G/C Reborns Gundam
http://www_wikidata_org/entity/Q65924065,9S
http://www_wikidata_org/entity/Q65929568,Kurse
http://www_wikidata_org/entity/Q65929641,Tyr
http://www_wikidata_org/entity/Q65929696,Korath
http://www_wikidata_org/entity/Q65929729,Malekith
http://www_wikidata_org/entity/Q65935811,Eitri
http://www_wikidata_org/entity/Q65935830,Ajak
http://www_wikidata_org/entity/Q65935858,Ikaris
http://www_wikidata_org/entity/Q65937785,Gilgamesh
http://www_wikidata_org/entity/Q65937794,Makkari
http://www_wikidata_org/entity/Q65937802,Phastos
http://www_wikidata_org/entity/Q65937810,Sprite
http://www_wikidata_org/entity/Q65937816,Thena
http://www_wikidata_org/entity/Q65937880,Bor
http://www_wikidata_org/entity/Q65937899,Eir
http://www_wikidata_org/entity/Q65938290,Kingo Sunen
http://www_wikidata_org/entity/Q6594826,Walburga Black
http://www_wikidata_org/entity/Q65962186,Pop Harper
http://www_wikidata_org/entity/Q65963693,Chief Temba
http://www_wikidata_org/entity/Q65963751,Magda Berg
http://www_wikidata_org/entity/Q65963803,Ella du Toit
http://www_wikidata_org/entity/Q65972792,Julien Ardant
http://www_wikidata_org/entity/Q66133355,Zylak
http://www_wikidata_org/entity/Q66133358,Bereet
http://www_wikidata_org/entity/Q66133393,Goose
http://www_wikidata_org/entity/Q66133428,Att-Lass
http://www_wikidata_org/entity/Q66133436,Yon-Rogg
http://www_wikidata_org/entity/Q66189072,Minn-Erva
http://www_wikidata_org/entity/Q66189190,Soh-Larr
http://www_wikidata_org/entity/Q66189316,Talos
http://www_wikidata_org/entity/Q66189422,Bron-Char
http://www_wikidata_org/entity/Q66189494,Soren
http://www_wikidata_org/entity/Q66189735,Norex
http://www_wikidata_org/entity/Q66189877,Mar-Vell
http://www_wikidata_org/entity/Q66196351,Garthan Saal
http://www_wikidata_org/entity/Q662139,Robert Kelly
http://www_wikidata_org/entity/Q662917,Joachim-Raphaël Boronali
http://www_wikidata_org/entity/Q66336518,K'mpec
http://www_wikidata_org/entity/Q6650911,Little Mermaid
http://www_wikidata_org/entity/Q6658840,Livia Beale
http://www_wikidata_org/entity/Q6665881,Lockwood
http://www_wikidata_org/entity/Q6668822,Lola Granola
http://www_wikidata_org/entity/Q6668,Pippi Longstocking
http://www_wikidata_org/entity/Q66744419,Abhijeet Roennigke
http://www_wikidata_org/entity/Q6679198,Lord Dundreary
http://www_wikidata_org/entity/Q6679455,Lord John Roxton
http://www_wikidata_org/entity/Q6679887,Lord Ramage
http://www_wikidata_org/entity/Q6685829,Lou and Andy
http://www_wikidata_org/entity/Q66903629,Light Hope
http://www_wikidata_org/entity/Q6697827,Lucky
http://www_wikidata_org/entity/Q66983754,Plucky Duck
http://www_wikidata_org/entity/Q67018195,Parson Adams
http://www_wikidata_org/entity/Q6710311,Lyta Milton
http://www_wikidata_org/entity/Q67151539,Alceste
http://www_wikidata_org/entity/Q67187056,Walker
http://www_wikidata_org/entity/Q67187094,Ned
http://www_wikidata_org/entity/Q67187122,Nan
http://www_wikidata_org/entity/Q67189888,Lina
http://www_wikidata_org/entity/Q67189891,Pip
http://www_wikidata_org/entity/Q67189902,Theo
http://www_wikidata_org/entity/Q67190663,Q67190663
http://www_wikidata_org/entity/Q67190694,Q67190694
http://www_wikidata_org/entity/Q67191383,Melanie Klein
http://www_wikidata_org/entity/Q67191536,Melitta
http://www_wikidata_org/entity/Q67191611,Paula
http://www_wikidata_org/entity/Q67193946,Pantelis
http://www_wikidata_org/entity/Q67194031,Theodora
http://www_wikidata_org/entity/Q67194098,Rina
http://www_wikidata_org/entity/Q67205611,Mommy
http://www_wikidata_org/entity/Q67205614,Varvara
http://www_wikidata_org/entity/Q67205616,Memas
http://www_wikidata_org/entity/Q67205618,Sotirakis
http://www_wikidata_org/entity/Q67205619,Mpempa
http://www_wikidata_org/entity/Q67206470,Aliki
http://www_wikidata_org/entity/Q67206476,Kostas
http://www_wikidata_org/entity/Q67206478,Tonis
http://www_wikidata_org/entity/Q67206482,Mary
http://www_wikidata_org/entity/Q67206487,Irini
http://www_wikidata_org/entity/Q67206497,George
http://www_wikidata_org/entity/Q67206509,Manos
http://www_wikidata_org/entity/Q67206525,Aunt
http://www_wikidata_org/entity/Q67206543,Father
http://www_wikidata_org/entity/Q67206550,Nurse
http://www_wikidata_org/entity/Q67206593,Joseph Andrews
http://www_wikidata_org/entity/Q67217258,Argyris
http://www_wikidata_org/entity/Q67217672,Prfyris
http://www_wikidata_org/entity/Q67217964,Freris
http://www_wikidata_org/entity/Q67219556,Harold Saxon
http://www_wikidata_org/entity/Q6722169,Mac
http://www_wikidata_org/entity/Q6723008,Macduff's son
http://www_wikidata_org/entity/Q6727091,Mademoiselle Marie
http://www_wikidata_org/entity/Q6731048,Magicians of Xanth
http://www_wikidata_org/entity/Q67315804,Cordyceps Brain Infection
http://www_wikidata_org/entity/Q67334078,pumpkinstar
http://www_wikidata_org/entity/Q67335485,oversized posh zombie canary
http://www_wikidata_org/entity/Q673361,Romeo
http://www_wikidata_org/entity/Q67364231,Leonidas
http://www_wikidata_org/entity/Q67364360,Helen
http://www_wikidata_org/entity/Q67364497,Voice of President
http://www_wikidata_org/entity/Q67364733,Voice of Antonis
http://www_wikidata_org/entity/Q6738238,Major Mahadevan
http://www_wikidata_org/entity/Q67404756,He
http://www_wikidata_org/entity/Q67404815,She
http://www_wikidata_org/entity/Q6740671,Mala
http://www_wikidata_org/entity/Q67431140,Mparmpa Tasos
http://www_wikidata_org/entity/Q67431368,Maritsa
http://www_wikidata_org/entity/Q67431407,Paul
http://www_wikidata_org/entity/Q67431487,Giorgakis
http://www_wikidata_org/entity/Q67431604,Vangelio
http://www_wikidata_org/entity/Q67431662,Katerina
http://www_wikidata_org/entity/Q67431729,Spyros
http://www_wikidata_org/entity/Q67431808,Kate
http://www_wikidata_org/entity/Q6751485,Manphibian
http://www_wikidata_org/entity/Q675179,Martian Manhunter
http://www_wikidata_org/entity/Q6752069,Manthor
http://www_wikidata_org/entity/Q6754469,Mara
http://www_wikidata_org/entity/Q6755359,Marc Antony and Pussyfoot
http://www_wikidata_org/entity/Q6757131,Marcia Overstrand
http://www_wikidata_org/entity/Q6758418,Marcus Rivers
http://www_wikidata_org/entity/Q6760019,Margaret White
http://www_wikidata_org/entity/Q6760113,Chunyu Dao
http://www_wikidata_org/entity/Q6760637,Margo Lane
http://www_wikidata_org/entity/Q6760968,Maria
http://www_wikidata_org/entity/Q6760970,Maria
http://www_wikidata_org/entity/Q6761050,Maria Bertram
http://www_wikidata_org/entity/Q6761139,Maria DeLuca
http://www_wikidata_org/entity/Q67625723,Mother Christmas
http://www_wikidata_org/entity/Q6772799,Marreau
http://www_wikidata_org/entity/Q677330,Blue Devil
http://www_wikidata_org/entity/Q6788670,Matt Freeman
http://www_wikidata_org/entity/Q67928598,Ethan Winters
http://www_wikidata_org/entity/Q6794639,Max Carrados
http://www_wikidata_org/entity/Q6795957,Maxine Chadway
http://www_wikidata_org/entity/Q6805235,Tristana Medeiros
http://www_wikidata_org/entity/Q6807959,Meg Austin
http://www_wikidata_org/entity/Q6809037,Meghan Doyle
http://www_wikidata_org/entity/Q6820874,Mervyn Bunter
http://www_wikidata_org/entity/Q6828647,Michael Binkley
http://www_wikidata_org/entity/Q6829164,Michael Cassio
http://www_wikidata_org/entity/Q6830831,Michael Guerin
http://www_wikidata_org/entity/Q6831201,Michael Holden
http://www_wikidata_org/entity/Q6836588,Adanel
http://www_wikidata_org/entity/Q6838490,Mickael Turtle
http://www_wikidata_org/entity/Q6839168,Micro Lad
http://www_wikidata_org/entity/Q6842194,Midge Klump
http://www_wikidata_org/entity/Q6842198,Midge Hadley
http://www_wikidata_org/entity/Q6842632,Midnight
http://www_wikidata_org/entity/Q68454132,Terkel Mogensen
http://www_wikidata_org/entity/Q686744,Siri Tachi
http://www_wikidata_org/entity/Q687240,Gamera
http://www_wikidata_org/entity/Q6876727,Miss Grundy
http://www_wikidata_org/entity/Q6876747,Miss Hardbroom
http://www_wikidata_org/entity/Q6880380,Misterjaw
http://www_wikidata_org/entity/Q6880461,Mistress Quickly
http://www_wikidata_org/entity/Q6881751,Mitică
http://www_wikidata_org/entity/Q6896640,Molly Moo-Cow
http://www_wikidata_org/entity/Q6906089,Montmorency
http://www_wikidata_org/entity/Q6910834,Mordiggian
http://www_wikidata_org/entity/Q6916500,Mosquitor
http://www_wikidata_org/entity/Q6928350,Mr_ & Mrs_ J_ Evil Scientist
http://www_wikidata_org/entity/Q6928650,Mr_ Flay
http://www_wikidata_org/entity/Q6928895,Mr_ Martian
http://www_wikidata_org/entity/Q6929074,Mr_ Peanut
http://www_wikidata_org/entity/Q6929112,Mr_ Potter
http://www_wikidata_org/entity/Q6929261,Mr_ Toad
http://www_wikidata_org/entity/Q6929773,Mrs_ Grouch
http://www_wikidata_org/entity/Q6929797,Mrs_ Kensington
http://www_wikidata_org/entity/Q6929918,Mrs_ Wishy-Washy
http://www_wikidata_org/entity/Q6929931,Mrs Bradley
http://www_wikidata_org/entity/Q6944284,Muviro
http://www_wikidata_org/entity/Q694790,Lex Luthor
http://www_wikidata_org/entity/Q6948580,Myrtle Anagnostou
http://www_wikidata_org/entity/Q6949031,Mysto
http://www_wikidata_org/entity/Q69508911,Arsinoë
http://www_wikidata_org/entity/Q695294,Q695294
http://www_wikidata_org/entity/Q6960345,Amarië
http://www_wikidata_org/entity/Q6962564,Nancy Blackett
http://www_wikidata_org/entity/Q6963861,Ailinel
http://www_wikidata_org/entity/Q6966657,Nasedo
http://www_wikidata_org/entity/Q6969586,Nathaniel Dusk
http://www_wikidata_org/entity/Q698117,Li Ying
http://www_wikidata_org/entity/Q6986060,Ned Nickerson
http://www_wikidata_org/entity/Q69878287,Q69878287
http://www_wikidata_org/entity/Q69878293,Q69878293
http://www_wikidata_org/entity/Q69878516,Q69878516
http://www_wikidata_org/entity/Q69878519,Q69878519
http://www_wikidata_org/entity/Q69878523,Q69878523
http://www_wikidata_org/entity/Q699097,Pan Jinlian
http://www_wikidata_org/entity/Q70013410,Topato
http://www_wikidata_org/entity/Q700502,Tenten
http://www_wikidata_org/entity/Q700540,Minato Namikaze
http://www_wikidata_org/entity/Q70202832,Francisco
http://www_wikidata_org/entity/Q70204054,Trinculo
http://www_wikidata_org/entity/Q7025082,Nicholas Blake
http://www_wikidata_org/entity/Q702770,Li Yun
http://www_wikidata_org/entity/Q7034050,Nightstar
http://www_wikidata_org/entity/Q7035188,Nikki
http://www_wikidata_org/entity/Q7037705,Nimloth
http://www_wikidata_org/entity/Q70397061,Urbosa
http://www_wikidata_org/entity/Q7046149,Winn Adami
http://www_wikidata_org/entity/Q70470674,Mrs_ Bardell
http://www_wikidata_org/entity/Q7050093,Nora Ferrer
http://www_wikidata_org/entity/Q7050099,Nora Grey
http://www_wikidata_org/entity/Q7063995,Sam Alexander
http://www_wikidata_org/entity/Q7070187,Nurse
http://www_wikidata_org/entity/Q7074792,Oberon
http://www_wikidata_org/entity/Q7080261,Ogrémoch
http://www_wikidata_org/entity/Q7083028,Olag Gan
http://www_wikidata_org/entity/Q7084461,Old Man Winter
http://www_wikidata_org/entity/Q7086755,Olhydra
http://www_wikidata_org/entity/Q7087369,"Oliver ""Daddy"" Warbucks"
http://www_wikidata_org/entity/Q7088017,Olivia
http://www_wikidata_org/entity/Q7099211,Orac
http://www_wikidata_org/entity/Q7104140,Orsino
http://www_wikidata_org/entity/Q7113815,Overlord
http://www_wikidata_org/entity/Q7114839,Owl
http://www_wikidata_org/entity/Q711855,Lu Xiaofeng
http://www_wikidata_org/entity/Q7124366,Pagla Dashu
http://www_wikidata_org/entity/Q712548,Albus Dumbledore
http://www_wikidata_org/entity/Q7130885,Pang Wanchun
http://www_wikidata_org/entity/Q713635,Han De
http://www_wikidata_org/entity/Q713701,Sirius Black
http://www_wikidata_org/entity/Q7143182,Pat
http://www_wikidata_org/entity/Q7145640,Patricia Holm
http://www_wikidata_org/entity/Q715312,Nymphadora Tonks
http://www_wikidata_org/entity/Q7155058,Pauline Mole
http://www_wikidata_org/entity/Q715763,Daisy Duck
http://www_wikidata_org/entity/Q7160101,Pee-Wee Harris
http://www_wikidata_org/entity/Q7162581,Penelope Pussycat
http://www_wikidata_org/entity/Q71635126,Cottontail Rabbit
http://www_wikidata_org/entity/Q716565,Éowyn
http://www_wikidata_org/entity/Q7167312,Percy Dovetonsils
http://www_wikidata_org/entity/Q716794,Fëanor
http://www_wikidata_org/entity/Q716835,Jacob Black
http://www_wikidata_org/entity/Q716941,Dolores Umbridge
http://www_wikidata_org/entity/Q7172989,Peter Brown
http://www_wikidata_org/entity/Q71744203,Magni
http://www_wikidata_org/entity/Q71745089,Modi
http://www_wikidata_org/entity/Q717588,Thor
http://www_wikidata_org/entity/Q717594,James Potter
http://www_wikidata_org/entity/Q7177598,Peter Warren Hatcher
http://www_wikidata_org/entity/Q7179191,Petruchio
http://www_wikidata_org/entity/Q717971,Overmind
http://www_wikidata_org/entity/Q718380,Denethor
http://www_wikidata_org/entity/Q718383,Gil-galad
http://www_wikidata_org/entity/Q7185497,Philippus
http://www_wikidata_org/entity/Q718619,Lily Tyler
http://www_wikidata_org/entity/Q71870179,Urf Urdof
http://www_wikidata_org/entity/Q718831,Ino Yamanaka
http://www_wikidata_org/entity/Q719208,Celeborn
http://www_wikidata_org/entity/Q719274,Fleur Delacour
http://www_wikidata_org/entity/Q7193260,Pigasus
http://www_wikidata_org/entity/Q7196235,Pinky Dinky Doo
http://www_wikidata_org/entity/Q719647,Círdan
http://www_wikidata_org/entity/Q7197170,Pip
http://www_wikidata_org/entity/Q71984764,Sindri
http://www_wikidata_org/entity/Q719866,Monica Geller
http://www_wikidata_org/entity/Q7199066,Pitt
http://www_wikidata_org/entity/Q720235,Holden Caulfield
http://www_wikidata_org/entity/Q721178,Nerissa
http://www_wikidata_org/entity/Q7225812,Polly O'Keefe
http://www_wikidata_org/entity/Q7227773,Pong Pagong
http://www_wikidata_org/entity/Q723105,Gon
http://www_wikidata_org/entity/Q7231797,Portia
http://www_wikidata_org/entity/Q72323582,Blatant Beast
http://www_wikidata_org/entity/Q7237071,Pozzo
http://www_wikidata_org/entity/Q7243705,Primus
http://www_wikidata_org/entity/Q7246054,Private Charles Godfrey
http://www_wikidata_org/entity/Q7246092,Private Frank Pike
http://www_wikidata_org/entity/Q7246106,Private Joe Walker
http://www_wikidata_org/entity/Q72462482,Blumine
http://www_wikidata_org/entity/Q7248172,Professor Ochanomizu
http://www_wikidata_org/entity/Q725021,Shobu Kirifuda
http://www_wikidata_org/entity/Q7253281,Prysm
http://www_wikidata_org/entity/Q725898,Lúthien
http://www_wikidata_org/entity/Q725935,Beren
http://www_wikidata_org/entity/Q72620433,Bing Dwen Dwen and Shuey Rhon Rhon
http://www_wikidata_org/entity/Q726308,Lyta Alexander
http://www_wikidata_org/entity/Q726593,Ashvins
http://www_wikidata_org/entity/Q726756,Carol Danvers
http://www_wikidata_org/entity/Q7267871,Qingxu Daode Zhenjun
http://www_wikidata_org/entity/Q7271998,Quiller
http://www_wikidata_org/entity/Q7272517,Quintus Caecilius Iucundus
http://www_wikidata_org/entity/Q728718,Rukia Kuchiki
http://www_wikidata_org/entity/Q7295223,Rassilon
http://www_wikidata_org/entity/Q72982827,Satori Magiru
http://www_wikidata_org/entity/Q72982833,Lilicia Toudou
http://www_wikidata_org/entity/Q72982837,Mamoru Uchuu
http://www_wikidata_org/entity/Q7305200,Red Volcano
http://www_wikidata_org/entity/Q73054466,Fontas
http://www_wikidata_org/entity/Q73054760,Lakis
http://www_wikidata_org/entity/Q7307943,Regan
http://www_wikidata_org/entity/Q7313147,Renfield Turnbull
http://www_wikidata_org/entity/Q7314333,Reptar
http://www_wikidata_org/entity/Q73150436,King Dorephan
http://www_wikidata_org/entity/Q73151293,Mipha
http://www_wikidata_org/entity/Q73152840,Sidon
http://www_wikidata_org/entity/Q73154682,Revali
http://www_wikidata_org/entity/Q73156204,Daruk
http://www_wikidata_org/entity/Q7320853,Rhoda Penmark
http://www_wikidata_org/entity/Q73226435,Eist Tuirseach
http://www_wikidata_org/entity/Q7331764,Rick Spleen
http://www_wikidata_org/entity/Q7333388,Rigdum Funnidos
http://www_wikidata_org/entity/Q7335109,Rintrah
http://www_wikidata_org/entity/Q7336232,Risk
http://www_wikidata_org/entity/Q7336506,Rita Desjardin
http://www_wikidata_org/entity/Q734128,Thingol
http://www_wikidata_org/entity/Q73417520,Emilia Ridderfjell
http://www_wikidata_org/entity/Q73417858,Åke Nordin
http://www_wikidata_org/entity/Q73418289,Erik Linstett
http://www_wikidata_org/entity/Q73418413,Nadja Nilsson
http://www_wikidata_org/entity/Q73418614,Paulina Hlinka
http://www_wikidata_org/entity/Q73418852,Torleif Andersson
http://www_wikidata_org/entity/Q73419376,Ida Gunnarsson
http://www_wikidata_org/entity/Q73419384,Rebecka Molin
http://www_wikidata_org/entity/Q73419953,Burne Thompson
http://www_wikidata_org/entity/Q734932,Hannibal King
http://www_wikidata_org/entity/Q73506839,Kyra Kali
http://www_wikidata_org/entity/Q73507159,Praxithea
http://www_wikidata_org/entity/Q73507342,Woman I
http://www_wikidata_org/entity/Q73507504,Woman II
http://www_wikidata_org/entity/Q73507657,Woman III
http://www_wikidata_org/entity/Q73507792,Pothoula
http://www_wikidata_org/entity/Q73508116,Nikaros
http://www_wikidata_org/entity/Q73508303,Kyr' Altana
http://www_wikidata_org/entity/Q73508487,Trisevgeni
http://www_wikidata_org/entity/Q73508721,Kostas Bournovas
http://www_wikidata_org/entity/Q73508966,Dentrogalis
http://www_wikidata_org/entity/Q73509214,Dentrogalis' wife
http://www_wikidata_org/entity/Q73509566,Panos Tratas
http://www_wikidata_org/entity/Q73509710,Petros Floris
http://www_wikidata_org/entity/Q73509872,Karalis
http://www_wikidata_org/entity/Q735243,Shawn Farrell
http://www_wikidata_org/entity/Q7356093,Rod
http://www_wikidata_org/entity/Q7356703,Roderigo
http://www_wikidata_org/entity/Q735721,Green Goblin
http://www_wikidata_org/entity/Q7359898,Roj Blake
http://www_wikidata_org/entity/Q7360396,Roland Rat
http://www_wikidata_org/entity/Q73621839,Anna Andersson
http://www_wikidata_org/entity/Q73622159,Karin Andersson
http://www_wikidata_org/entity/Q73622162,Rudolf Andersson
http://www_wikidata_org/entity/Q73622165,Isabelle Andersson
http://www_wikidata_org/entity/Q73622879,Fredrik Ljung
http://www_wikidata_org/entity/Q73622883,Madelene Olsson
http://www_wikidata_org/entity/Q7362357,Romana
http://www_wikidata_org/entity/Q73625278,Klas Svensson
http://www_wikidata_org/entity/Q73631366,Dask
http://www_wikidata_org/entity/Q73631371,Zak
http://www_wikidata_org/entity/Q73631382,Kala
http://www_wikidata_org/entity/Q7366526,Rooster Cogburn
http://www_wikidata_org/entity/Q7367264,Rosaline
http://www_wikidata_org/entity/Q7367416,Rosario Salazar
http://www_wikidata_org/entity/Q7368913,Rosie Mole
http://www_wikidata_org/entity/Q7368975,Rosita
http://www_wikidata_org/entity/Q7370722,Rotwang
http://www_wikidata_org/entity/Q7372441,Roxie Hart
http://www_wikidata_org/entity/Q73758265,Tribble
http://www_wikidata_org/entity/Q73758267,Zenter
http://www_wikidata_org/entity/Q7376255,Ruby
http://www_wikidata_org/entity/Q7376378,Ruby Romaine
http://www_wikidata_org/entity/Q7376937,Rudi Gunn
http://www_wikidata_org/entity/Q7377707,Rudy Wade
http://www_wikidata_org/entity/Q737970,Teal'c
http://www_wikidata_org/entity/Q7380134,Runway
http://www_wikidata_org/entity/Q7383222,Ruth Sorenson
http://www_wikidata_org/entity/Q7388136,S_mouse
http://www_wikidata_org/entity/Q73890176,Elend Venture
http://www_wikidata_org/entity/Q73926259,John White
http://www_wikidata_org/entity/Q73928489,Lucy Kuo
http://www_wikidata_org/entity/Q739594,Gorbag
http://www_wikidata_org/entity/Q7397433,Sad Kermit
http://www_wikidata_org/entity/Q7398036,Sador
http://www_wikidata_org/entity/Q7399236,Saghira
http://www_wikidata_org/entity/Q7408316,Sam Weller
http://www_wikidata_org/entity/Q7413090,Samurai Cat
http://www_wikidata_org/entity/Q7421044,Sapphie
http://www_wikidata_org/entity/Q7421675,Quico
http://www_wikidata_org/entity/Q7425935,Satanus
http://www_wikidata_org/entity/Q7428636,Sawhorse
http://www_wikidata_org/entity/Q743902,Susan Foreman
http://www_wikidata_org/entity/Q74415863,Enabran Tain
http://www_wikidata_org/entity/Q7442354,Sebastian
http://www_wikidata_org/entity/Q745077,Vito Corleone
http://www_wikidata_org/entity/Q7451361,Sento-kun
http://www_wikidata_org/entity/Q7453378,Sergeant Arthur Wilson
http://www_wikidata_org/entity/Q7456669,Sethurama Iyer
http://www_wikidata_org/entity/Q7460513,Shadow Fists
http://www_wikidata_org/entity/Q74609617,King Cambyses
http://www_wikidata_org/entity/Q746314,Roy Mustang
http://www_wikidata_org/entity/Q7464559,Figwit
http://www_wikidata_org/entity/Q746840,Thranduil
http://www_wikidata_org/entity/Q746996,Kojirō Hyūga
http://www_wikidata_org/entity/Q7471989,Beregond of Gondor
http://www_wikidata_org/entity/Q7473393,Durin I
http://www_wikidata_org/entity/Q7474818,Alfirin
http://www_wikidata_org/entity/Q747753,Kamen Rider Kabuto
http://www_wikidata_org/entity/Q7477723,trees in Tolkien's works
http://www_wikidata_org/entity/Q748450,Gríma Wormtongue
http://www_wikidata_org/entity/Q7486642,Primula Brandybuck
http://www_wikidata_org/entity/Q7486999,Lotho Sackville-Baggins
http://www_wikidata_org/entity/Q7489270,Shapesmith
http://www_wikidata_org/entity/Q748945,Eeth Koth
http://www_wikidata_org/entity/Q7490220,Sharon Strzelecki
http://www_wikidata_org/entity/Q7494972,Sheriff Jim Valenti
http://www_wikidata_org/entity/Q7495889,Shi Bao
http://www_wikidata_org/entity/Q7496049,Shibi
http://www_wikidata_org/entity/Q7497130,Elladan
http://www_wikidata_org/entity/Q7507961,Sid the Slug
http://www_wikidata_org/entity/Q750797,Arien
http://www_wikidata_org/entity/Q7511304,Sierra
http://www_wikidata_org/entity/Q75190452,Hans Weiring
http://www_wikidata_org/entity/Q75190453,Christine
http://www_wikidata_org/entity/Q75190455,Mizi Schlager
http://www_wikidata_org/entity/Q75190457,Katharina Binder
http://www_wikidata_org/entity/Q75190458,Lina
http://www_wikidata_org/entity/Q75190460,Fritz Lobheimer
http://www_wikidata_org/entity/Q75190462,Theodor Kaiser
http://www_wikidata_org/entity/Q75190464,A man
http://www_wikidata_org/entity/Q75190465,Konte Ntimaras
http://www_wikidata_org/entity/Q75190480,Kontessa Maria
http://www_wikidata_org/entity/Q75190482,Kontessina Elnta
http://www_wikidata_org/entity/Q75190483,Giatros Marineris
http://www_wikidata_org/entity/Q75190485,Zampella
http://www_wikidata_org/entity/Q75190487,Zeppos Pemponaris
http://www_wikidata_org/entity/Q75190489,Tereza
http://www_wikidata_org/entity/Q75190491,Kiara
http://www_wikidata_org/entity/Q75190492,Rovertos Brown
http://www_wikidata_org/entity/Q75190494,Avgoustis
http://www_wikidata_org/entity/Q75190507,Anneta
http://www_wikidata_org/entity/Q75190508,Tzortzis
http://www_wikidata_org/entity/Q75190512,Torvald Helmer
http://www_wikidata_org/entity/Q75190514,Doctor Rank
http://www_wikidata_org/entity/Q75190516,Mrs_ Linde
http://www_wikidata_org/entity/Q75190518,Krogstad
http://www_wikidata_org/entity/Q75190520,Anne-Marie
http://www_wikidata_org/entity/Q75190521,Helene - the maid
http://www_wikidata_org/entity/Q75190534,housemaid
http://www_wikidata_org/entity/Q75190536,A Porter
http://www_wikidata_org/entity/Q752269,Gohan
http://www_wikidata_org/entity/Q7528254,Sir Les Patterson
http://www_wikidata_org/entity/Q752877,William Riker
http://www_wikidata_org/entity/Q75317917,Marina Timofeevna
http://www_wikidata_org/entity/Q75318231,A Workman
http://www_wikidata_org/entity/Q7536967,Skullbuster
http://www_wikidata_org/entity/Q753713,Batgirl
http://www_wikidata_org/entity/Q7537736,Skyhawk
http://www_wikidata_org/entity/Q753773,Glorfindel
http://www_wikidata_org/entity/Q753788,Melian
http://www_wikidata_org/entity/Q754477,Treebeard
http://www_wikidata_org/entity/Q7545450,Earthworm Jim
http://www_wikidata_org/entity/Q7547349,Snappy Sammy Smoot
http://www_wikidata_org/entity/Q7547763,Sniffles
http://www_wikidata_org/entity/Q754837,Lily Potter
http://www_wikidata_org/entity/Q755181,Byakuya Kuchiki
http://www_wikidata_org/entity/Q755230,Athena and Phevos
http://www_wikidata_org/entity/Q7555687,Solan
http://www_wikidata_org/entity/Q7557349,Soldier with the Green Whiskers
http://www_wikidata_org/entity/Q7562136,Sonny the Cuckoo Bird
http://www_wikidata_org/entity/Q7562580,Sonya Paxton
http://www_wikidata_org/entity/Q7562604,Soo
http://www_wikidata_org/entity/Q7563084,Sophie Wong
http://www_wikidata_org/entity/Q7572470,Space Ranger
http://www_wikidata_org/entity/Q757302,Trunks
http://www_wikidata_org/entity/Q7575846,Spellbinder
http://www_wikidata_org/entity/Q7576732,Astro Boy
http://www_wikidata_org/entity/Q7578195,Spiros Georgiades
http://www_wikidata_org/entity/Q7581963,Squander Bug
http://www_wikidata_org/entity/Q7582282,Squire
http://www_wikidata_org/entity/Q75860006,Durian
http://www_wikidata_org/entity/Q75863847,Spiduk
http://www_wikidata_org/entity/Q7586639,Ssendam
http://www_wikidata_org/entity/Q75988285,Ming Xiong
http://www_wikidata_org/entity/Q7600873,Star Saber
http://www_wikidata_org/entity/Q7608448,Stephano
http://www_wikidata_org/entity/Q762108,Tió de Nadal
http://www_wikidata_org/entity/Q762250,Elmo
http://www_wikidata_org/entity/Q762770,Daniel Collins
http://www_wikidata_org/entity/Q763980,Tsathoggua
http://www_wikidata_org/entity/Q76398358,Mr_ Manningham
http://www_wikidata_org/entity/Q76398360,Mr_ Rough
http://www_wikidata_org/entity/Q76398361,Mrs_ Manningham
http://www_wikidata_org/entity/Q76398362,Elizabeth
http://www_wikidata_org/entity/Q76398363,Nancy
http://www_wikidata_org/entity/Q76398365,Fanny
http://www_wikidata_org/entity/Q76398366,"Vernon Wetherell, Lord Bantock"
http://www_wikidata_org/entity/Q76398367,Martin Bennet
http://www_wikidata_org/entity/Q76398368,Susannah Bennet
http://www_wikidata_org/entity/Q76398374,Jane Bennet
http://www_wikidata_org/entity/Q76398376,Ernest Bennet
http://www_wikidata_org/entity/Q76398377,Honoria Bennet
http://www_wikidata_org/entity/Q76398378,Younger Miss Wetherell
http://www_wikidata_org/entity/Q76398379,Elder Miss Wetherell
http://www_wikidata_org/entity/Q76398380,Dr_ Freemantle
http://www_wikidata_org/entity/Q76398382,George P_ Newte
http://www_wikidata_org/entity/Q76398383,Charles Jacquet
http://www_wikidata_org/entity/Q76398385,Olympe Jacquet
http://www_wikidata_org/entity/Q76398390,Georges Jacquet
http://www_wikidata_org/entity/Q76398391,Annie Jacquet
http://www_wikidata_org/entity/Q76398393,M_ Jacquet
http://www_wikidata_org/entity/Q76398394,Charlotte Jacquet
http://www_wikidata_org/entity/Q76398395,Madeleine Lonant
http://www_wikidata_org/entity/Q76398396,Thérèse
http://www_wikidata_org/entity/Q76398397,Martine Carignol
http://www_wikidata_org/entity/Q76398401,Alain Plessis
http://www_wikidata_org/entity/Q76398402,Denis Carignol
http://www_wikidata_org/entity/Q76398407,Brigitte
http://www_wikidata_org/entity/Q76398408,Archibald
http://www_wikidata_org/entity/Q76398409,Isabel I of Castilla
http://www_wikidata_org/entity/Q76398411,Fernando II of Aragón
http://www_wikidata_org/entity/Q76398412,Rodrigo Téllez Girón
http://www_wikidata_org/entity/Q76398414,Fernán Gómez de Guzmán
http://www_wikidata_org/entity/Q76398415,Ortuño
http://www_wikidata_org/entity/Q76398417,Flores
http://www_wikidata_org/entity/Q76398418,Don Manrique
http://www_wikidata_org/entity/Q76398422,Judge
http://www_wikidata_org/entity/Q76398424,Q76398424
http://www_wikidata_org/entity/Q76398425,Q76398425
http://www_wikidata_org/entity/Q76398427,Q76398427
http://www_wikidata_org/entity/Q76398429,Esteban
http://www_wikidata_org/entity/Q76398430,Alfonso of Portugal
http://www_wikidata_org/entity/Q76398431,Laurencia Jacinta
http://www_wikidata_org/entity/Q76398432,Pascuala
http://www_wikidata_org/entity/Q76398433,Juan Rojo
http://www_wikidata_org/entity/Q76398439,Frondoso
http://www_wikidata_org/entity/Q76398442,Mengo
http://www_wikidata_org/entity/Q76398443,Barrildo
http://www_wikidata_org/entity/Q76398444,Leonelo
http://www_wikidata_org/entity/Q76398445,Cimbranos
http://www_wikidata_org/entity/Q76398448,Child
http://www_wikidata_org/entity/Q76398449,Philinte
http://www_wikidata_org/entity/Q76398450,Oronte
http://www_wikidata_org/entity/Q76398451,Éliante
http://www_wikidata_org/entity/Q76398456,Clitandre
http://www_wikidata_org/entity/Q76398458,Guard
http://www_wikidata_org/entity/Q76398460,Du Bois
http://www_wikidata_org/entity/Q76398461,Basque
http://www_wikidata_org/entity/Q76398462,Baron Ripafratta
http://www_wikidata_org/entity/Q76398463,Marquis of Forlipopoli
http://www_wikidata_org/entity/Q76398465,Count of Albafiorita
http://www_wikidata_org/entity/Q76398466,Ortensia
http://www_wikidata_org/entity/Q76398467,Dejanira
http://www_wikidata_org/entity/Q76398474,Fabrizio
http://www_wikidata_org/entity/Q76398475,Baron's servant
http://www_wikidata_org/entity/Q76398476,Count's servant
http://www_wikidata_org/entity/Q76398477,President von Walter
http://www_wikidata_org/entity/Q76398479,Ferdinand
http://www_wikidata_org/entity/Q76398480,Hofmarschall von Kalb
http://www_wikidata_org/entity/Q76398481,Lady Milford
http://www_wikidata_org/entity/Q76398482,Wurm
http://www_wikidata_org/entity/Q76398485,Miller
http://www_wikidata_org/entity/Q76398489,Mrs Miller
http://www_wikidata_org/entity/Q76398491,Sophie
http://www_wikidata_org/entity/Q76398492,A valet to the prince
http://www_wikidata_org/entity/Q7640597,Sunnis
http://www_wikidata_org/entity/Q7642304,Super Duck
http://www_wikidata_org/entity/Q7643263,Superduperman
http://www_wikidata_org/entity/Q764346,Richard Rahl
http://www_wikidata_org/entity/Q7644061,Supernova
http://www_wikidata_org/entity/Q76451485,Svante Brylén
http://www_wikidata_org/entity/Q76452857,Sonja Ek
http://www_wikidata_org/entity/Q764941,Phineas Flynn
http://www_wikidata_org/entity/Q76509760,Count Binface
http://www_wikidata_org/entity/Q76527910,Kyra Katina
http://www_wikidata_org/entity/Q76527913,Sophia
http://www_wikidata_org/entity/Q76527916,Eleni
http://www_wikidata_org/entity/Q76527921,Mary
http://www_wikidata_org/entity/Q76527922,Meletis
http://www_wikidata_org/entity/Q76527926,Markos
http://www_wikidata_org/entity/Q76527929,Pilot
http://www_wikidata_org/entity/Q76527933,Thanasakis
http://www_wikidata_org/entity/Q76527934,Lazaros
http://www_wikidata_org/entity/Q76527956,Benoukas
http://www_wikidata_org/entity/Q76527960,Vasilis
http://www_wikidata_org/entity/Q76527962,Comtesse d'Autreval
http://www_wikidata_org/entity/Q76527963,Leonie de la Villegontier
http://www_wikidata_org/entity/Q76527966,Henri de flavigneul
http://www_wikidata_org/entity/Q76527969,Gustave de Grignon
http://www_wikidata_org/entity/Q76527972,Baron de Montrichard
http://www_wikidata_org/entity/Q76527974,Dragons Officer
http://www_wikidata_org/entity/Q76527979,Servant
http://www_wikidata_org/entity/Q76527998,Fotis Fagkris
http://www_wikidata_org/entity/Q76528001,Michalis
http://www_wikidata_org/entity/Q76528004,Andreas Delakovias
http://www_wikidata_org/entity/Q76528006,Bampis Fagkris
http://www_wikidata_org/entity/Q76528009,Panagakos
http://www_wikidata_org/entity/Q76528013,Maitr of cabaret
http://www_wikidata_org/entity/Q76528016,Photographer
http://www_wikidata_org/entity/Q76528019,postman
http://www_wikidata_org/entity/Q76528022,Tsikita Lopez
http://www_wikidata_org/entity/Q76528038,Mrs_ Delakovia
http://www_wikidata_org/entity/Q76528042,Markela
http://www_wikidata_org/entity/Q76528044,Mairi
http://www_wikidata_org/entity/Q76528046,cleaner
http://www_wikidata_org/entity/Q76528048,employee of cabaret
http://www_wikidata_org/entity/Q76528050,Mrs_ Elton
http://www_wikidata_org/entity/Q76528053,Hester Collyer
http://www_wikidata_org/entity/Q76528057,Philip Welch
http://www_wikidata_org/entity/Q76528059,Ann Welch
http://www_wikidata_org/entity/Q76528079,Mr_ Miller
http://www_wikidata_org/entity/Q76528082,William Collyer
http://www_wikidata_org/entity/Q76528085,Frederick Page
http://www_wikidata_org/entity/Q76528088,Jackie Jackson
http://www_wikidata_org/entity/Q76528090,Stephen Barlow
http://www_wikidata_org/entity/Q76528094,Laura Vining
http://www_wikidata_org/entity/Q76528096,Grace Barlow
http://www_wikidata_org/entity/Q76528100,Henry Vining
http://www_wikidata_org/entity/Q76528104,Mrs_ Usher
http://www_wikidata_org/entity/Q76528123,Evelyn Vining
http://www_wikidata_org/entity/Q76528125,Vi Vining
http://www_wikidata_org/entity/Q76528129,Miss Faber
http://www_wikidata_org/entity/Q76528131,Phoebe
http://www_wikidata_org/entity/Q76528134,Sally
http://www_wikidata_org/entity/Q765498,Jake Chambers
http://www_wikidata_org/entity/Q76607278,Alexei Karenin
http://www_wikidata_org/entity/Q7673092,Tabitha Twitchit
http://www_wikidata_org/entity/Q76737205,Ove
http://www_wikidata_org/entity/Q7676143,Tailypo
http://www_wikidata_org/entity/Q7678128,Takeshi Kovacs
http://www_wikidata_org/entity/Q7678455,Takme Buda
http://www_wikidata_org/entity/Q76802913,Ch’rell
http://www_wikidata_org/entity/Q7686126,Tarini Khuro
http://www_wikidata_org/entity/Q7686171,Tariq Masood
http://www_wikidata_org/entity/Q76878417,Lambert
http://www_wikidata_org/entity/Q769046,Agnes Nitt
http://www_wikidata_org/entity/Q7692414,techno-organic virus
http://www_wikidata_org/entity/Q76949050,Talyn
http://www_wikidata_org/entity/Q76964822,Klaatu
http://www_wikidata_org/entity/Q76964824,Barada
http://www_wikidata_org/entity/Q76964826,Nikto
http://www_wikidata_org/entity/Q76978744,Aleister
http://www_wikidata_org/entity/Q770363,Húrin Thalion
http://www_wikidata_org/entity/Q7705568,Tess Harding
http://www_wikidata_org/entity/Q770974,Greek chorus
http://www_wikidata_org/entity/Q7718372,The Black Major
http://www_wikidata_org/entity/Q77263586,Kimon
http://www_wikidata_org/entity/Q77263588,Kosmas
http://www_wikidata_org/entity/Q77263589,Stathis
http://www_wikidata_org/entity/Q77263591,Enas antras
http://www_wikidata_org/entity/Q77263593,"I ""Kyra"""
http://www_wikidata_org/entity/Q77263595,Enas neos
http://www_wikidata_org/entity/Q77263597,Gaby
http://www_wikidata_org/entity/Q77263599,Pierrette
http://www_wikidata_org/entity/Q77263600,Augustine
http://www_wikidata_org/entity/Q77263610,Suzon
http://www_wikidata_org/entity/Q77263612,Chanel
http://www_wikidata_org/entity/Q77263615,Mamy
http://www_wikidata_org/entity/Q77263617,Catherine
http://www_wikidata_org/entity/Q77263618,Louise
http://www_wikidata_org/entity/Q77263620,Robert Caplan
http://www_wikidata_org/entity/Q77263622,Freda Caplan
http://www_wikidata_org/entity/Q77263624,Betty Whitehouse
http://www_wikidata_org/entity/Q77263625,Gordon Whitehouse
http://www_wikidata_org/entity/Q77263634,Olwen Peel
http://www_wikidata_org/entity/Q77263637,Charles Trevor Stanton
http://www_wikidata_org/entity/Q77263638,Maud Mockridge
http://www_wikidata_org/entity/Q77263641,Theseus
http://www_wikidata_org/entity/Q77263643,Captain
http://www_wikidata_org/entity/Q77263644,Ariadne
http://www_wikidata_org/entity/Q77263646,Young man I
http://www_wikidata_org/entity/Q77263648,Young man II
http://www_wikidata_org/entity/Q77263649,Young man III
http://www_wikidata_org/entity/Q77263657,Young man IV
http://www_wikidata_org/entity/Q77263660,Lonely young woman
http://www_wikidata_org/entity/Q77263661,Young woman I
http://www_wikidata_org/entity/Q77263662,Young woman II
http://www_wikidata_org/entity/Q77263664,Young woman III
http://www_wikidata_org/entity/Q77263665,Young woman IV
http://www_wikidata_org/entity/Q77263667,Paplomatas
http://www_wikidata_org/entity/Q77263668,Despoina
http://www_wikidata_org/entity/Q77263670,Chnoudi
http://www_wikidata_org/entity/Q77263679,Triantafyllos
http://www_wikidata_org/entity/Q77263682,Marika
http://www_wikidata_org/entity/Q77263683,Grandmother
http://www_wikidata_org/entity/Q77263685,Natsinas
http://www_wikidata_org/entity/Q77263686,Frangoraftis
http://www_wikidata_org/entity/Q77263688,Soldier I
http://www_wikidata_org/entity/Q77263690,Soldier II
http://www_wikidata_org/entity/Q77264081,Minos
http://www_wikidata_org/entity/Q7730025,The Devilish Blue Buffalo
http://www_wikidata_org/entity/Q7733130,The Fairy Queen
http://www_wikidata_org/entity/Q7738154,The Green Fisherman
http://www_wikidata_org/entity/Q774719,Jadzia Dax
http://www_wikidata_org/entity/Q7765292,The Sonora Kid
http://www_wikidata_org/entity/Q77658085,David Marcus
http://www_wikidata_org/entity/Q77698166,Delivery Man
http://www_wikidata_org/entity/Q77698168,Charis Margelis
http://www_wikidata_org/entity/Q77698169,Stavros
http://www_wikidata_org/entity/Q77698172,Aikaterini Sfingidou
http://www_wikidata_org/entity/Q77698176,Viktor Petridis
http://www_wikidata_org/entity/Q77698178,Pia
http://www_wikidata_org/entity/Q77698181,Teta Margeli
http://www_wikidata_org/entity/Q77698185,Maritsa
http://www_wikidata_org/entity/Q77698187,Ioanna Margeli
http://www_wikidata_org/entity/Q77698192,Lena Petrali
http://www_wikidata_org/entity/Q77698225,Byron (young)
http://www_wikidata_org/entity/Q77698228,Lady Catherine Byron
http://www_wikidata_org/entity/Q77698230,May Gray
http://www_wikidata_org/entity/Q77698234,Lord Byron
http://www_wikidata_org/entity/Q77698238,Hobhouse
http://www_wikidata_org/entity/Q77698241,Matthews
http://www_wikidata_org/entity/Q77698244,Murray
http://www_wikidata_org/entity/Q77698247,Young lady I
http://www_wikidata_org/entity/Q77698249,Young lady II
http://www_wikidata_org/entity/Q77698276,Young lady III
http://www_wikidata_org/entity/Q77698280,Fletcher
http://www_wikidata_org/entity/Q77698283,Dervish Tahir
http://www_wikidata_org/entity/Q77698286,Nikolas Sarris
http://www_wikidata_org/entity/Q77698288,Maid of Athens
http://www_wikidata_org/entity/Q77698290,Lady Melbourne
http://www_wikidata_org/entity/Q77698293,Lady Bessborough
http://www_wikidata_org/entity/Q77698295,Caroline Lamb
http://www_wikidata_org/entity/Q77698298,Augusta Leigh
http://www_wikidata_org/entity/Q77698327,Ralph Milbanke
http://www_wikidata_org/entity/Q77698331,Lady Annabella Byron
http://www_wikidata_org/entity/Q77698333,Fornarina
http://www_wikidata_org/entity/Q77698337,Shelley
http://www_wikidata_org/entity/Q77698341,Claire Clairmont
http://www_wikidata_org/entity/Q77698344,Teresa Guiccioli
http://www_wikidata_org/entity/Q77698347,Pietro Gamba
http://www_wikidata_org/entity/Q77698352,Doctor Bruno
http://www_wikidata_org/entity/Q77698354,Christos Maroukas
http://www_wikidata_org/entity/Q77698379,Prince Mavrokordatos
http://www_wikidata_org/entity/Q77698383,Capten Lambros
http://www_wikidata_org/entity/Q77698386,messenger
http://www_wikidata_org/entity/Q77698391,Petros Morelis
http://www_wikidata_org/entity/Q77698394,Elsa Chandri
http://www_wikidata_org/entity/Q77698399,Mairi Chandri
http://www_wikidata_org/entity/Q77698401,Manos Lykidis
http://www_wikidata_org/entity/Q77698403,Harilaos Makropoulos
http://www_wikidata_org/entity/Q77698408,Themos Granas
http://www_wikidata_org/entity/Q77698438,Fifi Grana
http://www_wikidata_org/entity/Q77698441,Lena Petridi
http://www_wikidata_org/entity/Q77698446,Stelios
http://www_wikidata_org/entity/Q77698449,Maro
http://www_wikidata_org/entity/Q77698452,Pinelopi
http://www_wikidata_org/entity/Q77698456,Stamatis
http://www_wikidata_org/entity/Q77698459,Stavros Kladis
http://www_wikidata_org/entity/Q77698463,Lefteris
http://www_wikidata_org/entity/Q77698466,Tasoula
http://www_wikidata_org/entity/Q77698495,Stelios Alifantis
http://www_wikidata_org/entity/Q77698498,The stranger
http://www_wikidata_org/entity/Q77698503,Fardis
http://www_wikidata_org/entity/Q77698507,Neos Trevlis
http://www_wikidata_org/entity/Q77698511,iskieros
http://www_wikidata_org/entity/Q77698515,Ypiretria
http://www_wikidata_org/entity/Q77698517,Kosmas
http://www_wikidata_org/entity/Q77698520,Angeliki
http://www_wikidata_org/entity/Q77698524,Policeman
http://www_wikidata_org/entity/Q77698551,Author's speech
http://www_wikidata_org/entity/Q77698555,Father
http://www_wikidata_org/entity/Q77698558,Mother
http://www_wikidata_org/entity/Q77698562,Dimitris Lampridis
http://www_wikidata_org/entity/Q77698565,Lolo
http://www_wikidata_org/entity/Q77698569,Author
http://www_wikidata_org/entity/Q77698572,Petros Chalkis
http://www_wikidata_org/entity/Q77698574,Popi
http://www_wikidata_org/entity/Q77698578,Vasilakis
http://www_wikidata_org/entity/Q77698597,Marcel
http://www_wikidata_org/entity/Q77698601,Mireille
http://www_wikidata_org/entity/Q77698602,Servant
http://www_wikidata_org/entity/Q77698606,Mina Lampridi
http://www_wikidata_org/entity/Q77698609,Mr
http://www_wikidata_org/entity/Q77698612,Mrs
http://www_wikidata_org/entity/Q77698614,Pavlos Doris
http://www_wikidata_org/entity/Q77698617,Subtle
http://www_wikidata_org/entity/Q77698618,Face
http://www_wikidata_org/entity/Q77698637,Dol Common
http://www_wikidata_org/entity/Q77698640,Dapper
http://www_wikidata_org/entity/Q77698642,Drugger
http://www_wikidata_org/entity/Q77698645,Sir Epicure Mammon
http://www_wikidata_org/entity/Q77698647,Pertinax Surly
http://www_wikidata_org/entity/Q77698651,Tribulation Wholesome
http://www_wikidata_org/entity/Q77698653,Ananias
http://www_wikidata_org/entity/Q77698655,Kastril
http://www_wikidata_org/entity/Q77698656,Dame Pliant
http://www_wikidata_org/entity/Q77698670,Lovewit
http://www_wikidata_org/entity/Q77698672,blacksmith
http://www_wikidata_org/entity/Q77698674,officer
http://www_wikidata_org/entity/Q77698676,soldier
http://www_wikidata_org/entity/Q77698679,Volpone
http://www_wikidata_org/entity/Q77698681,Mosca
http://www_wikidata_org/entity/Q77698683,Voltore
http://www_wikidata_org/entity/Q77698685,Corbaccio
http://www_wikidata_org/entity/Q77698686,Corvino
http://www_wikidata_org/entity/Q77698701,Bonario
http://www_wikidata_org/entity/Q77698702,Sir Politic Would-Be
http://www_wikidata_org/entity/Q77698704,Peregrine
http://www_wikidata_org/entity/Q77698706,Nano
http://www_wikidata_org/entity/Q77698709,Castrone
http://www_wikidata_org/entity/Q77698713,Androgyno
http://www_wikidata_org/entity/Q77698714,Lady Would-Be
http://www_wikidata_org/entity/Q77698717,Celia
http://www_wikidata_org/entity/Q77698719,Avocatori I
http://www_wikidata_org/entity/Q77698738,Avocatori II
http://www_wikidata_org/entity/Q77698740,Avocatori III
http://www_wikidata_org/entity/Q77698744,Avocatori IV
http://www_wikidata_org/entity/Q77698745,Notario
http://www_wikidata_org/entity/Q77698748,Cardinal de Cisneros
http://www_wikidata_org/entity/Q77698749,Luis Cardona
http://www_wikidata_org/entity/Q77698752,Duke of Estibel
http://www_wikidata_org/entity/Q77698754,Earl of Aralo
http://www_wikidata_org/entity/Q77698755,Chaplain Ortega
http://www_wikidata_org/entity/Q77698772,Brother Diego
http://www_wikidata_org/entity/Q77698773,Varacaldo
http://www_wikidata_org/entity/Q77698775,Archbishop of Grenade
http://www_wikidata_org/entity/Q77698779,Baron Van Arpen
http://www_wikidata_org/entity/Q77698781,Duke of Estrada
http://www_wikidata_org/entity/Q77698783,Don Diego de la Mota
http://www_wikidata_org/entity/Q77698787,Doctor Cambos
http://www_wikidata_org/entity/Q77698789,First Lord
http://www_wikidata_org/entity/Q77698792,Second Lord
http://www_wikidata_org/entity/Q77698810,Cardinal's valet
http://www_wikidata_org/entity/Q77698814,Queen Joanna of Castile
http://www_wikidata_org/entity/Q77698816,Dona Inès Manrique
http://www_wikidata_org/entity/Q77698819,First Maid of honour
http://www_wikidata_org/entity/Q77698821,Second Maid of honour
http://www_wikidata_org/entity/Q77698824,Third Maid of honour
http://www_wikidata_org/entity/Q77698827,Father
http://www_wikidata_org/entity/Q77698831,Mother
http://www_wikidata_org/entity/Q77698834,Alexandros
http://www_wikidata_org/entity/Q77698853,Grigoris
http://www_wikidata_org/entity/Q77698857,Fokion
http://www_wikidata_org/entity/Q77698859,Aglaia
http://www_wikidata_org/entity/Q77698861,Dorothea
http://www_wikidata_org/entity/Q77698864,Aglaia's husband
http://www_wikidata_org/entity/Q77698867,Foreman
http://www_wikidata_org/entity/Q77698874,Andreas
http://www_wikidata_org/entity/Q77698876,First Policeman
http://www_wikidata_org/entity/Q77698899,Second Policeman
http://www_wikidata_org/entity/Q77698902,Mine worker
http://www_wikidata_org/entity/Q77698906,Voice of Other Alexandros
http://www_wikidata_org/entity/Q77699722,Paul Bratter
http://www_wikidata_org/entity/Q77699725,Corie Bratter
http://www_wikidata_org/entity/Q77699729,Victor Velasco
http://www_wikidata_org/entity/Q77699731,Ethel Banks
http://www_wikidata_org/entity/Q77699734,Telephone Man
http://www_wikidata_org/entity/Q77699738,Miltos Chandris
http://www_wikidata_org/entity/Q777062,Ariadne Oliver
http://www_wikidata_org/entity/Q777072,Joe Zaluchi
http://www_wikidata_org/entity/Q77796094,Sarda
http://www_wikidata_org/entity/Q7781056,Thelma Chambers
http://www_wikidata_org/entity/Q7788964,Thomas Diafoirus
http://www_wikidata_org/entity/Q778911,Ben Kaplan
http://www_wikidata_org/entity/Q7798093,Threshold
http://www_wikidata_org/entity/Q7800814,Tiddalik
http://www_wikidata_org/entity/Q780191,Polonius
http://www_wikidata_org/entity/Q7804495,Tim Williams
http://www_wikidata_org/entity/Q780499,Balin
http://www_wikidata_org/entity/Q780746,Rodan
http://www_wikidata_org/entity/Q7807716,Tin-Can Tommy
http://www_wikidata_org/entity/Q7809788,Titania
http://www_wikidata_org/entity/Q7810298,Titus Crow
http://www_wikidata_org/entity/Q7811769,Toby Belch
http://www_wikidata_org/entity/Q7811899,Toby Tolliver
http://www_wikidata_org/entity/Q7813242,Togusa
http://www_wikidata_org/entity/Q7814873,Tom Barnaby
http://www_wikidata_org/entity/Q78163242,Marika
http://www_wikidata_org/entity/Q78163244,Andreas
http://www_wikidata_org/entity/Q78163246,Giorgos
http://www_wikidata_org/entity/Q78163247,Eirini
http://www_wikidata_org/entity/Q78163249,Paraskefas
http://www_wikidata_org/entity/Q78163251,Paschalis
http://www_wikidata_org/entity/Q78163252,Savvas
http://www_wikidata_org/entity/Q78163254,Poly
http://www_wikidata_org/entity/Q78163255,Sofi
http://www_wikidata_org/entity/Q78163265,Dimitris
http://www_wikidata_org/entity/Q78163267,Contractor
http://www_wikidata_org/entity/Q78163270,Doctor
http://www_wikidata_org/entity/Q78163272,Rika
http://www_wikidata_org/entity/Q78163274,Claire de Beaulieu
http://www_wikidata_org/entity/Q78163276,Philippe Derblay
http://www_wikidata_org/entity/Q78163279,Marquise de Beaulieu
http://www_wikidata_org/entity/Q78163280,Athénais Moulinet
http://www_wikidata_org/entity/Q78163281,Duc de Bligny
http://www_wikidata_org/entity/Q78163298,Octave de Beaulieu
http://www_wikidata_org/entity/Q78163300,Baron de Préfonds
http://www_wikidata_org/entity/Q78163301,Baronne de Préfonds
http://www_wikidata_org/entity/Q78163304,Suzanne Derblay
http://www_wikidata_org/entity/Q78163307,Monsieur Moulinet
http://www_wikidata_org/entity/Q78163308,Marcel Bachelin
http://www_wikidata_org/entity/Q78163310,Nanette
http://www_wikidata_org/entity/Q78163312,Antoine
http://www_wikidata_org/entity/Q78163314,Prefect
http://www_wikidata_org/entity/Q78163334,Myrtle
http://www_wikidata_org/entity/Q78163337,Tony
http://www_wikidata_org/entity/Q78163340,Dorothy
http://www_wikidata_org/entity/Q78163342,First Taxi Driver
http://www_wikidata_org/entity/Q78163344,Second Taxi Driver
http://www_wikidata_org/entity/Q78163347,Landlord
http://www_wikidata_org/entity/Q78163349,Dr_ Cameron
http://www_wikidata_org/entity/Q78163350,Nurse
http://www_wikidata_org/entity/Q78163353,Anna Vorannou
http://www_wikidata_org/entity/Q78163367,Headmaster
http://www_wikidata_org/entity/Q78163372,Dr Flokas
http://www_wikidata_org/entity/Q78163375,Sofia Arsentzoulia
http://www_wikidata_org/entity/Q78163377,Filippos Florentis
http://www_wikidata_org/entity/Q78163379,Stratis
http://www_wikidata_org/entity/Q78163381,Maria
http://www_wikidata_org/entity/Q78163384,Student
http://www_wikidata_org/entity/Q78163386,Violet Venable
http://www_wikidata_org/entity/Q78163388,Catharine Holly
http://www_wikidata_org/entity/Q78163399,Mrs Holly
http://www_wikidata_org/entity/Q78163404,George Holly
http://www_wikidata_org/entity/Q78163407,Dr Cukrowicz
http://www_wikidata_org/entity/Q78163409,Miss Foxhill
http://www_wikidata_org/entity/Q78163410,Sister Felicity
http://www_wikidata_org/entity/Q7820489,Tomás Manrique
http://www_wikidata_org/entity/Q7821701,Tonto
http://www_wikidata_org/entity/Q7822828,Tony Lumpkin
http://www_wikidata_org/entity/Q78245055,Y'Gythgba
http://www_wikidata_org/entity/Q7828544,Toucan Sam
http://www_wikidata_org/entity/Q7831733,Tracy Flick
http://www_wikidata_org/entity/Q783947,Humpty Dumpty
http://www_wikidata_org/entity/Q7847793,Trump virus
http://www_wikidata_org/entity/Q784892,Howard Wolowitz
http://www_wikidata_org/entity/Q78498038,Dippy
http://www_wikidata_org/entity/Q78507,Manwë
http://www_wikidata_org/entity/Q7850896,Tublat
http://www_wikidata_org/entity/Q78523,Ulmo
http://www_wikidata_org/entity/Q78555,Oromë
http://www_wikidata_org/entity/Q78607187,Bruce Wayne
http://www_wikidata_org/entity/Q78751563,Sibylle de Panzoust
http://www_wikidata_org/entity/Q788005,Hannibal Roy Bean
http://www_wikidata_org/entity/Q7881262,Arthur Weasley
http://www_wikidata_org/entity/Q7884594,Q7884594
http://www_wikidata_org/entity/Q7886594,Shinji Mimura
http://www_wikidata_org/entity/Q7887398,Rya'c
http://www_wikidata_org/entity/Q7887580,Howard Rockerduck
http://www_wikidata_org/entity/Q7887768,Vic Fontaine
http://www_wikidata_org/entity/Q7888611,Gmork
http://www_wikidata_org/entity/Q7898182,Upasunda
http://www_wikidata_org/entity/Q79009960,Rondo
http://www_wikidata_org/entity/Q79015,Superman
http://www_wikidata_org/entity/Q79052081,Gizzla
http://www_wikidata_org/entity/Q79053423,Z
http://www_wikidata_org/entity/Q79055129,SCP-087-1
http://www_wikidata_org/entity/Q7915700,Farmer Maggot
http://www_wikidata_org/entity/Q7919235,Velma Kelly
http://www_wikidata_org/entity/Q7919278,Velocity
http://www_wikidata_org/entity/Q7920764,Vera Douka
http://www_wikidata_org/entity/Q7921227,Verenestra
http://www_wikidata_org/entity/Q7927489,Victory Ford
http://www_wikidata_org/entity/Q7930023,Vila Restal
http://www_wikidata_org/entity/Q793290,Beregond
http://www_wikidata_org/entity/Q7932996,Viola
http://www_wikidata_org/entity/Q79334022,Tempestra
http://www_wikidata_org/entity/Q79352705,Zorax
http://www_wikidata_org/entity/Q7938230,Vladimir
http://www_wikidata_org/entity/Q7940698,Volstagg
http://www_wikidata_org/entity/Q79407002,Speega
http://www_wikidata_org/entity/Q7948253,System-∀99 ∀ Gundam
http://www_wikidata_org/entity/Q794963,B'wana Beast
http://www_wikidata_org/entity/Q795021,William Kim
http://www_wikidata_org/entity/Q795205,Vána
http://www_wikidata_org/entity/Q7969396,Warhawk
http://www_wikidata_org/entity/Q7982957,Wenshu Guangfa Tianzun
http://www_wikidata_org/entity/Q79970187,Willie Wombat
http://www_wikidata_org/entity/Q79973124,Female Changeling
http://www_wikidata_org/entity/Q79985122,Q79985122
http://www_wikidata_org/entity/Q8005648,William Bludworth
http://www_wikidata_org/entity/Q80116144,Ram
http://www_wikidata_org/entity/Q8011623,Tan Xiong
http://www_wikidata_org/entity/Q80210040,Mortu
http://www_wikidata_org/entity/Q80224,Mandos
http://www_wikidata_org/entity/Q8022573,Willy Loman
http://www_wikidata_org/entity/Q8024555,"Windsor ""Win"" Horne Lockwood, III"
http://www_wikidata_org/entity/Q8027567,Wish me mell
http://www_wikidata_org/entity/Q8029062,Woggle-Bug
http://www_wikidata_org/entity/Q80294158,Zog
http://www_wikidata_org/entity/Q80297,Tulkas
http://www_wikidata_org/entity/Q80363405,Traximus
http://www_wikidata_org/entity/Q80420528,Monza Ram
http://www_wikidata_org/entity/Q8044079,Xia Ziwei
http://www_wikidata_org/entity/Q8044310,Xiaoyanzi
http://www_wikidata_org/entity/Q80453,Morgoth
http://www_wikidata_org/entity/Q8048123,Yan-C-Bin
http://www_wikidata_org/entity/Q8048541,Yang Zongbao
http://www_wikidata_org/entity/Q805822,Baltus Brösel
http://www_wikidata_org/entity/Q8061419,Yunzhongzi
http://www_wikidata_org/entity/Q8061486,Yuri Bohun
http://www_wikidata_org/entity/Q8069094,Zenigata Heiji
http://www_wikidata_org/entity/Q8069846,Zev Bellringer
http://www_wikidata_org/entity/Q8070621,Zhar
http://www_wikidata_org/entity/Q8071087,Zhou Zhiruo
http://www_wikidata_org/entity/Q8072673,Zippy
http://www_wikidata_org/entity/Q8075219,Zuma
http://www_wikidata_org/entity/Q80785029,Zukko
http://www_wikidata_org/entity/Q8079391,Último Vampiro
http://www_wikidata_org/entity/Q8088114,Calimehtar
http://www_wikidata_org/entity/Q8092671,Valacar
http://www_wikidata_org/entity/Q8125562,Elboron
http://www_wikidata_org/entity/Q81386731,Q81386731
http://www_wikidata_org/entity/Q814168,Befana
http://www_wikidata_org/entity/Q81649276,Crichton
http://www_wikidata_org/entity/Q81649279,Lady Mary Lasenby
http://www_wikidata_org/entity/Q81649281,The Earl of Loam
http://www_wikidata_org/entity/Q81649283,Lady Catherine Lasenby
http://www_wikidata_org/entity/Q81649284,Lady Agatha Lasenby
http://www_wikidata_org/entity/Q81649286,Ernest Woolley
http://www_wikidata_org/entity/Q81649288,Tweeny
http://www_wikidata_org/entity/Q81649291,John Treherne
http://www_wikidata_org/entity/Q81649293,Lord Brocklehurst
http://www_wikidata_org/entity/Q81649309,Fisher
http://www_wikidata_org/entity/Q81649311,Countess of Brocklehurst
http://www_wikidata_org/entity/Q81649313,The Bard of Loam
http://www_wikidata_org/entity/Q81649316,Tompsett
http://www_wikidata_org/entity/Q81649318,Harry Hope
http://www_wikidata_org/entity/Q81649320,Ed Mosher
http://www_wikidata_org/entity/Q81649323,Pat McGloin
http://www_wikidata_org/entity/Q81649326,Willie Oban
http://www_wikidata_org/entity/Q81649329,Joe Mott
http://www_wikidata_org/entity/Q81649348,General Piet Wetjoen
http://www_wikidata_org/entity/Q81649351,Captain Cecil Lewis
http://www_wikidata_org/entity/Q81649353,"James ""Jimmy Tomorrow"" Cameron"
http://www_wikidata_org/entity/Q81649356,Hugo Kalmar
http://www_wikidata_org/entity/Q81649359,Larry Slade
http://www_wikidata_org/entity/Q81649362,Rocky Pioggi
http://www_wikidata_org/entity/Q81649364,Don Parritt
http://www_wikidata_org/entity/Q81649367,Pearl
http://www_wikidata_org/entity/Q81649369,Margie
http://www_wikidata_org/entity/Q81649387,Cora
http://www_wikidata_org/entity/Q81649388,Chuck Morello
http://www_wikidata_org/entity/Q81649390,"Theodore ""Hickey"" Hickman"
http://www_wikidata_org/entity/Q81649393,Moran
http://www_wikidata_org/entity/Q81649395,Lieb
http://www_wikidata_org/entity/Q81649397,Mystakopoulos
http://www_wikidata_org/entity/Q81649400,Gerasimos
http://www_wikidata_org/entity/Q81649403,Anni Florou
http://www_wikidata_org/entity/Q81649406,Eirini Berka
http://www_wikidata_org/entity/Q81650122,Fran Walker
http://www_wikidata_org/entity/Q81650450,Thomas Lockwood
http://www_wikidata_org/entity/Q81650662,Joe Grady
http://www_wikidata_org/entity/Q81650780,Rozalia Valdi
http://www_wikidata_org/entity/Q81650782,Grandmother
http://www_wikidata_org/entity/Q81650784,Virginia Valdi
http://www_wikidata_org/entity/Q81650787,Pinelopi Valdi
http://www_wikidata_org/entity/Q81650789,Nionios Nioniakis
http://www_wikidata_org/entity/Q81650791,Lili Sourmeli
http://www_wikidata_org/entity/Q81650793,Katerina
http://www_wikidata_org/entity/Q81650795,Charilaos Vagenidis
http://www_wikidata_org/entity/Q81650797,Takis Maroulidis
http://www_wikidata_org/entity/Q81650799,Bootblack
http://www_wikidata_org/entity/Q81651306,Katina
http://www_wikidata_org/entity/Q81651308,Kyrios Spyridon
http://www_wikidata_org/entity/Q81651310,Antonis Berkas
http://www_wikidata_org/entity/Q81651311,Poli Tzoli
http://www_wikidata_org/entity/Q81651314,Tetelis Valdis
http://www_wikidata_org/entity/Q81706426,Q9-0
http://www_wikidata_org/entity/Q818924,Ner'zhul
http://www_wikidata_org/entity/Q8189914,Adun
http://www_wikidata_org/entity/Q819198,Arthas Menethil
http://www_wikidata_org/entity/Q8192170,Gundam X
http://www_wikidata_org/entity/Q81929244,Lidya
http://www_wikidata_org/entity/Q81929350,Rodion
http://www_wikidata_org/entity/Q819315,Azshara
http://www_wikidata_org/entity/Q8193371,AMA-002 Neue Ziel
http://www_wikidata_org/entity/Q819369,Cho'gall
http://www_wikidata_org/entity/Q819500,Grom Hellscream
http://www_wikidata_org/entity/Q819519,Gul'dan
http://www_wikidata_org/entity/Q819544,Illidan Stormrage
http://www_wikidata_org/entity/Q819610,Jarod Shadowsong
http://www_wikidata_org/entity/Q819644,Kael'thas Sunstrider
http://www_wikidata_org/entity/Q819724,Lady Vashj
http://www_wikidata_org/entity/Q819804,Malfurion Stormrage
http://www_wikidata_org/entity/Q819851,Mannoroth
http://www_wikidata_org/entity/Q819935,Orgrim Doomhammer
http://www_wikidata_org/entity/Q819980,Rhonin
http://www_wikidata_org/entity/Q819991,Sargeras
http://www_wikidata_org/entity/Q820011,Sylvanas Windrunner
http://www_wikidata_org/entity/Q820088,Thrall
http://www_wikidata_org/entity/Q820696,Tyrande Whisperwind
http://www_wikidata_org/entity/Q820792,Varok Saurfang
http://www_wikidata_org/entity/Q820823,Velen
http://www_wikidata_org/entity/Q820851,Zul'jin
http://www_wikidata_org/entity/Q8214238,Syme
http://www_wikidata_org/entity/Q822223,Hao Asakura
http://www_wikidata_org/entity/Q82560416,Leonard Vole
http://www_wikidata_org/entity/Q82560420,Emily French
http://www_wikidata_org/entity/Q82560422,Romaine Vole
http://www_wikidata_org/entity/Q82560426,Mr Mayhew
http://www_wikidata_org/entity/Q82560429,Sir Wilfrid Robarts
http://www_wikidata_org/entity/Q82560431,Mr Myers
http://www_wikidata_org/entity/Q82560434,Mr Justice Wainwright
http://www_wikidata_org/entity/Q82560437,Inspector Hearne
http://www_wikidata_org/entity/Q82560440,Greta
http://www_wikidata_org/entity/Q82560472,Carter
http://www_wikidata_org/entity/Q82560476,Foreman of the Jury
http://www_wikidata_org/entity/Q82560481,Alderman
http://www_wikidata_org/entity/Q82560485,Barrister
http://www_wikidata_org/entity/Q82560489,Clerk of the Court
http://www_wikidata_org/entity/Q82560494,Second Juror
http://www_wikidata_org/entity/Q82560497,Policeman
http://www_wikidata_org/entity/Q82560499,Mr_ Clegg
http://www_wikidata_org/entity/Q82560504,Janet Mackenzie
http://www_wikidata_org/entity/Q82560541,Warder
http://www_wikidata_org/entity/Q82560545,Dr_ Wyatt
http://www_wikidata_org/entity/Q82560549,The Other Woman
http://www_wikidata_org/entity/Q82560553,Nikos Paganis
http://www_wikidata_org/entity/Q82560557,Markos Paganis
http://www_wikidata_org/entity/Q82560562,Thanos Sorentis
http://www_wikidata_org/entity/Q82560566,Petros Dikelas
http://www_wikidata_org/entity/Q82560569,Barmpa Spyros
http://www_wikidata_org/entity/Q82560572,Liza Pagani
http://www_wikidata_org/entity/Q82560608,Sofia Pagani
http://www_wikidata_org/entity/Q82560617,Katina
http://www_wikidata_org/entity/Q82560620,Alekos Karras
http://www_wikidata_org/entity/Q82560625,Pavlos Makradis
http://www_wikidata_org/entity/Q82560630,Petros Partas
http://www_wikidata_org/entity/Q82560635,Kosmas Foteinos
http://www_wikidata_org/entity/Q82560639,Thomas Veroutis
http://www_wikidata_org/entity/Q82560643,Loukas Moskidis
http://www_wikidata_org/entity/Q82560648,Nikos Patrovas
http://www_wikidata_org/entity/Q82560683,Grigoris
http://www_wikidata_org/entity/Q82560686,Dimitris
http://www_wikidata_org/entity/Q82560690,Enas pelatis
http://www_wikidata_org/entity/Q82560693,Rika Makradi
http://www_wikidata_org/entity/Q82560696,Eleni
http://www_wikidata_org/entity/Q82560700,Maria
http://www_wikidata_org/entity/Q82560703,Amalia
http://www_wikidata_org/entity/Q826155,Worf
http://www_wikidata_org/entity/Q831685,Gawain
http://www_wikidata_org/entity/Q831741,Tassadar
http://www_wikidata_org/entity/Q83175302,Roupis
http://www_wikidata_org/entity/Q83175306,Lempesis
http://www_wikidata_org/entity/Q83175309,Stavraina
http://www_wikidata_org/entity/Q83175311,Lempesaina
http://www_wikidata_org/entity/Q83175314,Tzevi
http://www_wikidata_org/entity/Q83175316,Dimitros
http://www_wikidata_org/entity/Q83175320,Dikigoros
http://www_wikidata_org/entity/Q83175321,Lenas
http://www_wikidata_org/entity/Q83175323,Gendarme
http://www_wikidata_org/entity/Q83175343,Koutsoukos
http://www_wikidata_org/entity/Q83175345,Policeman
http://www_wikidata_org/entity/Q83175349,Grandmother
http://www_wikidata_org/entity/Q83175351,Kostas
http://www_wikidata_org/entity/Q83175354,Sormpas
http://www_wikidata_org/entity/Q83175357,Garefas
http://www_wikidata_org/entity/Q83175360,Angelos
http://www_wikidata_org/entity/Q83175362,Sadie Thompson
http://www_wikidata_org/entity/Q83175365,Joe Horn
http://www_wikidata_org/entity/Q83175384,Quartermaster Bates
http://www_wikidata_org/entity/Q83175388,Native
http://www_wikidata_org/entity/Q83175390,Native Girl
http://www_wikidata_org/entity/Q83175393,Native Policeman
http://www_wikidata_org/entity/Q83175396,Sergeant O'Hara
http://www_wikidata_org/entity/Q83175398,Mrs_ McPhail
http://www_wikidata_org/entity/Q83175401,Dr_ McPhail
http://www_wikidata_org/entity/Q83175404,Corporal Hodgeson
http://www_wikidata_org/entity/Q83175408,Alfred Davidson
http://www_wikidata_org/entity/Q83175430,Private Griggs
http://www_wikidata_org/entity/Q83175434,Ameena
http://www_wikidata_org/entity/Q83175436,Mrs_ Davidson
http://www_wikidata_org/entity/Q83175437,Murtaza
http://www_wikidata_org/entity/Q83175439,Hatice
http://www_wikidata_org/entity/Q83175441,Salih
http://www_wikidata_org/entity/Q83175443,Ahmet
http://www_wikidata_org/entity/Q83175449,Rıdvan
http://www_wikidata_org/entity/Q83175450,Hacı Hüsamettin
http://www_wikidata_org/entity/Q83175475,Safinaz
http://www_wikidata_org/entity/Q83175477,Hasas
http://www_wikidata_org/entity/Q83175478,Ayşe
http://www_wikidata_org/entity/Q83175480,İbrahim
http://www_wikidata_org/entity/Q83175484,Omer
http://www_wikidata_org/entity/Q83175486,Muhittin
http://www_wikidata_org/entity/Q833015,Celebrimbor
http://www_wikidata_org/entity/Q833933,HAL 9000
http://www_wikidata_org/entity/Q834568,Yusaku Kudo
http://www_wikidata_org/entity/Q834590,Bull Demon King
http://www_wikidata_org/entity/Q83466339,"Princess ""No-Knees"""
http://www_wikidata_org/entity/Q834706,Richard Tyler
http://www_wikidata_org/entity/Q835154,Michael Corleone
http://www_wikidata_org/entity/Q835191,Karl Mayer
http://www_wikidata_org/entity/Q835558,Sybill Trelawney
http://www_wikidata_org/entity/Q835811,Patrick Zala
http://www_wikidata_org/entity/Q835833,Rúmil
http://www_wikidata_org/entity/Q83612202,Laris
http://www_wikidata_org/entity/Q83612211,Zhaban
http://www_wikidata_org/entity/Q83612214,Narek
http://www_wikidata_org/entity/Q83612215,Soji Asha
http://www_wikidata_org/entity/Q836134,Yan Qing
http://www_wikidata_org/entity/Q836142,Zhou Tong
http://www_wikidata_org/entity/Q83635238,Maria
http://www_wikidata_org/entity/Q83635239,Rosaura
http://www_wikidata_org/entity/Q83635240,Colombina
http://www_wikidata_org/entity/Q83635244,Dr_ Balanzoni
http://www_wikidata_org/entity/Q83635247,Brighella
http://www_wikidata_org/entity/Q83635249,Zanetto
http://www_wikidata_org/entity/Q83635252,Pancrazio
http://www_wikidata_org/entity/Q83635256,Beatrice
http://www_wikidata_org/entity/Q83635258,Florino
http://www_wikidata_org/entity/Q83635261,Lelio
http://www_wikidata_org/entity/Q83635290,Tonino
http://www_wikidata_org/entity/Q83635295,Arlecchino
http://www_wikidata_org/entity/Q83635297,Α porter
http://www_wikidata_org/entity/Q83635301,Bargello
http://www_wikidata_org/entity/Q83635303,Tiburzio
http://www_wikidata_org/entity/Q83635307,Dareios Ronkalas
http://www_wikidata_org/entity/Q83635310,Ronkalaina
http://www_wikidata_org/entity/Q83635313,Draganigos
http://www_wikidata_org/entity/Q83635316,Garoufalia
http://www_wikidata_org/entity/Q83635344,Bousakas
http://www_wikidata_org/entity/Q83635348,Q83635348
http://www_wikidata_org/entity/Q83635350,Lanaro
http://www_wikidata_org/entity/Q83635353,Filippakis
http://www_wikidata_org/entity/Q83635357,Glossidis
http://www_wikidata_org/entity/Q83635359,Q83635359
http://www_wikidata_org/entity/Q83635363,Gerasimakis
http://www_wikidata_org/entity/Q83635366,Gero Nikolas
http://www_wikidata_org/entity/Q83635369,Kosmas Karapatis
http://www_wikidata_org/entity/Q83635395,Ovria
http://www_wikidata_org/entity/Q83635397,Kaporal Trapolas
http://www_wikidata_org/entity/Q83635400,Singer A
http://www_wikidata_org/entity/Q83635404,Singer B
http://www_wikidata_org/entity/Q83635406,Singer C
http://www_wikidata_org/entity/Q83636577,Grande Dame
http://www_wikidata_org/entity/Q83636579,Doctor
http://www_wikidata_org/entity/Q83636657,Victor Paumelle
http://www_wikidata_org/entity/Q83636658,Emilie Paumelle
http://www_wikidata_org/entity/Q83636660,Charles Paumelle
http://www_wikidata_org/entity/Q83636662,Thérèse Magneau
http://www_wikidata_org/entity/Q83636663,Antoine Magneau
http://www_wikidata_org/entity/Q83636664,Esther Magneau
http://www_wikidata_org/entity/Q83636666,General Etienne Lonsegur
http://www_wikidata_org/entity/Q83636667,Ida Mortemart
http://www_wikidata_org/entity/Q83636668,Lili
http://www_wikidata_org/entity/Q83638989,Thomas
http://www_wikidata_org/entity/Q83643612,Bucca of the Marish
http://www_wikidata_org/entity/Q837292,Ou Peng
http://www_wikidata_org/entity/Q837909,Stewie Griffin
http://www_wikidata_org/entity/Q83799736,Gefilte P_ Fish
http://www_wikidata_org/entity/Q838133,Zhang Qing
http://www_wikidata_org/entity/Q839485,XANA
http://www_wikidata_org/entity/Q83964732,Xeinos
http://www_wikidata_org/entity/Q839766,Goten
http://www_wikidata_org/entity/Q840305,Cho Chang
http://www_wikidata_org/entity/Q840312,Chen Zhen
http://www_wikidata_org/entity/Q840368,Jill Valentine
http://www_wikidata_org/entity/Q84129896,Mouilletu
http://www_wikidata_org/entity/Q84129898,Amelie
http://www_wikidata_org/entity/Q84129901,Pochet
http://www_wikidata_org/entity/Q84129903,Valcreuse
http://www_wikidata_org/entity/Q84129905,Yvonne
http://www_wikidata_org/entity/Q84129908,Etienne
http://www_wikidata_org/entity/Q84129910,Le Prince
http://www_wikidata_org/entity/Q84129912,Marcel Courbois
http://www_wikidata_org/entity/Q84129914,Bibichon
http://www_wikidata_org/entity/Q84129929,Virginie
http://www_wikidata_org/entity/Q84129930,Adonis
http://www_wikidata_org/entity/Q84129932,Koschnadieff
http://www_wikidata_org/entity/Q84129934,Irene
http://www_wikidata_org/entity/Q84129936,Van Putzeboum
http://www_wikidata_org/entity/Q84129938,Palmyre
http://www_wikidata_org/entity/Q84129939,Boas
http://www_wikidata_org/entity/Q84129941,Charlotte
http://www_wikidata_org/entity/Q84129943,Lizzie
http://www_wikidata_org/entity/Q84129967,The Senator
http://www_wikidata_org/entity/Q84129969,John
http://www_wikidata_org/entity/Q84129973,First man
http://www_wikidata_org/entity/Q84129975,Second man
http://www_wikidata_org/entity/Q84129976,Agnes
http://www_wikidata_org/entity/Q84129979,Therese
http://www_wikidata_org/entity/Q84129980,Clerk
http://www_wikidata_org/entity/Q84129982,The Man from Bellac
http://www_wikidata_org/entity/Q84129984,The Vice President
http://www_wikidata_org/entity/Q84129995,Mr Cracheton
http://www_wikidata_org/entity/Q84130007,Mr Lepedura
http://www_wikidata_org/entity/Q84130009,Mr Rasemutte
http://www_wikidata_org/entity/Q84130011,Mr Schultz
http://www_wikidata_org/entity/Q84130014,The President
http://www_wikidata_org/entity/Q84130017,Miss Chevredent
http://www_wikidata_org/entity/Q84130018,Dora
http://www_wikidata_org/entity/Q84130021,Judge Harry Wilkins
http://www_wikidata_org/entity/Q84130024,Miriam Wilkins
http://www_wikidata_org/entity/Q84130030,Ruth Wilkins
http://www_wikidata_org/entity/Q84130042,Mrs_ Edith Wilkins
http://www_wikidata_org/entity/Q84130047,Albert Kummer
http://www_wikidata_org/entity/Q84130050,Lt_ William Seawright
http://www_wikidata_org/entity/Q84130054,Martha Seawright
http://www_wikidata_org/entity/Q84130056,Harold Kobbermeyer
http://www_wikidata_org/entity/Q84130059,Sgt_ Chuck Vincent
http://www_wikidata_org/entity/Q84130784,Mayor
http://www_wikidata_org/entity/Q84130785,Fred
http://www_wikidata_org/entity/Q84130789,The Negro
http://www_wikidata_org/entity/Q841308,Rufus Scrimgeour
http://www_wikidata_org/entity/Q84153042,Oh
http://www_wikidata_org/entity/Q84153357,Narissa Rizzo
http://www_wikidata_org/entity/Q841669,Cedric Diggory
http://www_wikidata_org/entity/Q842104,Grampa Simpson
http://www_wikidata_org/entity/Q842178,Lucius Malfoy
http://www_wikidata_org/entity/Q842506,Armando Dippet
http://www_wikidata_org/entity/Q842511,Flintheart Glomgold
http://www_wikidata_org/entity/Q84315221,Finchen
http://www_wikidata_org/entity/Q843345,Yamcha
http://www_wikidata_org/entity/Q843779,Klaus Mikaelson
http://www_wikidata_org/entity/Q844066,Narada
http://www_wikidata_org/entity/Q84422906,Aladin
http://www_wikidata_org/entity/Q844432,Firebird
http://www_wikidata_org/entity/Q844697,Conan Edogawa
http://www_wikidata_org/entity/Q845059,Tōshirō Hitsugaya
http://www_wikidata_org/entity/Q84513013,Verminous Skumm
http://www_wikidata_org/entity/Q84513014,Hoggish Greedly
http://www_wikidata_org/entity/Q84513067,Duke Nukem
http://www_wikidata_org/entity/Q845208,Ayumu Kasuga
http://www_wikidata_org/entity/Q845403,Nagini
http://www_wikidata_org/entity/Q845516,Ronald Opus
http://www_wikidata_org/entity/Q84581412,Yamikumo Kerin
http://www_wikidata_org/entity/Q84604914,Thomas
http://www_wikidata_org/entity/Q84604915,Solon
http://www_wikidata_org/entity/Q84604916,Lina
http://www_wikidata_org/entity/Q84604917,Old chap Spyros
http://www_wikidata_org/entity/Q84604920,Spyros Dalegkos
http://www_wikidata_org/entity/Q84604922,Annitsa
http://www_wikidata_org/entity/Q84604923,Angeliki
http://www_wikidata_org/entity/Q84604925,Damalas
http://www_wikidata_org/entity/Q84604926,Stathis
http://www_wikidata_org/entity/Q84604940,Stavros
http://www_wikidata_org/entity/Q84604951,Partsaklis
http://www_wikidata_org/entity/Q84604952,Thanasis
http://www_wikidata_org/entity/Q84604954,Pyris
http://www_wikidata_org/entity/Q84604957,Troupis
http://www_wikidata_org/entity/Q84604961,Livanas
http://www_wikidata_org/entity/Q84604963,Pharmacist
http://www_wikidata_org/entity/Q84604966,First voter
http://www_wikidata_org/entity/Q84604969,Second voter
http://www_wikidata_org/entity/Q84604976,Ntinos Dentrakis
http://www_wikidata_org/entity/Q84604987,Amalitsa
http://www_wikidata_org/entity/Q84604989,Pelagia
http://www_wikidata_org/entity/Q84604992,Georgitsa
http://www_wikidata_org/entity/Q84604996,Evrydiki
http://www_wikidata_org/entity/Q84604997,Samouil
http://www_wikidata_org/entity/Q84604999,Dimitris
http://www_wikidata_org/entity/Q84605003,Mana
http://www_wikidata_org/entity/Q84605007,Chrouso
http://www_wikidata_org/entity/Q84605017,Anthoula
http://www_wikidata_org/entity/Q84605025,Sechir Agas
http://www_wikidata_org/entity/Q84605027,Giannis
http://www_wikidata_org/entity/Q84605029,Anagnostis
http://www_wikidata_org/entity/Q84605031,First Kotzampasis
http://www_wikidata_org/entity/Q84605033,Seond Kotzampasis
http://www_wikidata_org/entity/Q84605035,Third Kotzampasis
http://www_wikidata_org/entity/Q84605040,A child
http://www_wikidata_org/entity/Q84605041,soldier
http://www_wikidata_org/entity/Q84605051,messenger
http://www_wikidata_org/entity/Q84605062,Petros Dragas
http://www_wikidata_org/entity/Q84605064,Eleni
http://www_wikidata_org/entity/Q84605067,Q84605067
http://www_wikidata_org/entity/Q84605068,Kostas Kantias
http://www_wikidata_org/entity/Q84605070,Stathis Lovlas
http://www_wikidata_org/entity/Q84605072,Lawyer of plaintiff
http://www_wikidata_org/entity/Q84605076,Judge-Rapporteur
http://www_wikidata_org/entity/Q84605077,Reporter
http://www_wikidata_org/entity/Q84605094,Sophia
http://www_wikidata_org/entity/Q84605112,A woman
http://www_wikidata_org/entity/Q84605114,Policeman
http://www_wikidata_org/entity/Q84605118,Melinda
http://www_wikidata_org/entity/Q84605123,Howard
http://www_wikidata_org/entity/Q84605127,Rachel Brown
http://www_wikidata_org/entity/Q84605129,Meeker
http://www_wikidata_org/entity/Q84605134,Bertram Cates
http://www_wikidata_org/entity/Q84605139,Mr_ Goodfellow
http://www_wikidata_org/entity/Q84605150,Mrs_ Krebs
http://www_wikidata_org/entity/Q84605166,Rev_ Jeremiah Brown
http://www_wikidata_org/entity/Q84605169,Corkin
http://www_wikidata_org/entity/Q84605172,Bollinger
http://www_wikidata_org/entity/Q84605176,Cooper
http://www_wikidata_org/entity/Q84605179,Melinda's mother
http://www_wikidata_org/entity/Q84605182,Platt
http://www_wikidata_org/entity/Q84605186,Mr_ Bannister
http://www_wikidata_org/entity/Q84605190,Hot Dog Man
http://www_wikidata_org/entity/Q84605207,Mrs_ McLain
http://www_wikidata_org/entity/Q84605227,Mrs_ Blair
http://www_wikidata_org/entity/Q84605229,Elijah
http://www_wikidata_org/entity/Q84605232,Hornbeck
http://www_wikidata_org/entity/Q84605237,Timmy
http://www_wikidata_org/entity/Q84605238,Mayor
http://www_wikidata_org/entity/Q84605241,Matthew Harrison Brady
http://www_wikidata_org/entity/Q84605246,Mrs_ Brady
http://www_wikidata_org/entity/Q84605250,Photographer
http://www_wikidata_org/entity/Q84605261,Tom Davenport
http://www_wikidata_org/entity/Q84605279,Henry Drummond
http://www_wikidata_org/entity/Q84605281,Judge
http://www_wikidata_org/entity/Q84605285,Dunlap
http://www_wikidata_org/entity/Q84605288,Sillers
http://www_wikidata_org/entity/Q84605290,Reuter's Man
http://www_wikidata_org/entity/Q84605292,A woman
http://www_wikidata_org/entity/Q84605294,Kaiti Douka
http://www_wikidata_org/entity/Q84605296,Q84605296
http://www_wikidata_org/entity/Q84605308,Nikos Karlis
http://www_wikidata_org/entity/Q84605323,Mrs Vilmou
http://www_wikidata_org/entity/Q84605325,Christos Papadopoulos
http://www_wikidata_org/entity/Q84605327,Eleni Karli
http://www_wikidata_org/entity/Q84605330,Matina Papadopoulou
http://www_wikidata_org/entity/Q84605333,Kostas
http://www_wikidata_org/entity/Q84605335,Q84605335
http://www_wikidata_org/entity/Q84605339,Giagkos Pelidis
http://www_wikidata_org/entity/Q84605341,Stanley Harrington
http://www_wikidata_org/entity/Q84605351,Louise Harrington
http://www_wikidata_org/entity/Q84605367,Clive Harrington
http://www_wikidata_org/entity/Q84605369,Walter Langer
http://www_wikidata_org/entity/Q84605371,Pamela Harrington
http://www_wikidata_org/entity/Q84605377,Léon de St Pé
http://www_wikidata_org/entity/Q84605380,Marie-Christine
http://www_wikidata_org/entity/Q84605382,Grandmother
http://www_wikidata_org/entity/Q84605385,Flipote
http://www_wikidata_org/entity/Q84605387,La Ficelle
http://www_wikidata_org/entity/Q84605394,Ada
http://www_wikidata_org/entity/Q84605403,Toto
http://www_wikidata_org/entity/Q84605406,New maid
http://www_wikidata_org/entity/Q84605409,Lebelluc
http://www_wikidata_org/entity/Q84605412,La Présidente
http://www_wikidata_org/entity/Q84605414,Second woman judge
http://www_wikidata_org/entity/Q84605416,Third woman judge
http://www_wikidata_org/entity/Q84605419,Mise en scène
http://www_wikidata_org/entity/Q84605422,Décors
http://www_wikidata_org/entity/Q84605433,Polymnia
http://www_wikidata_org/entity/Q84605447,Marika
http://www_wikidata_org/entity/Q84605449,Froso's mother
http://www_wikidata_org/entity/Q84605451,Themos
http://www_wikidata_org/entity/Q84605455,Kyra Stamata
http://www_wikidata_org/entity/Q84605459,Waiter
http://www_wikidata_org/entity/Q84605461,"Petros Papapetrou,"
http://www_wikidata_org/entity/Q84605464,shoe-shine boy
http://www_wikidata_org/entity/Q84605466,Vaso
http://www_wikidata_org/entity/Q84605474,Petrakis Papapetros
http://www_wikidata_org/entity/Q84605489,Giorgos
http://www_wikidata_org/entity/Q84605491,Kiki
http://www_wikidata_org/entity/Q84605493,Dezire
http://www_wikidata_org/entity/Q84605497,Elpiniki's uncle
http://www_wikidata_org/entity/Q84605498,Elpiniki's cousin
http://www_wikidata_org/entity/Q84605500,Queen Theofano
http://www_wikidata_org/entity/Q84605502,King Nikephoros Phokas
http://www_wikidata_org/entity/Q84605504,John Tzimiskes
http://www_wikidata_org/entity/Q84605516,Kouropalatai Leo Phokas
http://www_wikidata_org/entity/Q84605527,Protospatharios
http://www_wikidata_org/entity/Q84605529,Slave
http://www_wikidata_org/entity/Q84605532,Monk
http://www_wikidata_org/entity/Q84605537,Koitonissa
http://www_wikidata_org/entity/Q84605540,Michail Vourtsis
http://www_wikidata_org/entity/Q84605542,Leon Valantis
http://www_wikidata_org/entity/Q84605544,Leon Pediasimos
http://www_wikidata_org/entity/Q84605548,Ioannis Atzypotheodoros
http://www_wikidata_org/entity/Q84605555,Isaakof Vachram
http://www_wikidata_org/entity/Q84605566,Zoe
http://www_wikidata_org/entity/Q84605568,Theodora
http://www_wikidata_org/entity/Q84605570,Theophano
http://www_wikidata_org/entity/Q84605573,Anna
http://www_wikidata_org/entity/Q84605576,Agatha
http://www_wikidata_org/entity/Q84605578,Vladimirescu
http://www_wikidata_org/entity/Q84605581,Kaminaris
http://www_wikidata_org/entity/Q84605583,Drakoulis
http://www_wikidata_org/entity/Q84605591,Monastirioti
http://www_wikidata_org/entity/Q84605602,Alexander Ypsilantis
http://www_wikidata_org/entity/Q84605604,Lazanis
http://www_wikidata_org/entity/Q84605606,Olympios
http://www_wikidata_org/entity/Q84605609,Karavias
http://www_wikidata_org/entity/Q84605611,Nikolaos Ypsilantis
http://www_wikidata_org/entity/Q84605613,First member of Sacred Band
http://www_wikidata_org/entity/Q84605615,Second member of Sacred Band
http://www_wikidata_org/entity/Q84605617,Villager
http://www_wikidata_org/entity/Q84605625,Krokias
http://www_wikidata_org/entity/Q84605641,Warrior
http://www_wikidata_org/entity/Q84605643,Angelo Baldovino
http://www_wikidata_org/entity/Q84605645,Agata Renni
http://www_wikidata_org/entity/Q84605650,Mrs Maddalena
http://www_wikidata_org/entity/Q84605654,Marquis Fabio Colli
http://www_wikidata_org/entity/Q84605656,Maurizio Setti
http://www_wikidata_org/entity/Q84605658,A Clerygman
http://www_wikidata_org/entity/Q84605660,Marchetto Fongi
http://www_wikidata_org/entity/Q84605670,A Maid
http://www_wikidata_org/entity/Q84605680,A Butler
http://www_wikidata_org/entity/Q84605682,First Director of the Board
http://www_wikidata_org/entity/Q84605684,Second Director of the Board
http://www_wikidata_org/entity/Q84605688,Third Director of the Board
http://www_wikidata_org/entity/Q84605690,Forth Director of the Board
http://www_wikidata_org/entity/Q84605693,Cléante
http://www_wikidata_org/entity/Q84605696,Valère
http://www_wikidata_org/entity/Q84605699,Marianne
http://www_wikidata_org/entity/Q84605709,Elise
http://www_wikidata_org/entity/Q84605721,Anselme
http://www_wikidata_org/entity/Q84605723,Frosine
http://www_wikidata_org/entity/Q84605726,Master Simon
http://www_wikidata_org/entity/Q84605730,Master Jacques
http://www_wikidata_org/entity/Q84605733,La Flèche
http://www_wikidata_org/entity/Q84605735,Mistress Claude
http://www_wikidata_org/entity/Q84605737,Brindavoine
http://www_wikidata_org/entity/Q84605738,La Merluche
http://www_wikidata_org/entity/Q84605746,A Magistrate
http://www_wikidata_org/entity/Q84605758,Clerk of Magistrate
http://www_wikidata_org/entity/Q84607061,Martha
http://www_wikidata_org/entity/Q84607067,Vana
http://www_wikidata_org/entity/Q84607262,First worker
http://www_wikidata_org/entity/Q84607468,Second worker
http://www_wikidata_org/entity/Q84607696,Toula
http://www_wikidata_org/entity/Q846478,GAT-X102 Duel Gundam
http://www_wikidata_org/entity/Q846982,Tooth fairy
http://www_wikidata_org/entity/Q847157,Ossë
http://www_wikidata_org/entity/Q84766191,Aunt Carrol
http://www_wikidata_org/entity/Q84766528,Mr_ Davis
http://www_wikidata_org/entity/Q84823998,Froso
http://www_wikidata_org/entity/Q848360,Fuwa
http://www_wikidata_org/entity/Q848673,Shaggy Rogers
http://www_wikidata_org/entity/Q84948793,Heinrich Hummel
http://www_wikidata_org/entity/Q849678,Akama
http://www_wikidata_org/entity/Q849700,Deathwing
http://www_wikidata_org/entity/Q849735,Korialstrasz
http://www_wikidata_org/entity/Q849758,Vol'jin
http://www_wikidata_org/entity/Q85003926,Mrs_ King
http://www_wikidata_org/entity/Q850311,Betty Bowers
http://www_wikidata_org/entity/Q85083063,Savvas
http://www_wikidata_org/entity/Q85083066,Giannis
http://www_wikidata_org/entity/Q85083067,Maria
http://www_wikidata_org/entity/Q85083069,Tarzan
http://www_wikidata_org/entity/Q85083072,Vagia
http://www_wikidata_org/entity/Q85083073,Marina
http://www_wikidata_org/entity/Q85083076,Stefanos
http://www_wikidata_org/entity/Q85083078,Bishop
http://www_wikidata_org/entity/Q85083080,First outrider
http://www_wikidata_org/entity/Q85083103,Second outrider
http://www_wikidata_org/entity/Q85083105,Ioulianos
http://www_wikidata_org/entity/Q85083107,Young General
http://www_wikidata_org/entity/Q85083109,Man General
http://www_wikidata_org/entity/Q85083110,Elderly General
http://www_wikidata_org/entity/Q85083113,Pigasos
http://www_wikidata_org/entity/Q85083116,Goumenos (Abbot)
http://www_wikidata_org/entity/Q85083118,Penman
http://www_wikidata_org/entity/Q85083119,Old man
http://www_wikidata_org/entity/Q85083137,Stratis
http://www_wikidata_org/entity/Q85083140,First soldier
http://www_wikidata_org/entity/Q85083142,Second soldier
http://www_wikidata_org/entity/Q85083144,First guard
http://www_wikidata_org/entity/Q85083146,Second guard
http://www_wikidata_org/entity/Q85083147,Disciple
http://www_wikidata_org/entity/Q85083151,First conspirator
http://www_wikidata_org/entity/Q85083152,Second conspirator
http://www_wikidata_org/entity/Q85083154,Third conspirator
http://www_wikidata_org/entity/Q85083168,Messenger
http://www_wikidata_org/entity/Q85083171,Christian
http://www_wikidata_org/entity/Q85083172,Ethnikos
http://www_wikidata_org/entity/Q85083178,Anchorite
http://www_wikidata_org/entity/Q85083179,Queen
http://www_wikidata_org/entity/Q85083181,First messenger
http://www_wikidata_org/entity/Q85083183,Second messenger
http://www_wikidata_org/entity/Q85083184,Third messenger
http://www_wikidata_org/entity/Q85083187,First odalisque
http://www_wikidata_org/entity/Q85083209,Second odalisque
http://www_wikidata_org/entity/Q85083213,Third odalisque
http://www_wikidata_org/entity/Q85083215,Slave
http://www_wikidata_org/entity/Q85083219,Ippareti
http://www_wikidata_org/entity/Q85083222,Fylo
http://www_wikidata_org/entity/Q85083226,Alkiviadis
http://www_wikidata_org/entity/Q85083228,Nikias
http://www_wikidata_org/entity/Q85083231,Lamachos
http://www_wikidata_org/entity/Q85083235,Antiochos
http://www_wikidata_org/entity/Q85083267,Sokratis
http://www_wikidata_org/entity/Q85083270,Guard
http://www_wikidata_org/entity/Q85083273,Messenger
http://www_wikidata_org/entity/Q85083276,Sikeliotissa
http://www_wikidata_org/entity/Q85083279,Triirarchos
http://www_wikidata_org/entity/Q85083281,Klearchos
http://www_wikidata_org/entity/Q85083286,First curator of Sparta
http://www_wikidata_org/entity/Q85083288,Second curator of Sparta
http://www_wikidata_org/entity/Q85083291,Lysandros
http://www_wikidata_org/entity/Q85083305,Timaia
http://www_wikidata_org/entity/Q85083306,Farnavazos
http://www_wikidata_org/entity/Q85083308,Magaios
http://www_wikidata_org/entity/Q85083309,First Spartan hoplite
http://www_wikidata_org/entity/Q85083311,Second Spartan hoplite
http://www_wikidata_org/entity/Q85083312,Third Spartan hoplite
http://www_wikidata_org/entity/Q85083314,Clytemnestra
http://www_wikidata_org/entity/Q85083315,Agamemnon
http://www_wikidata_org/entity/Q85083318,Aegisthos
http://www_wikidata_org/entity/Q85083339,Cassandra
http://www_wikidata_org/entity/Q85083342,Chryseis
http://www_wikidata_org/entity/Q85083344,Filippos
http://www_wikidata_org/entity/Q85083346,Agathon
http://www_wikidata_org/entity/Q85083348,Herald
http://www_wikidata_org/entity/Q85083350,Erinya I
http://www_wikidata_org/entity/Q85083353,Erinya II
http://www_wikidata_org/entity/Q85083355,Erinya III
http://www_wikidata_org/entity/Q85083356,Giannis
http://www_wikidata_org/entity/Q85083380,Eleni
http://www_wikidata_org/entity/Q85083382,Kostas
http://www_wikidata_org/entity/Q85083384,Anna
http://www_wikidata_org/entity/Q85083387,Peddler
http://www_wikidata_org/entity/Q85083390,Doctor
http://www_wikidata_org/entity/Q85083391,Alexis
http://www_wikidata_org/entity/Q85083393,Christina
http://www_wikidata_org/entity/Q85083396,Homeowner
http://www_wikidata_org/entity/Q85083398,Designer
http://www_wikidata_org/entity/Q85083418,First civil engineer
http://www_wikidata_org/entity/Q85083420,Second civil engineer
http://www_wikidata_org/entity/Q85083422,Court usher
http://www_wikidata_org/entity/Q85083424,Maria d' Angien
http://www_wikidata_org/entity/Q85083426,Peratsos Malipieros
http://www_wikidata_org/entity/Q85083427,Kamateros
http://www_wikidata_org/entity/Q85083430,Sevasti
http://www_wikidata_org/entity/Q85083432,Leon
http://www_wikidata_org/entity/Q85083434,Varnavas
http://www_wikidata_org/entity/Q85083451,Minas
http://www_wikidata_org/entity/Q85083454,Manouil
http://www_wikidata_org/entity/Q85083456,Kaloeidis
http://www_wikidata_org/entity/Q85083458,Maria's Kantsilieris
http://www_wikidata_org/entity/Q85083460,Maria's avra
http://www_wikidata_org/entity/Q85083461,Lavrentis
http://www_wikidata_org/entity/Q85083463,Malipiero's attendant
http://www_wikidata_org/entity/Q85083466,Vourgiseos I
http://www_wikidata_org/entity/Q85083468,Vourgiseos II
http://www_wikidata_org/entity/Q85083486,Vourgiseos III
http://www_wikidata_org/entity/Q85083487,Jew merchant
http://www_wikidata_org/entity/Q85083490,Venetian merchant
http://www_wikidata_org/entity/Q85083492,Genovese merchant
http://www_wikidata_org/entity/Q85083494,Saracen merchant
http://www_wikidata_org/entity/Q85083496,Spanish merchant
http://www_wikidata_org/entity/Q85083497,Notaros
http://www_wikidata_org/entity/Q85083499,A man
http://www_wikidata_org/entity/Q85083501,First woman
http://www_wikidata_org/entity/Q85083519,Second woman
http://www_wikidata_org/entity/Q85083520,Grandfather
http://www_wikidata_org/entity/Q85083522,Mother
http://www_wikidata_org/entity/Q85083526,Andrés
http://www_wikidata_org/entity/Q85083528,Dorina
http://www_wikidata_org/entity/Q85083530,Falín
http://www_wikidata_org/entity/Q85083532,Peregrina
http://www_wikidata_org/entity/Q85083533,Adela
http://www_wikidata_org/entity/Q85083534,Martín
http://www_wikidata_org/entity/Q85083544,Angelica
http://www_wikidata_org/entity/Q85083545,Telva
http://www_wikidata_org/entity/Q85083548,Quico
http://www_wikidata_org/entity/Q85121080,Elnor
http://www_wikidata_org/entity/Q85124687,Captain Sfakianos
http://www_wikidata_org/entity/Q85124689,Chrysoula
http://www_wikidata_org/entity/Q85124691,Ermioni
http://www_wikidata_org/entity/Q85124692,Alkmini
http://www_wikidata_org/entity/Q85124694,Olympia
http://www_wikidata_org/entity/Q85124695,Avgoustis
http://www_wikidata_org/entity/Q85124697,Dionysis
http://www_wikidata_org/entity/Q85124699,Makris
http://www_wikidata_org/entity/Q85124700,Aimilios
http://www_wikidata_org/entity/Q85124714,Makis
http://www_wikidata_org/entity/Q85124716,Artemiadou
http://www_wikidata_org/entity/Q85124717,Roumpani
http://www_wikidata_org/entity/Q85124719,Angeliki
http://www_wikidata_org/entity/Q85124721,Mailman
http://www_wikidata_org/entity/Q85124722,A Sailor
http://www_wikidata_org/entity/Q85124724,Mrs Maremi
http://www_wikidata_org/entity/Q85124726,Liza
http://www_wikidata_org/entity/Q85124727,A soldier
http://www_wikidata_org/entity/Q85124743,A captain
http://www_wikidata_org/entity/Q85124745,Chaido
http://www_wikidata_org/entity/Q85124747,Barmpa Thomas
http://www_wikidata_org/entity/Q85124748,Stroumpoulas
http://www_wikidata_org/entity/Q85124750,Elli
http://www_wikidata_org/entity/Q85124751,Panos Sorlegkas
http://www_wikidata_org/entity/Q85124753,Gria Maro
http://www_wikidata_org/entity/Q85124755,Pater Agathangelos
http://www_wikidata_org/entity/Q85124756,Dimitris
http://www_wikidata_org/entity/Q85124772,Kapsorachis
http://www_wikidata_org/entity/Q85124773,A young man
http://www_wikidata_org/entity/Q85124775,Kapetan Kalogeras
http://www_wikidata_org/entity/Q85124778,Erinaki
http://www_wikidata_org/entity/Q85124779,Filio
http://www_wikidata_org/entity/Q85124781,Kostis
http://www_wikidata_org/entity/Q85124783,Flouri
http://www_wikidata_org/entity/Q85124784,Kallio
http://www_wikidata_org/entity/Q85124786,Mario
http://www_wikidata_org/entity/Q85124800,Manolis
http://www_wikidata_org/entity/Q85124801,Lefteritsa
http://www_wikidata_org/entity/Q85124803,Koula
http://www_wikidata_org/entity/Q85124805,Pagona
http://www_wikidata_org/entity/Q85124806,Frixos
http://www_wikidata_org/entity/Q85124808,Gianna
http://www_wikidata_org/entity/Q85124810,Betsos
http://www_wikidata_org/entity/Q85124811,Mayor
http://www_wikidata_org/entity/Q85124813,Michalios
http://www_wikidata_org/entity/Q85124829,Varydakis
http://www_wikidata_org/entity/Q85124831,Teacher
http://www_wikidata_org/entity/Q85124832,Priest
http://www_wikidata_org/entity/Q85124835,Chief of constabulary
http://www_wikidata_org/entity/Q85124837,Coffee house owner
http://www_wikidata_org/entity/Q85124838,Paragios
http://www_wikidata_org/entity/Q85124841,Kyparissakis
http://www_wikidata_org/entity/Q85124843,Lelekogiorgis
http://www_wikidata_org/entity/Q85124845,Smaragdina
http://www_wikidata_org/entity/Q85124861,Pavlis
http://www_wikidata_org/entity/Q85124864,Kefalogiorgis
http://www_wikidata_org/entity/Q85124866,Pitsilis
http://www_wikidata_org/entity/Q85124867,Bontikogiannis
http://www_wikidata_org/entity/Q85124871,Nikolontais
http://www_wikidata_org/entity/Q85124873,Psilifothias
http://www_wikidata_org/entity/Q85124875,First dancer
http://www_wikidata_org/entity/Q85124876,Kontessa Michalitsaina
http://www_wikidata_org/entity/Q85124877,Anneta
http://www_wikidata_org/entity/Q85124884,Nionios
http://www_wikidata_org/entity/Q85124886,Konte Merkatis
http://www_wikidata_org/entity/Q85124888,Konte Makris
http://www_wikidata_org/entity/Q85124891,Kontessa Makri
http://www_wikidata_org/entity/Q85124892,Sinior Rossis
http://www_wikidata_org/entity/Q85124894,Konte Ntarios
http://www_wikidata_org/entity/Q85124896,Martelaos
http://www_wikidata_org/entity/Q85124897,Konte Lountzis
http://www_wikidata_org/entity/Q85124898,Kavalier Kokkinis
http://www_wikidata_org/entity/Q85124901,Alevizos
http://www_wikidata_org/entity/Q85124902,Martinegkos
http://www_wikidata_org/entity/Q85124903,Varonos Sigouros
http://www_wikidata_org/entity/Q85124904,Varoni Sigourou
http://www_wikidata_org/entity/Q85124905,Kontessa Koumoutou
http://www_wikidata_org/entity/Q85124906,Kavalier Voultsos
http://www_wikidata_org/entity/Q85124907,Konte Foskardis
http://www_wikidata_org/entity/Q85124908,Memas
http://www_wikidata_org/entity/Q85124909,Stelios
http://www_wikidata_org/entity/Q85124920,Ntotor Psimaris
http://www_wikidata_org/entity/Q85124921,A Tzakompinos
http://www_wikidata_org/entity/Q85124923,V Tzakompinos
http://www_wikidata_org/entity/Q85124925,Forestis
http://www_wikidata_org/entity/Q85124927,Giatros Taliaperas
http://www_wikidata_org/entity/Q85124928,Varonos Karer
http://www_wikidata_org/entity/Q85124930,Fourtounis
http://www_wikidata_org/entity/Q85124931,Papa-Koutouzis
http://www_wikidata_org/entity/Q85124933,English officer
http://www_wikidata_org/entity/Q85124945,English soldier
http://www_wikidata_org/entity/Q85124947,Araminte
http://www_wikidata_org/entity/Q85124948,Dorante
http://www_wikidata_org/entity/Q85124950,Monsieur Rémy
http://www_wikidata_org/entity/Q85124953,Madame Argante
http://www_wikidata_org/entity/Q85124955,Dubois
http://www_wikidata_org/entity/Q85124957,Marton
http://www_wikidata_org/entity/Q85124960,Count Dorimont
http://www_wikidata_org/entity/Q85124961,Q85124961
http://www_wikidata_org/entity/Q85215416,Sganarelle
http://www_wikidata_org/entity/Q85215778,Ariste
http://www_wikidata_org/entity/Q85216061,Isabella
http://www_wikidata_org/entity/Q85216304,Léonor
http://www_wikidata_org/entity/Q85216411,Lisette
http://www_wikidata_org/entity/Q85216417,Valère
http://www_wikidata_org/entity/Q85216426,Ergaste
http://www_wikidata_org/entity/Q85216448,A Magistrate
http://www_wikidata_org/entity/Q85216694,A Notary
http://www_wikidata_org/entity/Q85299621,Q85299621
http://www_wikidata_org/entity/Q853073,Lois Griffin
http://www_wikidata_org/entity/Q85327516,Roboco-san
http://www_wikidata_org/entity/Q85416386,Klingon Player #2
http://www_wikidata_org/entity/Q854212,Gladstone Gander
http://www_wikidata_org/entity/Q855089,Bhrigu
http://www_wikidata_org/entity/Q855137,ZGMF-X19A ∞ Justice Gundam
http://www_wikidata_org/entity/Q855638,Ruan Xiaoer
http://www_wikidata_org/entity/Q855644,Peng Qi
http://www_wikidata_org/entity/Q855657,Xiao Rang
http://www_wikidata_org/entity/Q855661,Li Jun
http://www_wikidata_org/entity/Q855667,Hao Siwen
http://www_wikidata_org/entity/Q855686,Zhang Heng
http://www_wikidata_org/entity/Q855720,Zhu Wu
http://www_wikidata_org/entity/Q855969,B'Elanna Torres
http://www_wikidata_org/entity/Q856033,Yang Lin
http://www_wikidata_org/entity/Q856406,Lü Fang
http://www_wikidata_org/entity/Q857329,Guo Sheng
http://www_wikidata_org/entity/Q85762489,Gage Creed
http://www_wikidata_org/entity/Q85797188,Richie Tozier
http://www_wikidata_org/entity/Q85797599,Roboto
http://www_wikidata_org/entity/Q85812805,Varric Tethras
http://www_wikidata_org/entity/Q858526,Meng Tan
http://www_wikidata_org/entity/Q85868997,Shikamaro-kun
http://www_wikidata_org/entity/Q858763,Kamen Rider ZX
http://www_wikidata_org/entity/Q85878568,Xia Xun
http://www_wikidata_org/entity/Q85901701,Megumin
http://www_wikidata_org/entity/Q859223,E Huan
http://www_wikidata_org/entity/Q859233,Mangyachang
http://www_wikidata_org/entity/Q85931801,Darkness
http://www_wikidata_org/entity/Q859351,Cell
http://www_wikidata_org/entity/Q85961806,Vup
http://www_wikidata_org/entity/Q859640,Cen Bi
http://www_wikidata_org/entity/Q85968985,Blitzen
http://www_wikidata_org/entity/Q85972952,Meg McCaffrey
http://www_wikidata_org/entity/Q85979224,Ștefan Tipătescu
http://www_wikidata_org/entity/Q85983501,Yuni
http://www_wikidata_org/entity/Q859839,Gou An
http://www_wikidata_org/entity/Q860320,Charlotte York Goldenblatt
http://www_wikidata_org/entity/Q861350,GAT-X207 Blitz Gundam
http://www_wikidata_org/entity/Q86241050,Q86241050
http://www_wikidata_org/entity/Q863046,Mamoru Chiba
http://www_wikidata_org/entity/Q86428311,Q86428311
http://www_wikidata_org/entity/Q86450070,Q86450070
http://www_wikidata_org/entity/Q865022,RX-0 Unicorn Gundam
http://www_wikidata_org/entity/Q865145,Hayate Yagami
http://www_wikidata_org/entity/Q865187,Reborn
http://www_wikidata_org/entity/Q86530719,Q86530719
http://www_wikidata_org/entity/Q865460,Kamen Rider Kiva
http://www_wikidata_org/entity/Q865779,Q865779
http://www_wikidata_org/entity/Q865970,Shi Yong
http://www_wikidata_org/entity/Q865974,Huangfu Duan
http://www_wikidata_org/entity/Q866604,Kong Ming
http://www_wikidata_org/entity/Q866870,Duan Jingzhu
http://www_wikidata_org/entity/Q866898,Tong Wei
http://www_wikidata_org/entity/Q866907,Tang Long
http://www_wikidata_org/entity/Q866922,Ding Desun
http://www_wikidata_org/entity/Q867743,Kamen Rider Kuuga
http://www_wikidata_org/entity/Q86816907,Giorgis
http://www_wikidata_org/entity/Q86816908,Giagkos
http://www_wikidata_org/entity/Q86816910,Gria Chelona
http://www_wikidata_org/entity/Q86816911,First girl
http://www_wikidata_org/entity/Q86816913,Second girl
http://www_wikidata_org/entity/Q86816916,Third girl
http://www_wikidata_org/entity/Q86816918,First young man
http://www_wikidata_org/entity/Q86816919,Second young man
http://www_wikidata_org/entity/Q86816921,Triantafyllia
http://www_wikidata_org/entity/Q86816930,Trelokampouros
http://www_wikidata_org/entity/Q86816932,Gero Balis
http://www_wikidata_org/entity/Q86816933,Gria Balou
http://www_wikidata_org/entity/Q86816935,tom Rogers
http://www_wikidata_org/entity/Q86816936,Fred Narracot
http://www_wikidata_org/entity/Q86816942,Mrs Rogers
http://www_wikidata_org/entity/Q86816943,Vera Claythorne
http://www_wikidata_org/entity/Q86816945,Philip Lombard
http://www_wikidata_org/entity/Q86816947,Anthony Marston
http://www_wikidata_org/entity/Q86816956,William Blore
http://www_wikidata_org/entity/Q86816958,General MacKenzie
http://www_wikidata_org/entity/Q86816960,Emily Brent
http://www_wikidata_org/entity/Q86816961,Sir Lawrence Wargarve
http://www_wikidata_org/entity/Q86816963,Dr Armstrong
http://www_wikidata_org/entity/Q86816968,Man
http://www_wikidata_org/entity/Q86816970,Adam Taylor
http://www_wikidata_org/entity/Q86816971,Woman
http://www_wikidata_org/entity/Q86816973,Russell Wilson
http://www_wikidata_org/entity/Q86816975,Mike Mitchell
http://www_wikidata_org/entity/Q86816976,Eileen Taylor
http://www_wikidata_org/entity/Q86816978,Theresa
http://www_wikidata_org/entity/Q86816979,Blanche
http://www_wikidata_org/entity/Q86816980,Noah
http://www_wikidata_org/entity/Q86816987,Eddie
http://www_wikidata_org/entity/Q86816989,Rudolf
http://www_wikidata_org/entity/Q86816990,Stella
http://www_wikidata_org/entity/Q86816993,Danny
http://www_wikidata_org/entity/Q86817009,Frank
http://www_wikidata_org/entity/Q86817011,Stanley
http://www_wikidata_org/entity/Q86817014,Joe
http://www_wikidata_org/entity/Q86817015,Officer
http://www_wikidata_org/entity/Q86817018,Anna
http://www_wikidata_org/entity/Q86817027,Katie
http://www_wikidata_org/entity/Q86817028,Lester
http://www_wikidata_org/entity/Q86817030,General Spence
http://www_wikidata_org/entity/Q86817032,Warder
http://www_wikidata_org/entity/Q86817043,Maid
http://www_wikidata_org/entity/Q86817044,Henry Hutton
http://www_wikidata_org/entity/Q86817046,Dr_ Libbard
http://www_wikidata_org/entity/Q86817048,Doris Mead
http://www_wikidata_org/entity/Q86817049,Nurse Braddock
http://www_wikidata_org/entity/Q86817056,Janet Spence
http://www_wikidata_org/entity/Q86817058,Clara
http://www_wikidata_org/entity/Q86817059,Kostis Dimoulias
http://www_wikidata_org/entity/Q86817061,Chari
http://www_wikidata_org/entity/Q86817071,Nantia
http://www_wikidata_org/entity/Q86817073,Periklis Floras
http://www_wikidata_org/entity/Q86817074,Petros Vergis
http://www_wikidata_org/entity/Q86817076,Ntinos Pongis
http://www_wikidata_org/entity/Q86817077,Manolis Vontikas
http://www_wikidata_org/entity/Q86817082,Katerina
http://www_wikidata_org/entity/Q86817084,Pasquale Lojacono
http://www_wikidata_org/entity/Q86817086,Maria
http://www_wikidata_org/entity/Q86817087,Alfredo Marigliano
http://www_wikidata_org/entity/Q86817096,Armida
http://www_wikidata_org/entity/Q86817098,Silvia
http://www_wikidata_org/entity/Q86817099,Arturo
http://www_wikidata_org/entity/Q86817101,Gastone Califano
http://www_wikidata_org/entity/Q86817103,Raffaele
http://www_wikidata_org/entity/Q86817108,Carmela
http://www_wikidata_org/entity/Q86817109,Saverio Califano
http://www_wikidata_org/entity/Q86817111,Maddalena
http://www_wikidata_org/entity/Q86817113,First porter
http://www_wikidata_org/entity/Q86817121,Second porter
http://www_wikidata_org/entity/Q86817123,professor Santanna
http://www_wikidata_org/entity/Q86817125,Giannoutsos
http://www_wikidata_org/entity/Q86817127,Fortounatos
http://www_wikidata_org/entity/Q86817128,Louras
http://www_wikidata_org/entity/Q86817132,Bozikis
http://www_wikidata_org/entity/Q86817134,Pientantes
http://www_wikidata_org/entity/Q86817136,Tzavarlas
http://www_wikidata_org/entity/Q86817138,Bernampoutsos
http://www_wikidata_org/entity/Q86817146,Thodoros
http://www_wikidata_org/entity/Q86817148,Milia
http://www_wikidata_org/entity/Q86817149,Petronella
http://www_wikidata_org/entity/Q86817151,Avgoustina
http://www_wikidata_org/entity/Q86817153,Petrou
http://www_wikidata_org/entity/Q86817157,Fraros
http://www_wikidata_org/entity/Q870905,Mei Chaofeng
http://www_wikidata_org/entity/Q87289833,Red Hair and Silver Tape
http://www_wikidata_org/entity/Q87369990,Gypsy matchmaker
http://www_wikidata_org/entity/Q87472087,Henk J_ Pal
http://www_wikidata_org/entity/Q87668555,Zima
http://www_wikidata_org/entity/Q8768426,Dior of Gondor
http://www_wikidata_org/entity/Q8771009,Durin IV
http://www_wikidata_org/entity/Q87713518,Mom AI
http://www_wikidata_org/entity/Q87718112,Ramdha
http://www_wikidata_org/entity/Q87718894,Kyaru
http://www_wikidata_org/entity/Q8775173,Elurín
http://www_wikidata_org/entity/Q88235653,Czerka Corperation Master Control System
http://www_wikidata_org/entity/Q885626,Blue Beetle
http://www_wikidata_org/entity/Q88777894,Bubble Man
http://www_wikidata_org/entity/Q88777907,Quick Man
http://www_wikidata_org/entity/Q88777933,Wood Man
http://www_wikidata_org/entity/Q88777944,Ice Man
http://www_wikidata_org/entity/Q88777965,Air Man
http://www_wikidata_org/entity/Q88778108,Heat Man
http://www_wikidata_org/entity/Q88778228,Elec Man
http://www_wikidata_org/entity/Q88778361,Cut Man
http://www_wikidata_org/entity/Q88778441,Metal Man
http://www_wikidata_org/entity/Q88778505,Crash Man
http://www_wikidata_org/entity/Q88778572,Megnet Man
http://www_wikidata_org/entity/Q88778576,Hard Man
http://www_wikidata_org/entity/Q88778580,Top Man
http://www_wikidata_org/entity/Q88778581,Shadow Man
http://www_wikidata_org/entity/Q88778583,Fire Man
http://www_wikidata_org/entity/Q88778640,Snake Man
http://www_wikidata_org/entity/Q88778648,Gemini Man
http://www_wikidata_org/entity/Q88778649,Spark Man
http://www_wikidata_org/entity/Q88778809,Neddle Man
http://www_wikidata_org/entity/Q88778937,Star Man
http://www_wikidata_org/entity/Q88779001,Napalm Man
http://www_wikidata_org/entity/Q88779165,Charge Man
http://www_wikidata_org/entity/Q88779263,Bomb Man
http://www_wikidata_org/entity/Q88779270,Guts Man
http://www_wikidata_org/entity/Q88797955,Chrell
http://www_wikidata_org/entity/Q88865962,Q88865962
http://www_wikidata_org/entity/Q88887951,Gravity Man
http://www_wikidata_org/entity/Q88887954,Wave Man
http://www_wikidata_org/entity/Q88887956,Stone Man
http://www_wikidata_org/entity/Q88887966,Gyro Man
http://www_wikidata_org/entity/Q88887968,Crystal Man
http://www_wikidata_org/entity/Q88887979,Bright Man
http://www_wikidata_org/entity/Q88887988,Flash Man
http://www_wikidata_org/entity/Q88887995,Toad Man
http://www_wikidata_org/entity/Q88888000,Drill Man
http://www_wikidata_org/entity/Q88888003,Pharaoh Man
http://www_wikidata_org/entity/Q88888007,Ring Man
http://www_wikidata_org/entity/Q88888011,Dust Man
http://www_wikidata_org/entity/Q88888012,Dive Man
http://www_wikidata_org/entity/Q88888013,Skull Man
http://www_wikidata_org/entity/Q89098816,Bishop
http://www_wikidata_org/entity/Q89133794,Kara Danvers
http://www_wikidata_org/entity/Q89190556,Joakim Fröberg
http://www_wikidata_org/entity/Q89210859,Vringath Dregg
http://www_wikidata_org/entity/Q892566,Bonifazius Kiesewetter
http://www_wikidata_org/entity/Q89355531,Radolphus Lestrange
http://www_wikidata_org/entity/Q89374608,Ray Palmer
http://www_wikidata_org/entity/Q89581815,Filumena Marturano
http://www_wikidata_org/entity/Q89581825,Domenico Soriano
http://www_wikidata_org/entity/Q89581879,Diana
http://www_wikidata_org/entity/Q89582049,Rosalia Solimene
http://www_wikidata_org/entity/Q89582209,Alfredo Amoroso
http://www_wikidata_org/entity/Q89593906,Jimmy Porter
http://www_wikidata_org/entity/Q89593910,Alison Porter
http://www_wikidata_org/entity/Q89593921,Cliff Lewis
http://www_wikidata_org/entity/Q89593927,Helena Charles
http://www_wikidata_org/entity/Q89593932,Colonel Redfern
http://www_wikidata_org/entity/Q8961699,Fimbrethil
http://www_wikidata_org/entity/Q8963492,Gardulla the Hutt
http://www_wikidata_org/entity/Q8963878,Gerard DuGalle
http://www_wikidata_org/entity/Q8965037,Green Ranger
http://www_wikidata_org/entity/Q897274,Stan
http://www_wikidata_org/entity/Q897891,Hathor
http://www_wikidata_org/entity/Q9001822,Hador of Gondor
http://www_wikidata_org/entity/Q90042778,Lúcio
http://www_wikidata_org/entity/Q90045895,Kaylynn Langerak
http://www_wikidata_org/entity/Q9008098,Impa
http://www_wikidata_org/entity/Q9010722,James Sirius Potter
http://www_wikidata_org/entity/Q901109,Eönwë
http://www_wikidata_org/entity/Q90138264,Cassidy
http://www_wikidata_org/entity/Q903781,Yig
http://www_wikidata_org/entity/Q904719,Aberforth Dumbledore
http://www_wikidata_org/entity/Q905002,Kamille Bidan
http://www_wikidata_org/entity/Q905108,Bright Noa
http://www_wikidata_org/entity/Q9053680,Owen Cauldwell
http://www_wikidata_org/entity/Q9058813,Petra
http://www_wikidata_org/entity/Q9071477,Princess Ruto
http://www_wikidata_org/entity/Q9072580,Saeros
http://www_wikidata_org/entity/Q907993,Jeremy Gilbert
http://www_wikidata_org/entity/Q9085880,Tennyo Masaki
http://www_wikidata_org/entity/Q908805,Natsumi Hinata
http://www_wikidata_org/entity/Q9094486,Q9094486
http://www_wikidata_org/entity/Q9095672,Wave the Swallow
http://www_wikidata_org/entity/Q9095915,White Ranger
http://www_wikidata_org/entity/Q9097579,Zasz
http://www_wikidata_org/entity/Q91019198,Clärchen
http://www_wikidata_org/entity/Q91022741,Kate Kane
http://www_wikidata_org/entity/Q910747,Li Jing
http://www_wikidata_org/entity/Q9108122,Tuvok
http://www_wikidata_org/entity/Q91148429,Humphry Clinker
http://www_wikidata_org/entity/Q911588,Brezenreiter
http://www_wikidata_org/entity/Q91243889,Alleria Windrunner
http://www_wikidata_org/entity/Q91252936,Alexstrasza
http://www_wikidata_org/entity/Q91253648,Maiev Shadowsong
http://www_wikidata_org/entity/Q91328757,Durotan
http://www_wikidata_org/entity/Q91337580,Ysera
http://www_wikidata_org/entity/Q913395,Crazy Frog
http://www_wikidata_org/entity/Q91371653,Lex Luthor
http://www_wikidata_org/entity/Q9137982,Abadonna
http://www_wikidata_org/entity/Q9144240,Q9144240
http://www_wikidata_org/entity/Q9144448,Q9144448
http://www_wikidata_org/entity/Q9144697,Q9144697
http://www_wikidata_org/entity/Q9148286,Q9148286
http://www_wikidata_org/entity/Q9149878,Q9149878
http://www_wikidata_org/entity/Q9154670,Aniela Dobrójska
http://www_wikidata_org/entity/Q9154726,Q9154726
http://www_wikidata_org/entity/Q915623,Brighella
http://www_wikidata_org/entity/Q9163298,Q9163298
http://www_wikidata_org/entity/Q9165263,Q9165263
http://www_wikidata_org/entity/Q91657753,Kil'jaeden
http://www_wikidata_org/entity/Q91658438,Kalecgos
http://www_wikidata_org/entity/Q91659217,Vereesa Windrunner
http://www_wikidata_org/entity/Q91660985,Kel'Thuzad
http://www_wikidata_org/entity/Q91665035,Muradin Barbabronzea
http://www_wikidata_org/entity/Q917583,Snegurochka
http://www_wikidata_org/entity/Q91762065,Mr_ Jennings
http://www_wikidata_org/entity/Q91767283,Creen
http://www_wikidata_org/entity/Q91768996,D_G_ Baley
http://www_wikidata_org/entity/Q91810967,Gideon
http://www_wikidata_org/entity/Q9184232,Cahir aep Ceallach
http://www_wikidata_org/entity/Q9184238,Caine
http://www_wikidata_org/entity/Q9190074,Chochoł (fictional character)
http://www_wikidata_org/entity/Q91911599,Vasilia Fastolfe
http://www_wikidata_org/entity/Q919407,wicked fairy godmother
http://www_wikidata_org/entity/Q919576,Wonder Girl
http://www_wikidata_org/entity/Q9197856,Dark Lady
http://www_wikidata_org/entity/Q9201845,Dara
http://www_wikidata_org/entity/Q920489,Dickie Duck
http://www_wikidata_org/entity/Q920877,Niënor Níniel
http://www_wikidata_org/entity/Q9210001,Donald Morgan
http://www_wikidata_org/entity/Q922567,Webby Vanderquack
http://www_wikidata_org/entity/Q9254199,Q9254199
http://www_wikidata_org/entity/Q9254887,Eric
http://www_wikidata_org/entity/Q9254973,Eskarina Smith
http://www_wikidata_org/entity/Q9254974,Eskel
http://www_wikidata_org/entity/Q9256678,Ewa Horeszkówna
http://www_wikidata_org/entity/Q9262066,Francesca Findabair
http://www_wikidata_org/entity/Q92731207,Alfred the Great
http://www_wikidata_org/entity/Q9274131,Q9274131
http://www_wikidata_org/entity/Q9276351,Grigorij Saakaszwili
http://www_wikidata_org/entity/Q928202,Joseph Rouletabille
http://www_wikidata_org/entity/Q928530,Bernardo del Carpio
http://www_wikidata_org/entity/Q928596,Salazar Slytherin
http://www_wikidata_org/entity/Q9287500,Q9287500
http://www_wikidata_org/entity/Q9288773,Henryk Szlangbaum
http://www_wikidata_org/entity/Q929345,Tatzelwurm
http://www_wikidata_org/entity/Q929855,Velma Dinkley
http://www_wikidata_org/entity/Q9299872,Eileen Prince
http://www_wikidata_org/entity/Q9300837,Kíli
http://www_wikidata_org/entity/Q9303124,Q9303124
http://www_wikidata_org/entity/Q9303924,Q9303924
http://www_wikidata_org/entity/Q9303983,Random
http://www_wikidata_org/entity/Q933436,Wu Gang
http://www_wikidata_org/entity/Q9347501,Sturfan Abnol
http://www_wikidata_org/entity/Q935079,SpongeBob SquarePants
http://www_wikidata_org/entity/Q9355891,Taura
http://www_wikidata_org/entity/Q935785,Russel Hobbs
http://www_wikidata_org/entity/Q93593927,Q93593927
http://www_wikidata_org/entity/Q936278,Imhotep
http://www_wikidata_org/entity/Q9363424,Ty’iga
http://www_wikidata_org/entity/Q9368466,Vesemir
http://www_wikidata_org/entity/Q9369761,Wacław Milczek
http://www_wikidata_org/entity/Q93720079,A2
http://www_wikidata_org/entity/Q937394,Thufir Hawat
http://www_wikidata_org/entity/Q937569,Dan Humphrey
http://www_wikidata_org/entity/Q9383380,Yarpen Zigrin
http://www_wikidata_org/entity/Q9384328,Aarne Niskavuori
http://www_wikidata_org/entity/Q93911717,Mrs_ Malaprop
http://www_wikidata_org/entity/Q9391948,Zoltan Chivay
http://www_wikidata_org/entity/Q939489,Benvolio
http://www_wikidata_org/entity/Q939694,Míriel
http://www_wikidata_org/entity/Q9397094,Q9397094
http://www_wikidata_org/entity/Q940279,Melusine
http://www_wikidata_org/entity/Q943048,Rick Deckard
http://www_wikidata_org/entity/Q9432092,Feng Ziying
http://www_wikidata_org/entity/Q944201,Alonso Quijano
http://www_wikidata_org/entity/Q944573,Robbie Robertson
http://www_wikidata_org/entity/Q945094,Lowbacca
http://www_wikidata_org/entity/Q945855,John Steele
http://www_wikidata_org/entity/Q94607299,Nastasya Korobochka
http://www_wikidata_org/entity/Q94607901,Adrian Mole
http://www_wikidata_org/entity/Q946737,Gina Russo
http://www_wikidata_org/entity/Q946762,Joulupukki
http://www_wikidata_org/entity/Q949917,Marvin the Martian
http://www_wikidata_org/entity/Q950895,Dormouse
http://www_wikidata_org/entity/Q952352,Michigan J_ Frog
http://www_wikidata_org/entity/Q95284660,Doopliss
http://www_wikidata_org/entity/Q959519,Trillian
http://www_wikidata_org/entity/Q96067515,Melfina
http://www_wikidata_org/entity/Q96097910,Sonnie
http://www_wikidata_org/entity/Q96098091,Michael Perez
http://www_wikidata_org/entity/Q9617281,Anthony Goldstein
http://www_wikidata_org/entity/Q9617362,Anti-Venom
http://www_wikidata_org/entity/Q96197252,Don Lothario
http://www_wikidata_org/entity/Q96266401,Ajit Bandyopadhyay
http://www_wikidata_org/entity/Q96286709,king
http://www_wikidata_org/entity/Q9631186,Artemisia Lufkin
http://www_wikidata_org/entity/Q96313340,Toreth
http://www_wikidata_org/entity/Q96313366,N'Vek
http://www_wikidata_org/entity/Q96313680,Nero
http://www_wikidata_org/entity/Q963359,Sandrone
http://www_wikidata_org/entity/Q963492,Nanny Ogg
http://www_wikidata_org/entity/Q9640654,Avery
http://www_wikidata_org/entity/Q96419263,Roku
http://www_wikidata_org/entity/Q965128,Owen Hunt
http://www_wikidata_org/entity/Q965213,Mona Sax
http://www_wikidata_org/entity/Q965855,Judge Soplica
http://www_wikidata_org/entity/Q9659949,Bob Ogden
http://www_wikidata_org/entity/Q96625589,Emilia Ridderfjel'ls father
http://www_wikidata_org/entity/Q96625590,Emilia Ridderfjell's mother
http://www_wikidata_org/entity/Q96625648,Ragnar Blixt
http://www_wikidata_org/entity/Q96625794,Jennifer Blomberg
http://www_wikidata_org/entity/Q96625796,Alfred Panatta
http://www_wikidata_org/entity/Q96746067,Automated repair station
http://www_wikidata_org/entity/Q96747904,Runt
http://www_wikidata_org/entity/Q96748168,Pig
http://www_wikidata_org/entity/Q96748260,Thomas Magill
http://www_wikidata_org/entity/Q96748416,1
http://www_wikidata_org/entity/Q96748439,2
http://www_wikidata_org/entity/Q96748453,3
http://www_wikidata_org/entity/Q967494,Thing
http://www_wikidata_org/entity/Q968181,Zangief
http://www_wikidata_org/entity/Q96950918,A_L_I_E_
http://www_wikidata_org/entity/Q9697403,Carlos da Maia
http://www_wikidata_org/entity/Q969746,Buck Rogers
http://www_wikidata_org/entity/Q97016491,Dee Dee Skyes
http://www_wikidata_org/entity/Q9703083,Cassandra Trelawney
http://www_wikidata_org/entity/Q9712797,Zhui'er
http://www_wikidata_org/entity/Q97156756,Beatrice
http://www_wikidata_org/entity/Q97183639,Keyakky
http://www_wikidata_org/entity/Q97190288,Cuca de la Mola
http://www_wikidata_org/entity/Q97208669,Gelmir
http://www_wikidata_org/entity/Q97264390,Shulker
http://www_wikidata_org/entity/Q97310464,Q97310464
http://www_wikidata_org/entity/Q97325108,Bugcat Capoo
http://www_wikidata_org/entity/Q97347178,Q97347178
http://www_wikidata_org/entity/Q97361966,Yato
http://www_wikidata_org/entity/Q97376576,Q97376576
http://www_wikidata_org/entity/Q97382500,Tobin Dax
http://www_wikidata_org/entity/Q97460799,Akorem Laan
http://www_wikidata_org/entity/Q975100,Nick Fury
http://www_wikidata_org/entity/Q97544602,Q97544602
http://www_wikidata_org/entity/Q97649192,Saki Kawasaki
http://www_wikidata_org/entity/Q97657351,Keika Kawasaki
http://www_wikidata_org/entity/Q97662295,Q97662295
http://www_wikidata_org/entity/Q97667530,Junko Enoshima
http://www_wikidata_org/entity/Q978157,Lybid
http://www_wikidata_org/entity/Q97818949,Ghroth
http://www_wikidata_org/entity/Q97840673,Kofuku
http://www_wikidata_org/entity/Q978786,Microchip
http://www_wikidata_org/entity/Q978952,Prospero
http://www_wikidata_org/entity/Q98002984,Q98002984
http://www_wikidata_org/entity/Q98238752,Regina Giddens
http://www_wikidata_org/entity/Q98239013,Birdie Hubbard
http://www_wikidata_org/entity/Q98239134,Horace Giddens
http://www_wikidata_org/entity/Q98239175,William Marshall
http://www_wikidata_org/entity/Q98239271,Benjamin Hubbard
http://www_wikidata_org/entity/Q98239422,Leo Hubbard
http://www_wikidata_org/entity/Q98239532,Cal
http://www_wikidata_org/entity/Q98239608,Addie
http://www_wikidata_org/entity/Q98239733,Oscar Hubbard
http://www_wikidata_org/entity/Q98239923,Alexandra Giddens
http://www_wikidata_org/entity/Q98312780,Emilia
http://www_wikidata_org/entity/Q9851777,Conner Kent
http://www_wikidata_org/entity/Q985681,XXXG-01D Gundam Deathscythe
http://www_wikidata_org/entity/Q985868,RX-93 ν Gundam
http://www_wikidata_org/entity/Q986186,ZGMF-X13A Providence Gundam
http://www_wikidata_org/entity/Q98655220,Ulla-Lena Frid
http://www_wikidata_org/entity/Q986558,Glóredhel
http://www_wikidata_org/entity/Q986610,Dáin I
http://www_wikidata_org/entity/Q98663162,Arvin Green
http://www_wikidata_org/entity/Q98684529,Pyotr Grinyov
http://www_wikidata_org/entity/Q98690664,Alfonsin Perez
http://www_wikidata_org/entity/Q987330,GAT-X370 Raider Gundam
http://www_wikidata_org/entity/Q987335,Belwar Dissengulp
http://www_wikidata_org/entity/Q987803,niphredil
http://www_wikidata_org/entity/Q98801419,Raczidian
http://www_wikidata_org/entity/Q98948265,Monsieur Dimanche
http://www_wikidata_org/entity/Q98964598,Wither
http://www_wikidata_org/entity/Q99198741,Badgey
http://www_wikidata_org/entity/Q99213497,Inna Adolfivna Serdiuk
http://www_wikidata_org/entity/Q992177,Q992177
http://www_wikidata_org/entity/Q99304626,Calvin Sylveste
http://www_wikidata_org/entity/Q99573613,Cornelia
http://www_wikidata_org/entity/Q99694929,Cendrea
http://www_wikidata_org/entity/Q997646,Hikaru Genji
http://www_wikidata_org/entity/Q99766200,Maxwell
http://www_wikidata_org/entity/Q99772982,Junketsu
http://www_wikidata_org/entity/Q99932354,Nakamura
http://www_wikidata_org/entity/Q99951545,John
http://www_wikidata_org/entity/Q99951549,Marsha
http://www_wikidata_org/entity/Q99954349,Cyclop
http://www_wikidata_org/entity/Q99969320,Rosebud
http://www_wikidata_org/entity/Q99972098,Cheezy
http://www_wikidata_org/entity/Q99972107,Sleazy
http://www_wikidata_org/entity/Q99974055,Gallopolis Turtlelopolis
http://www_wikidata_org/entity/Q99975965,Tu-Tu Karmen
